2025-09-01T10:26:14.282Z 	 info: Azurite Blob service is starting on 127.0.0.1:10000
2025-09-01T10:26:14.287Z 	 info: AccountDataStore:init() Refresh accounts from environment variable AZURITE_ACCOUNTS with value undefined
2025-09-01T10:26:14.287Z 	 info: AccountDataStore:init() Fallback to default emulator account devstoreaccount1.
2025-09-01T10:26:14.312Z 	 info: BlobGCManager:start() Starting BlobGCManager. Set status to Initializing.
2025-09-01T10:26:14.312Z 	 info: BlobGCManager:start() Trigger mark and sweep loop. Set status to Running.
2025-09-01T10:26:14.312Z 	 info: BlobGCManager:markSweepLoop() Start next mark and sweep.
2025-09-01T10:26:14.312Z 	 info: BlobGCManager:markSweep() Get all extents.
2025-09-01T10:26:14.313Z 	 info: BlobGCManager:start() BlobGCManager successfully started.
2025-09-01T10:26:14.333Z 	 info: BlobGCManager:markSweep() Got 0 extents.
2025-09-01T10:26:14.333Z 	 info: BlobGCManager:markSweep() Get referred extents.
2025-09-01T10:26:14.334Z 	 info: BlobGCManager:markSweep() Got referred extents, unreferenced extents count is 0.
2025-09-01T10:26:14.334Z 	 info: BlobGCManager:markSweepLoop() Mark and sweep finished, taken 22ms.
2025-09-01T10:26:14.334Z 	 info: BlobGCManager:markSweepLoop() Sleep for 600000ms.
2025-09-01T10:26:14.338Z 	 info: Azurite Blob service successfully listens on http://127.0.0.1:10000
2025-09-01T10:26:14.338Z 	 info: Azurite Queue service is starting on 127.0.0.1:10001
2025-09-01T10:26:14.338Z 	 info: AccountDataStore:init() Refresh accounts from environment variable AZURITE_ACCOUNTS with value undefined
2025-09-01T10:26:14.338Z 	 info: AccountDataStore:init() Fallback to default emulator account devstoreaccount1.
2025-09-01T10:26:14.372Z 	 info: QueueGCManager:start() Starting QueueGCManager, set status to Initializing
2025-09-01T10:26:14.372Z 	 info: QueueGCManager:start() Trigger mark and sweep loop, set status to Running.
2025-09-01T10:26:14.372Z 	 info: QueueGCManager:markSweepLoop() Start new mark and sweep.
2025-09-01T10:26:14.373Z 	 info: QueueGCManger:markSweep() Get all extents.
2025-09-01T10:26:14.373Z 	 info: QueueGCManager:start() QueueGCManager successfully started.
2025-09-01T10:26:14.373Z 	 info: QueueGCManager:marksweep() Get 0 extents.
2025-09-01T10:26:14.373Z 	 info: QueueGCManager:markSweep() Get referred extents, then remove from allExtents.
2025-09-01T10:26:14.373Z 	 info: QueueGCManager:markSweep() Got referred extents, unreferenced extents count is 0.
2025-09-01T10:26:14.373Z 	 info: QueueGCManager:markSweepLoop() Mark and sweep finished, take 1ms.
2025-09-01T10:26:14.373Z 	 info: QueueGCManager:markSweepLoop() Sleep for 60000
2025-09-01T10:26:14.376Z 	 info: Azurite Queue service successfully listens on http://127.0.0.1:10001
2025-09-01T10:26:14.377Z 	 info: Azurite Table service is starting on 127.0.0.1:10002
2025-09-01T10:26:14.377Z 	 info: AccountDataStore:init() Refresh accounts from environment variable AZURITE_ACCOUNTS with value undefined
2025-09-01T10:26:14.377Z 	 info: AccountDataStore:init() Fallback to default emulator account devstoreaccount1.
2025-09-01T10:26:14.388Z 	 info: Azurite Table service successfully listens on http://127.0.0.1:10002
2025-09-01T10:26:14.390Z 	 info: InstaceID b0ddf82b-a0ad-4486-b5c9-e401987ac889, SessionID 13a0b737-a2ca-48f9-920f-2a62217ac3fa.
2025-09-01T10:26:14.992Z 	 info: Telemetry initialize successfully.
2025-09-01T10:26:14.995Z 	 verbose: Send start telemetry
2025-09-01T10:27:14.296Z 	 info: AccountDataStore:init() Refresh accounts from environment variable AZURITE_ACCOUNTS with value undefined
2025-09-01T10:27:14.296Z 	 info: AccountDataStore:init() Fallback to default emulator account devstoreaccount1.
2025-09-01T10:27:14.343Z 	 info: AccountDataStore:init() Refresh accounts from environment variable AZURITE_ACCOUNTS with value undefined
2025-09-01T10:27:14.343Z 	 info: AccountDataStore:init() Fallback to default emulator account devstoreaccount1.
2025-09-01T10:27:14.375Z 	 info: QueueGCManager:markSweepLoop() Start new mark and sweep.
2025-09-01T10:27:14.375Z 	 info: QueueGCManger:markSweep() Get all extents.
2025-09-01T10:27:14.375Z 	 info: QueueGCManager:marksweep() Get 0 extents.
2025-09-01T10:27:14.375Z 	 info: QueueGCManager:markSweep() Get referred extents, then remove from allExtents.
2025-09-01T10:27:14.375Z 	 info: QueueGCManager:markSweep() Got referred extents, unreferenced extents count is 0.
2025-09-01T10:27:14.375Z 	 info: QueueGCManager:markSweepLoop() Mark and sweep finished, take 0ms.
2025-09-01T10:27:14.375Z 	 info: QueueGCManager:markSweepLoop() Sleep for 60000
2025-09-01T10:27:14.391Z 	 info: AccountDataStore:init() Refresh accounts from environment variable AZURITE_ACCOUNTS with value undefined
2025-09-01T10:27:14.391Z 	 info: AccountDataStore:init() Fallback to default emulator account devstoreaccount1.
2025-09-01T10:28:14.307Z 	 info: AccountDataStore:init() Refresh accounts from environment variable AZURITE_ACCOUNTS with value undefined
2025-09-01T10:28:14.307Z 	 info: AccountDataStore:init() Fallback to default emulator account devstoreaccount1.
2025-09-01T10:28:14.353Z 	 info: AccountDataStore:init() Refresh accounts from environment variable AZURITE_ACCOUNTS with value undefined
2025-09-01T10:28:14.353Z 	 info: AccountDataStore:init() Fallback to default emulator account devstoreaccount1.
2025-09-01T10:28:14.384Z 	 info: QueueGCManager:markSweepLoop() Start new mark and sweep.
2025-09-01T10:28:14.384Z 	 info: QueueGCManger:markSweep() Get all extents.
2025-09-01T10:28:14.384Z 	 info: QueueGCManager:marksweep() Get 0 extents.
2025-09-01T10:28:14.384Z 	 info: QueueGCManager:markSweep() Get referred extents, then remove from allExtents.
2025-09-01T10:28:14.384Z 	 info: QueueGCManager:markSweep() Got referred extents, unreferenced extents count is 0.
2025-09-01T10:28:14.384Z 	 info: QueueGCManager:markSweepLoop() Mark and sweep finished, take 0ms.
2025-09-01T10:28:14.384Z 	 info: QueueGCManager:markSweepLoop() Sleep for 60000
2025-09-01T10:28:14.400Z 	 info: AccountDataStore:init() Refresh accounts from environment variable AZURITE_ACCOUNTS with value undefined
2025-09-01T10:28:14.400Z 	 info: AccountDataStore:init() Fallback to default emulator account devstoreaccount1.
2025-09-01T10:29:14.314Z 	 info: AccountDataStore:init() Refresh accounts from environment variable AZURITE_ACCOUNTS with value undefined
2025-09-01T10:29:14.314Z 	 info: AccountDataStore:init() Fallback to default emulator account devstoreaccount1.
2025-09-01T10:29:14.360Z 	 info: AccountDataStore:init() Refresh accounts from environment variable AZURITE_ACCOUNTS with value undefined
2025-09-01T10:29:14.360Z 	 info: AccountDataStore:init() Fallback to default emulator account devstoreaccount1.
2025-09-01T10:29:14.392Z 	 info: QueueGCManager:markSweepLoop() Start new mark and sweep.
2025-09-01T10:29:14.392Z 	 info: QueueGCManger:markSweep() Get all extents.
2025-09-01T10:29:14.392Z 	 info: QueueGCManager:marksweep() Get 0 extents.
2025-09-01T10:29:14.392Z 	 info: QueueGCManager:markSweep() Get referred extents, then remove from allExtents.
2025-09-01T10:29:14.392Z 	 info: QueueGCManager:markSweep() Got referred extents, unreferenced extents count is 0.
2025-09-01T10:29:14.392Z 	 info: QueueGCManager:markSweepLoop() Mark and sweep finished, take 0ms.
2025-09-01T10:29:14.392Z 	 info: QueueGCManager:markSweepLoop() Sleep for 60000
2025-09-01T10:29:14.408Z 	 info: AccountDataStore:init() Refresh accounts from environment variable AZURITE_ACCOUNTS with value undefined
2025-09-01T10:29:14.408Z 	 info: AccountDataStore:init() Fallback to default emulator account devstoreaccount1.
2025-09-01T10:30:14.323Z 	 info: AccountDataStore:init() Refresh accounts from environment variable AZURITE_ACCOUNTS with value undefined
2025-09-01T10:30:14.323Z 	 info: AccountDataStore:init() Fallback to default emulator account devstoreaccount1.
2025-09-01T10:30:14.369Z 	 info: AccountDataStore:init() Refresh accounts from environment variable AZURITE_ACCOUNTS with value undefined
2025-09-01T10:30:14.369Z 	 info: AccountDataStore:init() Fallback to default emulator account devstoreaccount1.
2025-09-01T10:30:14.400Z 	 info: QueueGCManager:markSweepLoop() Start new mark and sweep.
2025-09-01T10:30:14.401Z 	 info: QueueGCManger:markSweep() Get all extents.
2025-09-01T10:30:14.401Z 	 info: QueueGCManager:marksweep() Get 0 extents.
2025-09-01T10:30:14.401Z 	 info: QueueGCManager:markSweep() Get referred extents, then remove from allExtents.
2025-09-01T10:30:14.401Z 	 info: QueueGCManager:markSweep() Got referred extents, unreferenced extents count is 0.
2025-09-01T10:30:14.401Z 	 info: QueueGCManager:markSweepLoop() Mark and sweep finished, take 0ms.
2025-09-01T10:30:14.401Z 	 info: QueueGCManager:markSweepLoop() Sleep for 60000
2025-09-01T10:30:14.416Z 	 info: AccountDataStore:init() Refresh accounts from environment variable AZURITE_ACCOUNTS with value undefined
2025-09-01T10:30:14.416Z 	 info: AccountDataStore:init() Fallback to default emulator account devstoreaccount1.
2025-09-01T10:31:14.335Z 	 info: AccountDataStore:init() Refresh accounts from environment variable AZURITE_ACCOUNTS with value undefined
2025-09-01T10:31:14.335Z 	 info: AccountDataStore:init() Fallback to default emulator account devstoreaccount1.
2025-09-01T10:31:14.381Z 	 info: AccountDataStore:init() Refresh accounts from environment variable AZURITE_ACCOUNTS with value undefined
2025-09-01T10:31:14.381Z 	 info: AccountDataStore:init() Fallback to default emulator account devstoreaccount1.
2025-09-01T10:31:14.413Z 	 info: QueueGCManager:markSweepLoop() Start new mark and sweep.
2025-09-01T10:31:14.413Z 	 info: QueueGCManger:markSweep() Get all extents.
2025-09-01T10:31:14.413Z 	 info: QueueGCManager:marksweep() Get 0 extents.
2025-09-01T10:31:14.413Z 	 info: QueueGCManager:markSweep() Get referred extents, then remove from allExtents.
2025-09-01T10:31:14.413Z 	 info: QueueGCManager:markSweep() Got referred extents, unreferenced extents count is 0.
2025-09-01T10:31:14.413Z 	 info: QueueGCManager:markSweepLoop() Mark and sweep finished, take 0ms.
2025-09-01T10:31:14.413Z 	 info: QueueGCManager:markSweepLoop() Sleep for 60000
2025-09-01T10:31:14.428Z 	 info: AccountDataStore:init() Refresh accounts from environment variable AZURITE_ACCOUNTS with value undefined
2025-09-01T10:31:14.429Z 	 info: AccountDataStore:init() Fallback to default emulator account devstoreaccount1.
2025-09-01T10:31:53.382Z e05c5558-69cd-4062-9554-de5c8b1b296d info: BlobStorageContextMiddleware: RequestMethod=PUT RequestURL=http://127.0.0.1/devstoreaccount1/ctq-docs?restype=container RequestHeaders:{"x-ms-version":"2025-07-05","accept":"application/xml","x-ms-blob-public-access":"container","user-agent":"azsdk-js-azure-storage-blob/12.28.0 core-rest-pipeline/1.22.0 Node/22.18.0 OS/(x64-Windows_NT-10.0.26100)","x-ms-client-request-id":"d8ac162a-901e-4315-910b-89e30fd20c4f","x-ms-date":"Mon, 01 Sep 2025 10:31:53 GMT","authorization":"SharedKey devstoreaccount1:wLSiJ4n3GERNL/ZY4ePVh5mlSo+43LhLjG0LWNw96Ug=","host":"127.0.0.1:10000","connection":"keep-alive","content-length":"0"} ClientIP=127.0.0.1 Protocol=http HTTPVersion=1.1
2025-09-01T10:31:53.383Z e05c5558-69cd-4062-9554-de5c8b1b296d info: BlobStorageContextMiddleware: Account=devstoreaccount1 Container=ctq-docs Blob=
2025-09-01T10:31:53.383Z e05c5558-69cd-4062-9554-de5c8b1b296d verbose: DispatchMiddleware: Dispatching request...
2025-09-01T10:31:53.385Z e05c5558-69cd-4062-9554-de5c8b1b296d info: DispatchMiddleware: Operation=Container_Create
2025-09-01T10:31:53.386Z e05c5558-69cd-4062-9554-de5c8b1b296d verbose: AuthenticationMiddlewareFactory:createAuthenticationMiddleware() Validating authentications.
2025-09-01T10:31:53.386Z e05c5558-69cd-4062-9554-de5c8b1b296d info: PublicAccessAuthenticator:validate() Start validation against public access.
2025-09-01T10:31:53.386Z e05c5558-69cd-4062-9554-de5c8b1b296d debug: PublicAccessAuthenticator:validate() Getting account properties...
2025-09-01T10:31:53.386Z e05c5558-69cd-4062-9554-de5c8b1b296d debug: PublicAccessAuthenticator:validate() Retrieved account name from context: devstoreaccount1, container: ctq-docs, blob: 
2025-09-01T10:31:53.410Z e05c5558-69cd-4062-9554-de5c8b1b296d debug: PublicAccessAuthenticator:validate() Skip public access authentication. Cannot get public access type for container ctq-docs
2025-09-01T10:31:53.410Z e05c5558-69cd-4062-9554-de5c8b1b296d info: BlobSharedKeyAuthenticator:validate() Start validation against account shared key authentication.
2025-09-01T10:31:53.417Z e05c5558-69cd-4062-9554-de5c8b1b296d info: BlobSharedKeyAuthenticator:validate() [STRING TO SIGN]:"PUT\n\n\n\n\n\n\n\n\n\n\n\nx-ms-blob-public-access:container\nx-ms-client-request-id:d8ac162a-901e-4315-910b-89e30fd20c4f\nx-ms-date:Mon, 01 Sep 2025 10:31:53 GMT\nx-ms-version:2025-07-05\n/devstoreaccount1/devstoreaccount1/ctq-docs\nrestype:container"
2025-09-01T10:31:53.418Z e05c5558-69cd-4062-9554-de5c8b1b296d info: BlobSharedKeyAuthenticator:validate() Calculated authentication header based on key1: SharedKey devstoreaccount1:wLSiJ4n3GERNL/ZY4ePVh5mlSo+43LhLjG0LWNw96Ug=
2025-09-01T10:31:53.418Z e05c5558-69cd-4062-9554-de5c8b1b296d info: BlobSharedKeyAuthenticator:validate() Signature 1 matched.
2025-09-01T10:31:53.418Z e05c5558-69cd-4062-9554-de5c8b1b296d verbose: DeserializerMiddleware: Start deserializing...
2025-09-01T10:31:53.419Z e05c5558-69cd-4062-9554-de5c8b1b296d info: HandlerMiddleware: DeserializedParameters={"options":{"metadata":{},"access":"container","requestId":"d8ac162a-901e-4315-910b-89e30fd20c4f","containerCpkScopeInfo":{}},"restype":"container","version":"2025-07-05"}
2025-09-01T10:31:53.420Z e05c5558-69cd-4062-9554-de5c8b1b296d verbose: SerializerMiddleware: Start serializing...
2025-09-01T10:31:53.421Z e05c5558-69cd-4062-9554-de5c8b1b296d verbose: Send Blob telemetry: B_Container_Create
2025-09-01T10:31:53.421Z e05c5558-69cd-4062-9554-de5c8b1b296d info: EndMiddleware: End response. TotalTimeInMS=39 StatusCode=201 StatusMessage=undefined Headers={"server":"Azurite-Blob/3.35.0","etag":"\"0x1EC582064B5EC70\"","last-modified":"Mon, 01 Sep 2025 10:31:53 GMT","x-ms-client-request-id":"d8ac162a-901e-4315-910b-89e30fd20c4f","x-ms-request-id":"e05c5558-69cd-4062-9554-de5c8b1b296d","x-ms-version":"2025-11-05"}
2025-09-01T10:31:53.444Z 4a7cc401-d903-46a1-927d-519517f180f5 info: BlobStorageContextMiddleware: RequestMethod=PUT RequestURL=http://127.0.0.1/devstoreaccount1/ctq-docs/welding/20036753---MESH.pdf RequestHeaders:{"content-type":"application/octet-stream","x-ms-version":"2025-07-05","content-length":"1533018","x-ms-blob-content-type":"application/pdf","accept":"application/xml","x-ms-blob-type":"BlockBlob","user-agent":"azsdk-js-azure-storage-blob/12.28.0 core-rest-pipeline/1.22.0 Node/22.18.0 OS/(x64-Windows_NT-10.0.26100)","x-ms-client-request-id":"70b3f34e-5539-4d41-aed6-32ed5546f6fd","x-ms-date":"Mon, 01 Sep 2025 10:31:53 GMT","authorization":"SharedKey devstoreaccount1:j/JtRkyBiVej4R8clyGGqleeVOrWbbBFaeLCK9h4i4k=","host":"127.0.0.1:10000","connection":"keep-alive"} ClientIP=127.0.0.1 Protocol=http HTTPVersion=1.1
2025-09-01T10:31:53.444Z 4a7cc401-d903-46a1-927d-519517f180f5 info: BlobStorageContextMiddleware: Account=devstoreaccount1 Container=ctq-docs Blob=welding/20036753---MESH.pdf
2025-09-01T10:31:53.444Z 4a7cc401-d903-46a1-927d-519517f180f5 verbose: DispatchMiddleware: Dispatching request...
2025-09-01T10:31:53.444Z 4a7cc401-d903-46a1-927d-519517f180f5 info: DispatchMiddleware: Operation=BlockBlob_Upload
2025-09-01T10:31:53.444Z 4a7cc401-d903-46a1-927d-519517f180f5 verbose: AuthenticationMiddlewareFactory:createAuthenticationMiddleware() Validating authentications.
2025-09-01T10:31:53.444Z 4a7cc401-d903-46a1-927d-519517f180f5 info: PublicAccessAuthenticator:validate() Start validation against public access.
2025-09-01T10:31:53.445Z 4a7cc401-d903-46a1-927d-519517f180f5 debug: PublicAccessAuthenticator:validate() Getting account properties...
2025-09-01T10:31:53.445Z 4a7cc401-d903-46a1-927d-519517f180f5 debug: PublicAccessAuthenticator:validate() Retrieved account name from context: devstoreaccount1, container: ctq-docs, blob: welding/20036753---MESH.pdf
2025-09-01T10:31:53.445Z 4a7cc401-d903-46a1-927d-519517f180f5 debug: PublicAccessAuthenticator:validate() Public access type for container ctq-docs is "container"
2025-09-01T10:31:53.445Z 4a7cc401-d903-46a1-927d-519517f180f5 debug: PublicAccessAuthenticator:validate() Operation BlockBlob_Upload is not in container neither blob level public access list. Validation failed.
2025-09-01T10:31:53.445Z 4a7cc401-d903-46a1-927d-519517f180f5 info: BlobSharedKeyAuthenticator:validate() Start validation against account shared key authentication.
2025-09-01T10:31:53.446Z 4a7cc401-d903-46a1-927d-519517f180f5 info: BlobSharedKeyAuthenticator:validate() [STRING TO SIGN]:"PUT\n\n\n1533018\n\napplication/octet-stream\n\n\n\n\n\n\nx-ms-blob-content-type:application/pdf\nx-ms-blob-type:BlockBlob\nx-ms-client-request-id:70b3f34e-5539-4d41-aed6-32ed5546f6fd\nx-ms-date:Mon, 01 Sep 2025 10:31:53 GMT\nx-ms-version:2025-07-05\n/devstoreaccount1/devstoreaccount1/ctq-docs/welding/20036753---MESH.pdf"
2025-09-01T10:31:53.446Z 4a7cc401-d903-46a1-927d-519517f180f5 info: BlobSharedKeyAuthenticator:validate() Calculated authentication header based on key1: SharedKey devstoreaccount1:j/JtRkyBiVej4R8clyGGqleeVOrWbbBFaeLCK9h4i4k=
2025-09-01T10:31:53.446Z 4a7cc401-d903-46a1-927d-519517f180f5 info: BlobSharedKeyAuthenticator:validate() Signature 1 matched.
2025-09-01T10:31:53.446Z 4a7cc401-d903-46a1-927d-519517f180f5 verbose: DeserializerMiddleware: Start deserializing...
2025-09-01T10:31:53.446Z 4a7cc401-d903-46a1-927d-519517f180f5 info: HandlerMiddleware: DeserializedParameters={"options":{"metadata":{},"requestId":"70b3f34e-5539-4d41-aed6-32ed5546f6fd","blobHTTPHeaders":{"blobContentType":"application/pdf"},"leaseAccessConditions":{},"cpkInfo":{},"cpkScopeInfo":{},"modifiedAccessConditions":{}},"contentLength":1533018,"version":"2025-07-05","blobType":"BlockBlob","body":"ReadableStream"}
2025-09-01T10:31:53.446Z 4a7cc401-d903-46a1-927d-519517f180f5 debug: OperationQueue.operate() Schedule incoming job a6ea6b05-9f4c-4671-8e8d-c2f1dab62152
2025-09-01T10:31:53.446Z 4a7cc401-d903-46a1-927d-519517f180f5 debug: OperationQueue:execute() Current runningConcurrency:0 maxConcurrency:50 operations.length:1
2025-09-01T10:31:53.447Z 4a7cc401-d903-46a1-927d-519517f180f5 info: FSExtentStore:appendExtent() Select extent from idle location for extent append operation. LocationId:1 extentId:4e550bc3-1e62-43e4-9d3d-6ba2361db643 offset:0 MAX_EXTENT_SIZE:67108864 
2025-09-01T10:31:53.447Z 4a7cc401-d903-46a1-927d-519517f180f5 debug: FSExtentStore:appendExtent() Get fd:undefined for extent:4e550bc3-1e62-43e4-9d3d-6ba2361db643 from cache.
2025-09-01T10:31:53.448Z 4a7cc401-d903-46a1-927d-519517f180f5 debug: FSExtentStore:appendExtent() Open file:azurite\__blobstorage__\4e550bc3-1e62-43e4-9d3d-6ba2361db643 for extent:4e550bc3-1e62-43e4-9d3d-6ba2361db643, get new fd:4
2025-09-01T10:31:53.448Z 4a7cc401-d903-46a1-927d-519517f180f5 debug: FSExtentStore:appendExtent() Created write stream for fd:4
2025-09-01T10:31:53.448Z 4a7cc401-d903-46a1-927d-519517f180f5 debug: FSExtentStore:appendExtent() Start writing to extent 4e550bc3-1e62-43e4-9d3d-6ba2361db643
2025-09-01T10:31:53.448Z 4a7cc401-d903-46a1-927d-519517f180f5 debug: FSExtentStore:streamPipe() Start piping data to write stream
2025-09-01T10:31:53.471Z 4a7cc401-d903-46a1-927d-519517f180f5 debug: FSExtentStore:streamPipe() Readable stream triggers close event, 1533018 bytes piped
2025-09-01T10:31:53.471Z 4a7cc401-d903-46a1-927d-519517f180f5 debug: FSExtentStore:streamPipe() Invoke write stream end()
2025-09-01T10:31:53.471Z 4a7cc401-d903-46a1-927d-519517f180f5 debug: FSExtentStore:streamPipe() Readable stream triggers close event, 1533018 bytes piped
2025-09-01T10:31:53.471Z 4a7cc401-d903-46a1-927d-519517f180f5 debug: FSExtentStore:streamPipe() Writable stream triggers finish event, after 1533018 bytes piped. Flush data to fd:4.
2025-09-01T10:31:53.476Z 4a7cc401-d903-46a1-927d-519517f180f5 debug: FSExtentStore:streamPipe() Flush data to fd:4 successfully. Resolve streamPipe().
2025-09-01T10:31:53.477Z 4a7cc401-d903-46a1-927d-519517f180f5 debug: FSExtentStore:appendExtent() Write finish, start updating extent metadata. extent:{"id":"4e550bc3-1e62-43e4-9d3d-6ba2361db643","locationId":"Default","path":"4e550bc3-1e62-43e4-9d3d-6ba2361db643","size":1533018,"lastModifiedInMS":1756722713477}
2025-09-01T10:31:53.477Z 4a7cc401-d903-46a1-927d-519517f180f5 debug: FSExtentStore:appendExtent() Update extent metadata done. Resolve()
2025-09-01T10:31:53.477Z 4a7cc401-d903-46a1-927d-519517f180f5 debug: OperationQueue.operate() Job a6ea6b05-9f4c-4671-8e8d-c2f1dab62152 completes callback, resolve.
2025-09-01T10:31:53.477Z 4a7cc401-d903-46a1-927d-519517f180f5 debug: OperationQueue.operate() Schedule incoming job c08d9972-3039-4e03-a7aa-6f2285735392
2025-09-01T10:31:53.477Z 4a7cc401-d903-46a1-927d-519517f180f5 debug: OperationQueue:execute() Current runningConcurrency:0 maxConcurrency:100 operations.length:1
2025-09-01T10:31:53.477Z 4a7cc401-d903-46a1-927d-519517f180f5 verbose: FSExtentStore:readExtent() Creating read stream. LocationId:Default extentId:4e550bc3-1e62-43e4-9d3d-6ba2361db643 path:azurite\__blobstorage__\4e550bc3-1e62-43e4-9d3d-6ba2361db643 offset:0 count:1533018 end:1533017
2025-09-01T10:31:53.477Z 4a7cc401-d903-46a1-927d-519517f180f5 debug: OperationQueue.operate() Job c08d9972-3039-4e03-a7aa-6f2285735392 completes callback, resolve.
2025-09-01T10:31:53.477Z 4a7cc401-d903-46a1-927d-519517f180f5 debug: OperationQueue:execute() Current runningConcurrency:0 maxConcurrency:50 operations.length:0
2025-09-01T10:31:53.477Z 4a7cc401-d903-46a1-927d-519517f180f5 debug: OperationQueue:execute() return. Operation.length === 0
2025-09-01T10:31:53.477Z 4a7cc401-d903-46a1-927d-519517f180f5 debug: OperationQueue:execute() Current runningConcurrency:0 maxConcurrency:100 operations.length:0
2025-09-01T10:31:53.477Z 4a7cc401-d903-46a1-927d-519517f180f5 debug: OperationQueue:execute() return. Operation.length === 0
2025-09-01T10:31:53.507Z 4a7cc401-d903-46a1-927d-519517f180f5 verbose: SerializerMiddleware: Start serializing...
2025-09-01T10:31:53.507Z 4a7cc401-d903-46a1-927d-519517f180f5 verbose: Send Blob telemetry: B_BlockBlob_Upload
2025-09-01T10:31:53.507Z 4a7cc401-d903-46a1-927d-519517f180f5 info: EndMiddleware: End response. TotalTimeInMS=63 StatusCode=201 StatusMessage=undefined Headers={"server":"Azurite-Blob/3.35.0","etag":"\"0x251D337625B8720\"","last-modified":"Mon, 01 Sep 2025 10:31:53 GMT","content-md5":"m1BO+2mHKqPIh66dtQOQfA==","x-ms-client-request-id":"70b3f34e-5539-4d41-aed6-32ed5546f6fd","x-ms-request-id":"4a7cc401-d903-46a1-927d-519517f180f5","x-ms-version":"2025-11-05","date":"Mon, 01 Sep 2025 10:31:53 GMT","x-ms-request-server-encrypted":"true"}
2025-09-01T10:31:53.508Z 4a7cc401-d903-46a1-927d-519517f180f5 verbose: FSExtentStore:readExtent() Read stream closed. LocationId:Default extentId:4e550bc3-1e62-43e4-9d3d-6ba2361db643 path:azurite\__blobstorage__\4e550bc3-1e62-43e4-9d3d-6ba2361db643 offset:0 count:1533018 end:1533017
2025-09-01T10:32:14.347Z 	 info: AccountDataStore:init() Refresh accounts from environment variable AZURITE_ACCOUNTS with value undefined
2025-09-01T10:32:14.347Z 	 info: AccountDataStore:init() Fallback to default emulator account devstoreaccount1.
2025-09-01T10:32:14.395Z 	 info: AccountDataStore:init() Refresh accounts from environment variable AZURITE_ACCOUNTS with value undefined
2025-09-01T10:32:14.396Z 	 info: AccountDataStore:init() Fallback to default emulator account devstoreaccount1.
2025-09-01T10:32:14.428Z 	 info: QueueGCManager:markSweepLoop() Start new mark and sweep.
2025-09-01T10:32:14.436Z 	 info: QueueGCManger:markSweep() Get all extents.
2025-09-01T10:32:14.436Z 	 info: QueueGCManager:marksweep() Get 0 extents.
2025-09-01T10:32:14.436Z 	 info: QueueGCManager:markSweep() Get referred extents, then remove from allExtents.
2025-09-01T10:32:14.437Z 	 info: QueueGCManager:markSweep() Got referred extents, unreferenced extents count is 0.
2025-09-01T10:32:14.437Z 	 info: QueueGCManager:markSweepLoop() Mark and sweep finished, take 1ms.
2025-09-01T10:32:14.437Z 	 info: QueueGCManager:markSweepLoop() Sleep for 60000
2025-09-01T10:32:14.437Z 	 info: AccountDataStore:init() Refresh accounts from environment variable AZURITE_ACCOUNTS with value undefined
2025-09-01T10:32:14.437Z 	 info: AccountDataStore:init() Fallback to default emulator account devstoreaccount1.
2025-09-01T10:32:26.445Z 881925d7-8c08-4be2-92d1-a5c823e48c0c info: BlobStorageContextMiddleware: RequestMethod=GET RequestURL=http://127.0.0.1/devstoreaccount1/ctq-docs/welding/20036753---MESH.pdf RequestHeaders:{"host":"127.0.0.1:10000","connection":"keep-alive","upgrade-insecure-requests":"1","user-agent":"Mozilla/5.0 (Windows NT 10.0; Win64; x64) AppleWebKit/537.36 (KHTML, like Gecko) Chrome/139.0.0.0 Safari/537.36","accept":"text/html,application/xhtml+xml,application/xml;q=0.9,image/avif,image/webp,image/apng,*/*;q=0.8,application/signed-exchange;v=b3;q=0.7","sec-fetch-site":"none","sec-fetch-mode":"navigate","sec-fetch-user":"?1","sec-fetch-dest":"document","sec-ch-ua":"\"Not;A=Brand\";v=\"99\", \"Google Chrome\";v=\"139\", \"Chromium\";v=\"139\"","sec-ch-ua-mobile":"?0","sec-ch-ua-platform":"\"Windows\"","accept-encoding":"gzip, deflate, br, zstd","accept-language":"en-US,en;q=0.9"} ClientIP=127.0.0.1 Protocol=http HTTPVersion=1.1
2025-09-01T10:32:26.445Z 881925d7-8c08-4be2-92d1-a5c823e48c0c info: BlobStorageContextMiddleware: Account=devstoreaccount1 Container=ctq-docs Blob=welding/20036753---MESH.pdf
2025-09-01T10:32:26.445Z 881925d7-8c08-4be2-92d1-a5c823e48c0c verbose: DispatchMiddleware: Dispatching request...
2025-09-01T10:32:26.445Z 881925d7-8c08-4be2-92d1-a5c823e48c0c info: DispatchMiddleware: Operation=Blob_Download
2025-09-01T10:32:26.445Z 881925d7-8c08-4be2-92d1-a5c823e48c0c verbose: AuthenticationMiddlewareFactory:createAuthenticationMiddleware() Validating authentications.
2025-09-01T10:32:26.445Z 881925d7-8c08-4be2-92d1-a5c823e48c0c info: PublicAccessAuthenticator:validate() Start validation against public access.
2025-09-01T10:32:26.445Z 881925d7-8c08-4be2-92d1-a5c823e48c0c debug: PublicAccessAuthenticator:validate() Getting account properties...
2025-09-01T10:32:26.445Z 881925d7-8c08-4be2-92d1-a5c823e48c0c debug: PublicAccessAuthenticator:validate() Retrieved account name from context: devstoreaccount1, container: ctq-docs, blob: welding/20036753---MESH.pdf
2025-09-01T10:32:26.445Z 881925d7-8c08-4be2-92d1-a5c823e48c0c debug: PublicAccessAuthenticator:validate() Public access type for container ctq-docs is "container"
2025-09-01T10:32:26.445Z 881925d7-8c08-4be2-92d1-a5c823e48c0c debug: PublicAccessAuthenticator:validate() Operation Blob_Download is in container level public access list. Validation passed.
2025-09-01T10:32:26.445Z 881925d7-8c08-4be2-92d1-a5c823e48c0c verbose: DeserializerMiddleware: Start deserializing...
2025-09-01T10:32:26.445Z 881925d7-8c08-4be2-92d1-a5c823e48c0c info: HandlerMiddleware: DeserializedParameters={"options":{"leaseAccessConditions":{},"cpkInfo":{},"modifiedAccessConditions":{}}}
2025-09-01T10:32:26.446Z 881925d7-8c08-4be2-92d1-a5c823e48c0c info: BlobHandler:downloadBlockBlobOrAppendBlob() NormalizedDownloadRange=bytes=0-1533017 RequiredContentLength=1533018
2025-09-01T10:32:26.446Z 881925d7-8c08-4be2-92d1-a5c823e48c0c debug: OperationQueue.operate() Schedule incoming job 47263749-c3af-45e3-aa88-c022db19f155
2025-09-01T10:32:26.446Z 881925d7-8c08-4be2-92d1-a5c823e48c0c debug: OperationQueue:execute() Current runningConcurrency:0 maxConcurrency:100 operations.length:1
2025-09-01T10:32:26.446Z 881925d7-8c08-4be2-92d1-a5c823e48c0c verbose: FSExtentStore:readExtent() Creating read stream. LocationId:Default extentId:4e550bc3-1e62-43e4-9d3d-6ba2361db643 path:azurite\__blobstorage__\4e550bc3-1e62-43e4-9d3d-6ba2361db643 offset:0 count:1533018 end:1533017
2025-09-01T10:32:26.446Z 881925d7-8c08-4be2-92d1-a5c823e48c0c debug: OperationQueue.operate() Job 47263749-c3af-45e3-aa88-c022db19f155 completes callback, resolve.
2025-09-01T10:32:26.446Z 881925d7-8c08-4be2-92d1-a5c823e48c0c verbose: SerializerMiddleware: Start serializing...
2025-09-01T10:32:26.447Z 881925d7-8c08-4be2-92d1-a5c823e48c0c info: Serializer: Start returning stream body.
2025-09-01T10:32:26.447Z 881925d7-8c08-4be2-92d1-a5c823e48c0c debug: OperationQueue:execute() Current runningConcurrency:0 maxConcurrency:100 operations.length:0
2025-09-01T10:32:26.447Z 881925d7-8c08-4be2-92d1-a5c823e48c0c debug: OperationQueue:execute() return. Operation.length === 0
2025-09-01T10:32:26.453Z 881925d7-8c08-4be2-92d1-a5c823e48c0c verbose: Send Blob telemetry: B_Blob_Download
2025-09-01T10:32:26.453Z 881925d7-8c08-4be2-92d1-a5c823e48c0c info: EndMiddleware: End response. TotalTimeInMS=9 StatusCode=200 StatusMessage=OK Headers={"server":"Azurite-Blob/3.35.0","last-modified":"Mon, 01 Sep 2025 10:31:53 GMT","x-ms-creation-time":"Mon, 01 Sep 2025 10:31:53 GMT","content-length":"1533018","content-type":"application/pdf","etag":"\"0x251D337625B8720\"","content-md5":"m1BO+2mHKqPIh66dtQOQfA==","x-ms-blob-type":"BlockBlob","x-ms-lease-state":"available","x-ms-lease-status":"unlocked","x-ms-request-id":"881925d7-8c08-4be2-92d1-a5c823e48c0c","x-ms-version":"2025-11-05","accept-ranges":"bytes","date":"Mon, 01 Sep 2025 10:32:26 GMT","x-ms-server-encrypted":"true","x-ms-blob-content-md5":"m1BO+2mHKqPIh66dtQOQfA=="}
2025-09-01T10:32:26.453Z 881925d7-8c08-4be2-92d1-a5c823e48c0c verbose: FSExtentStore:readExtent() Read stream closed. LocationId:Default extentId:4e550bc3-1e62-43e4-9d3d-6ba2361db643 path:azurite\__blobstorage__\4e550bc3-1e62-43e4-9d3d-6ba2361db643 offset:0 count:1533018 end:1533017
2025-09-01T10:32:26.674Z 23cbf2bb-1238-4f13-b88c-a709b3b62cc6 info: BlobStorageContextMiddleware: RequestMethod=GET RequestURL=http://127.0.0.1/favicon.ico RequestHeaders:{"host":"127.0.0.1:10000","connection":"keep-alive","sec-ch-ua-platform":"\"Windows\"","user-agent":"Mozilla/5.0 (Windows NT 10.0; Win64; x64) AppleWebKit/537.36 (KHTML, like Gecko) Chrome/139.0.0.0 Safari/537.36","sec-ch-ua":"\"Not;A=Brand\";v=\"99\", \"Google Chrome\";v=\"139\", \"Chromium\";v=\"139\"","sec-ch-ua-mobile":"?0","accept":"image/avif,image/webp,image/apng,image/svg+xml,image/*,*/*;q=0.8","sec-fetch-site":"same-origin","sec-fetch-mode":"no-cors","sec-fetch-dest":"image","referer":"http://127.0.0.1:10000/devstoreaccount1/ctq-docs/welding/20036753---MESH.pdf","accept-encoding":"gzip, deflate, br, zstd","accept-language":"en-US,en;q=0.9"} ClientIP=127.0.0.1 Protocol=http HTTPVersion=1.1
2025-09-01T10:32:26.674Z 23cbf2bb-1238-4f13-b88c-a709b3b62cc6 info: BlobStorageContextMiddleware: Account=favicon.ico Container=undefined Blob=
2025-09-01T10:32:26.674Z 23cbf2bb-1238-4f13-b88c-a709b3b62cc6 verbose: DispatchMiddleware: Dispatching request...
2025-09-01T10:32:26.674Z 23cbf2bb-1238-4f13-b88c-a709b3b62cc6 error: DispatchMiddleware: Incoming URL doesn't match any of swagger defined request patterns.
2025-09-01T10:32:26.674Z 23cbf2bb-1238-4f13-b88c-a709b3b62cc6 error: ErrorMiddleware: Received a MiddlewareError, fill error information to HTTP response
2025-09-01T10:32:26.674Z 23cbf2bb-1238-4f13-b88c-a709b3b62cc6 error: ErrorMiddleware: ErrorName=UnsupportedRequestError ErrorMessage=Incoming URL doesn't match any of swagger defined request patterns.  ErrorHTTPStatusCode=400 ErrorHTTPStatusMessage=undefined ErrorHTTPHeaders=undefined ErrorHTTPBody=undefined ErrorStack="UnsupportedRequestError: Incoming URL doesn't match any of swagger defined request patterns.\n    at dispatchMiddleware (C:\\QR Portal\\node_modules\\azurite\\dist\\src\\blob\\generated\\middleware\\dispatch.middleware.js:41:30)\n    at C:\\QR Portal\\node_modules\\azurite\\dist\\src\\blob\\generated\\ExpressMiddlewareFactory.js:50:47\n    at Layer.handle [as handle_request] (C:\\QR Portal\\node_modules\\azurite\\node_modules\\express\\lib\\router\\layer.js:95:5)\n    at trim_prefix (C:\\QR Portal\\node_modules\\azurite\\node_modules\\express\\lib\\router\\index.js:328:13)\n    at C:\\QR Portal\\node_modules\\azurite\\node_modules\\express\\lib\\router\\index.js:286:9\n    at Function.process_params (C:\\QR Portal\\node_modules\\azurite\\node_modules\\express\\lib\\router\\index.js:346:12)\n    at next (C:\\QR Portal\\node_modules\\azurite\\node_modules\\express\\lib\\router\\index.js:280:10)\n    at blobStorageContextMiddleware (C:\\QR Portal\\node_modules\\azurite\\dist\\src\\blob\\middlewares\\blobStorageContext.middleware.js:137:5)\n    at C:\\QR Portal\\node_modules\\azurite\\dist\\src\\blob\\middlewares\\blobStorageContext.middleware.js:15:16\n    at Layer.handle [as handle_request] (C:\\QR Portal\\node_modules\\azurite\\node_modules\\express\\lib\\router\\layer.js:95:5)"
2025-09-01T10:32:26.674Z 23cbf2bb-1238-4f13-b88c-a709b3b62cc6 error: ErrorMiddleware: Set HTTP code: 400
2025-09-01T10:32:26.674Z 23cbf2bb-1238-4f13-b88c-a709b3b62cc6 error: ErrorMiddleware: Set HTTP body: undefined
2025-09-01T10:32:26.675Z 23cbf2bb-1238-4f13-b88c-a709b3b62cc6 verbose: Send Blob telemetry: B_Service_SetProperties
2025-09-01T10:32:26.675Z 23cbf2bb-1238-4f13-b88c-a709b3b62cc6 info: EndMiddleware: End response. TotalTimeInMS=2 StatusCode=400 StatusMessage=undefined Headers={"server":"Azurite-Blob/3.35.0"}
2025-09-01T10:33:14.351Z 	 info: AccountDataStore:init() Refresh accounts from environment variable AZURITE_ACCOUNTS with value undefined
2025-09-01T10:33:14.351Z 	 info: AccountDataStore:init() Fallback to default emulator account devstoreaccount1.
2025-09-01T10:33:14.399Z 	 info: AccountDataStore:init() Refresh accounts from environment variable AZURITE_ACCOUNTS with value undefined
2025-09-01T10:33:14.399Z 	 info: AccountDataStore:init() Fallback to default emulator account devstoreaccount1.
2025-09-01T10:33:14.446Z 	 info: QueueGCManager:markSweepLoop() Start new mark and sweep.
2025-09-01T10:33:14.446Z 	 info: QueueGCManger:markSweep() Get all extents.
2025-09-01T10:33:14.447Z 	 info: QueueGCManager:marksweep() Get 0 extents.
2025-09-01T10:33:14.447Z 	 info: QueueGCManager:markSweep() Get referred extents, then remove from allExtents.
2025-09-01T10:33:14.447Z 	 info: QueueGCManager:markSweep() Got referred extents, unreferenced extents count is 0.
2025-09-01T10:33:14.447Z 	 info: QueueGCManager:markSweepLoop() Mark and sweep finished, take 1ms.
2025-09-01T10:33:14.447Z 	 info: QueueGCManager:markSweepLoop() Sleep for 60000
2025-09-01T10:33:14.447Z 	 info: AccountDataStore:init() Refresh accounts from environment variable AZURITE_ACCOUNTS with value undefined
2025-09-01T10:33:14.447Z 	 info: AccountDataStore:init() Fallback to default emulator account devstoreaccount1.
2025-09-01T10:34:14.357Z 	 info: AccountDataStore:init() Refresh accounts from environment variable AZURITE_ACCOUNTS with value undefined
2025-09-01T10:34:14.357Z 	 info: AccountDataStore:init() Fallback to default emulator account devstoreaccount1.
2025-09-01T10:34:14.404Z 	 info: AccountDataStore:init() Refresh accounts from environment variable AZURITE_ACCOUNTS with value undefined
2025-09-01T10:34:14.405Z 	 info: AccountDataStore:init() Fallback to default emulator account devstoreaccount1.
2025-09-01T10:34:14.450Z 	 info: QueueGCManager:markSweepLoop() Start new mark and sweep.
2025-09-01T10:34:14.450Z 	 info: QueueGCManger:markSweep() Get all extents.
2025-09-01T10:34:14.450Z 	 info: QueueGCManager:marksweep() Get 0 extents.
2025-09-01T10:34:14.450Z 	 info: QueueGCManager:markSweep() Get referred extents, then remove from allExtents.
2025-09-01T10:34:14.450Z 	 info: QueueGCManager:markSweep() Got referred extents, unreferenced extents count is 0.
2025-09-01T10:34:14.450Z 	 info: QueueGCManager:markSweepLoop() Mark and sweep finished, take 0ms.
2025-09-01T10:34:14.450Z 	 info: QueueGCManager:markSweepLoop() Sleep for 60000
2025-09-01T10:34:14.450Z 	 info: AccountDataStore:init() Refresh accounts from environment variable AZURITE_ACCOUNTS with value undefined
2025-09-01T10:34:14.450Z 	 info: AccountDataStore:init() Fallback to default emulator account devstoreaccount1.
2025-09-01T10:35:14.363Z 	 info: AccountDataStore:init() Refresh accounts from environment variable AZURITE_ACCOUNTS with value undefined
2025-09-01T10:35:14.363Z 	 info: AccountDataStore:init() Fallback to default emulator account devstoreaccount1.
2025-09-01T10:35:14.409Z 	 info: AccountDataStore:init() Refresh accounts from environment variable AZURITE_ACCOUNTS with value undefined
2025-09-01T10:35:14.409Z 	 info: AccountDataStore:init() Fallback to default emulator account devstoreaccount1.
2025-09-01T10:35:14.456Z 	 info: QueueGCManager:markSweepLoop() Start new mark and sweep.
2025-09-01T10:35:14.456Z 	 info: QueueGCManger:markSweep() Get all extents.
2025-09-01T10:35:14.456Z 	 info: QueueGCManager:marksweep() Get 0 extents.
2025-09-01T10:35:14.456Z 	 info: QueueGCManager:markSweep() Get referred extents, then remove from allExtents.
2025-09-01T10:35:14.456Z 	 info: QueueGCManager:markSweep() Got referred extents, unreferenced extents count is 0.
2025-09-01T10:35:14.456Z 	 info: QueueGCManager:markSweepLoop() Mark and sweep finished, take 0ms.
2025-09-01T10:35:14.456Z 	 info: QueueGCManager:markSweepLoop() Sleep for 60000
2025-09-01T10:35:14.456Z 	 info: AccountDataStore:init() Refresh accounts from environment variable AZURITE_ACCOUNTS with value undefined
2025-09-01T10:35:14.456Z 	 info: AccountDataStore:init() Fallback to default emulator account devstoreaccount1.
2025-09-01T10:36:14.344Z 	 info: BlobGCManager:markSweepLoop() Start next mark and sweep.
2025-09-01T10:36:14.345Z 	 info: BlobGCManager:markSweep() Get all extents.
2025-09-01T10:36:14.345Z 	 info: BlobGCManager:markSweep() Got 1 extents.
2025-09-01T10:36:14.345Z 	 info: BlobGCManager:markSweep() Get referred extents.
2025-09-01T10:36:14.345Z 	 info: BlobGCManager:markSweep() Got referred extents, unreferenced extents count is 0.
2025-09-01T10:36:14.345Z 	 info: BlobGCManager:markSweepLoop() Mark and sweep finished, taken 0ms.
2025-09-01T10:36:14.345Z 	 info: BlobGCManager:markSweepLoop() Sleep for 600000ms.
2025-09-01T10:36:14.377Z 	 info: AccountDataStore:init() Refresh accounts from environment variable AZURITE_ACCOUNTS with value undefined
2025-09-01T10:36:14.377Z 	 info: AccountDataStore:init() Fallback to default emulator account devstoreaccount1.
2025-09-01T10:36:14.424Z 	 info: AccountDataStore:init() Refresh accounts from environment variable AZURITE_ACCOUNTS with value undefined
2025-09-01T10:36:14.425Z 	 info: AccountDataStore:init() Fallback to default emulator account devstoreaccount1.
2025-09-01T10:36:14.471Z 	 info: QueueGCManager:markSweepLoop() Start new mark and sweep.
2025-09-01T10:36:14.471Z 	 info: QueueGCManger:markSweep() Get all extents.
2025-09-01T10:36:14.471Z 	 info: QueueGCManager:marksweep() Get 0 extents.
2025-09-01T10:36:14.471Z 	 info: QueueGCManager:markSweep() Get referred extents, then remove from allExtents.
2025-09-01T10:36:14.471Z 	 info: QueueGCManager:markSweep() Got referred extents, unreferenced extents count is 0.
2025-09-01T10:36:14.471Z 	 info: QueueGCManager:markSweepLoop() Mark and sweep finished, take 0ms.
2025-09-01T10:36:14.471Z 	 info: QueueGCManager:markSweepLoop() Sleep for 60000
2025-09-01T10:36:14.471Z 	 info: AccountDataStore:init() Refresh accounts from environment variable AZURITE_ACCOUNTS with value undefined
2025-09-01T10:36:14.471Z 	 info: AccountDataStore:init() Fallback to default emulator account devstoreaccount1.
2025-09-01T10:37:14.385Z 	 info: AccountDataStore:init() Refresh accounts from environment variable AZURITE_ACCOUNTS with value undefined
2025-09-01T10:37:14.385Z 	 info: AccountDataStore:init() Fallback to default emulator account devstoreaccount1.
2025-09-01T10:37:14.432Z 	 info: AccountDataStore:init() Refresh accounts from environment variable AZURITE_ACCOUNTS with value undefined
2025-09-01T10:37:14.432Z 	 info: AccountDataStore:init() Fallback to default emulator account devstoreaccount1.
2025-09-01T10:37:14.478Z 	 info: QueueGCManager:markSweepLoop() Start new mark and sweep.
2025-09-01T10:37:14.479Z 	 info: QueueGCManger:markSweep() Get all extents.
2025-09-01T10:37:14.479Z 	 info: QueueGCManager:marksweep() Get 0 extents.
2025-09-01T10:37:14.479Z 	 info: QueueGCManager:markSweep() Get referred extents, then remove from allExtents.
2025-09-01T10:37:14.479Z 	 info: QueueGCManager:markSweep() Got referred extents, unreferenced extents count is 0.
2025-09-01T10:37:14.479Z 	 info: QueueGCManager:markSweepLoop() Mark and sweep finished, take 0ms.
2025-09-01T10:37:14.479Z 	 info: QueueGCManager:markSweepLoop() Sleep for 60000
2025-09-01T10:37:14.479Z 	 info: AccountDataStore:init() Refresh accounts from environment variable AZURITE_ACCOUNTS with value undefined
2025-09-01T10:37:14.479Z 	 info: AccountDataStore:init() Fallback to default emulator account devstoreaccount1.
2025-09-01T10:38:14.388Z 	 info: AccountDataStore:init() Refresh accounts from environment variable AZURITE_ACCOUNTS with value undefined
2025-09-01T10:38:14.388Z 	 info: AccountDataStore:init() Fallback to default emulator account devstoreaccount1.
2025-09-01T10:38:14.434Z 	 info: AccountDataStore:init() Refresh accounts from environment variable AZURITE_ACCOUNTS with value undefined
2025-09-01T10:38:14.435Z 	 info: AccountDataStore:init() Fallback to default emulator account devstoreaccount1.
2025-09-01T10:38:14.483Z 	 info: QueueGCManager:markSweepLoop() Start new mark and sweep.
2025-09-01T10:38:14.483Z 	 info: QueueGCManger:markSweep() Get all extents.
2025-09-01T10:38:14.483Z 	 info: QueueGCManager:marksweep() Get 0 extents.
2025-09-01T10:38:14.483Z 	 info: QueueGCManager:markSweep() Get referred extents, then remove from allExtents.
2025-09-01T10:38:14.483Z 	 info: QueueGCManager:markSweep() Got referred extents, unreferenced extents count is 0.
2025-09-01T10:38:14.483Z 	 info: QueueGCManager:markSweepLoop() Mark and sweep finished, take 0ms.
2025-09-01T10:38:14.484Z 	 info: QueueGCManager:markSweepLoop() Sleep for 60000
2025-09-01T10:38:14.484Z 	 info: AccountDataStore:init() Refresh accounts from environment variable AZURITE_ACCOUNTS with value undefined
2025-09-01T10:38:14.484Z 	 info: AccountDataStore:init() Fallback to default emulator account devstoreaccount1.
2025-09-01T10:39:14.400Z 	 info: AccountDataStore:init() Refresh accounts from environment variable AZURITE_ACCOUNTS with value undefined
2025-09-01T10:39:14.401Z 	 info: AccountDataStore:init() Fallback to default emulator account devstoreaccount1.
2025-09-01T10:39:14.444Z 	 info: AccountDataStore:init() Refresh accounts from environment variable AZURITE_ACCOUNTS with value undefined
2025-09-01T10:39:14.445Z 	 info: AccountDataStore:init() Fallback to default emulator account devstoreaccount1.
2025-09-01T10:39:14.490Z 	 info: QueueGCManager:markSweepLoop() Start new mark and sweep.
2025-09-01T10:39:14.490Z 	 info: QueueGCManger:markSweep() Get all extents.
2025-09-01T10:39:14.490Z 	 info: QueueGCManager:marksweep() Get 0 extents.
2025-09-01T10:39:14.490Z 	 info: QueueGCManager:markSweep() Get referred extents, then remove from allExtents.
2025-09-01T10:39:14.490Z 	 info: QueueGCManager:markSweep() Got referred extents, unreferenced extents count is 0.
2025-09-01T10:39:14.490Z 	 info: QueueGCManager:markSweepLoop() Mark and sweep finished, take 0ms.
2025-09-01T10:39:14.490Z 	 info: QueueGCManager:markSweepLoop() Sleep for 60000
2025-09-01T10:39:14.491Z 	 info: AccountDataStore:init() Refresh accounts from environment variable AZURITE_ACCOUNTS with value undefined
2025-09-01T10:39:14.491Z 	 info: AccountDataStore:init() Fallback to default emulator account devstoreaccount1.
2025-09-01T10:40:14.407Z 	 info: AccountDataStore:init() Refresh accounts from environment variable AZURITE_ACCOUNTS with value undefined
2025-09-01T10:40:14.408Z 	 info: AccountDataStore:init() Fallback to default emulator account devstoreaccount1.
2025-09-01T10:40:14.457Z 	 info: AccountDataStore:init() Refresh accounts from environment variable AZURITE_ACCOUNTS with value undefined
2025-09-01T10:40:14.457Z 	 info: AccountDataStore:init() Fallback to default emulator account devstoreaccount1.
2025-09-01T10:40:14.503Z 	 info: QueueGCManager:markSweepLoop() Start new mark and sweep.
2025-09-01T10:40:14.503Z 	 info: QueueGCManger:markSweep() Get all extents.
2025-09-01T10:40:14.503Z 	 info: QueueGCManager:marksweep() Get 0 extents.
2025-09-01T10:40:14.503Z 	 info: QueueGCManager:markSweep() Get referred extents, then remove from allExtents.
2025-09-01T10:40:14.503Z 	 info: QueueGCManager:markSweep() Got referred extents, unreferenced extents count is 0.
2025-09-01T10:40:14.503Z 	 info: QueueGCManager:markSweepLoop() Mark and sweep finished, take 0ms.
2025-09-01T10:40:14.503Z 	 info: QueueGCManager:markSweepLoop() Sleep for 60000
2025-09-01T10:40:14.504Z 	 info: AccountDataStore:init() Refresh accounts from environment variable AZURITE_ACCOUNTS with value undefined
2025-09-01T10:40:14.504Z 	 info: AccountDataStore:init() Fallback to default emulator account devstoreaccount1.
2025-09-01T10:41:14.417Z 	 info: AccountDataStore:init() Refresh accounts from environment variable AZURITE_ACCOUNTS with value undefined
2025-09-01T10:41:14.417Z 	 info: AccountDataStore:init() Fallback to default emulator account devstoreaccount1.
2025-09-01T10:41:14.463Z 	 info: AccountDataStore:init() Refresh accounts from environment variable AZURITE_ACCOUNTS with value undefined
2025-09-01T10:41:14.463Z 	 info: AccountDataStore:init() Fallback to default emulator account devstoreaccount1.
2025-09-01T10:41:14.510Z 	 info: QueueGCManager:markSweepLoop() Start new mark and sweep.
2025-09-01T10:41:14.511Z 	 info: QueueGCManger:markSweep() Get all extents.
2025-09-01T10:41:14.511Z 	 info: QueueGCManager:marksweep() Get 0 extents.
2025-09-01T10:41:14.511Z 	 info: QueueGCManager:markSweep() Get referred extents, then remove from allExtents.
2025-09-01T10:41:14.511Z 	 info: QueueGCManager:markSweep() Got referred extents, unreferenced extents count is 0.
2025-09-01T10:41:14.511Z 	 info: QueueGCManager:markSweepLoop() Mark and sweep finished, take 0ms.
2025-09-01T10:41:14.511Z 	 info: QueueGCManager:markSweepLoop() Sleep for 60000
2025-09-01T10:41:14.511Z 	 info: AccountDataStore:init() Refresh accounts from environment variable AZURITE_ACCOUNTS with value undefined
2025-09-01T10:41:14.511Z 	 info: AccountDataStore:init() Fallback to default emulator account devstoreaccount1.
2025-09-01T10:42:14.040Z c56dbc6f-2f1d-44f3-8ad9-f321850e8bc4 info: BlobStorageContextMiddleware: RequestMethod=PUT RequestURL=http://127.0.0.1/devstoreaccount1/ctq-docs?restype=container RequestHeaders:{"x-ms-version":"2025-07-05","accept":"application/xml","x-ms-blob-public-access":"container","user-agent":"azsdk-js-azure-storage-blob/12.28.0 core-rest-pipeline/1.22.0 Node/22.18.0 OS/(x64-Windows_NT-10.0.26100)","x-ms-client-request-id":"6d76e9bb-88fb-4ba0-b362-6de5ce1e1a4f","x-ms-date":"Mon, 01 Sep 2025 10:42:14 GMT","authorization":"SharedKey devstoreaccount1:vA8eEq6GPtpzoL2kegEnC/MINZU+iMnvjsvm+jMqaIE=","host":"127.0.0.1:10000","connection":"keep-alive","content-length":"0"} ClientIP=127.0.0.1 Protocol=http HTTPVersion=1.1
2025-09-01T10:42:14.040Z c56dbc6f-2f1d-44f3-8ad9-f321850e8bc4 info: BlobStorageContextMiddleware: Account=devstoreaccount1 Container=ctq-docs Blob=
2025-09-01T10:42:14.040Z c56dbc6f-2f1d-44f3-8ad9-f321850e8bc4 verbose: DispatchMiddleware: Dispatching request...
2025-09-01T10:42:14.040Z c56dbc6f-2f1d-44f3-8ad9-f321850e8bc4 info: DispatchMiddleware: Operation=Container_Create
2025-09-01T10:42:14.040Z c56dbc6f-2f1d-44f3-8ad9-f321850e8bc4 verbose: AuthenticationMiddlewareFactory:createAuthenticationMiddleware() Validating authentications.
2025-09-01T10:42:14.040Z c56dbc6f-2f1d-44f3-8ad9-f321850e8bc4 info: PublicAccessAuthenticator:validate() Start validation against public access.
2025-09-01T10:42:14.040Z c56dbc6f-2f1d-44f3-8ad9-f321850e8bc4 debug: PublicAccessAuthenticator:validate() Getting account properties...
2025-09-01T10:42:14.040Z c56dbc6f-2f1d-44f3-8ad9-f321850e8bc4 debug: PublicAccessAuthenticator:validate() Retrieved account name from context: devstoreaccount1, container: ctq-docs, blob: 
2025-09-01T10:42:14.040Z c56dbc6f-2f1d-44f3-8ad9-f321850e8bc4 debug: PublicAccessAuthenticator:validate() Public access type for container ctq-docs is "container"
2025-09-01T10:42:14.041Z c56dbc6f-2f1d-44f3-8ad9-f321850e8bc4 debug: PublicAccessAuthenticator:validate() Operation Container_Create is not in container neither blob level public access list. Validation failed.
2025-09-01T10:42:14.041Z c56dbc6f-2f1d-44f3-8ad9-f321850e8bc4 info: BlobSharedKeyAuthenticator:validate() Start validation against account shared key authentication.
2025-09-01T10:42:14.041Z c56dbc6f-2f1d-44f3-8ad9-f321850e8bc4 info: BlobSharedKeyAuthenticator:validate() [STRING TO SIGN]:"PUT\n\n\n\n\n\n\n\n\n\n\n\nx-ms-blob-public-access:container\nx-ms-client-request-id:6d76e9bb-88fb-4ba0-b362-6de5ce1e1a4f\nx-ms-date:Mon, 01 Sep 2025 10:42:14 GMT\nx-ms-version:2025-07-05\n/devstoreaccount1/devstoreaccount1/ctq-docs\nrestype:container"
2025-09-01T10:42:14.041Z c56dbc6f-2f1d-44f3-8ad9-f321850e8bc4 info: BlobSharedKeyAuthenticator:validate() Calculated authentication header based on key1: SharedKey devstoreaccount1:vA8eEq6GPtpzoL2kegEnC/MINZU+iMnvjsvm+jMqaIE=
2025-09-01T10:42:14.041Z c56dbc6f-2f1d-44f3-8ad9-f321850e8bc4 info: BlobSharedKeyAuthenticator:validate() Signature 1 matched.
2025-09-01T10:42:14.041Z c56dbc6f-2f1d-44f3-8ad9-f321850e8bc4 verbose: DeserializerMiddleware: Start deserializing...
2025-09-01T10:42:14.041Z c56dbc6f-2f1d-44f3-8ad9-f321850e8bc4 info: HandlerMiddleware: DeserializedParameters={"options":{"metadata":{},"access":"container","requestId":"6d76e9bb-88fb-4ba0-b362-6de5ce1e1a4f","containerCpkScopeInfo":{}},"restype":"container","version":"2025-07-05"}
2025-09-01T10:42:14.041Z c56dbc6f-2f1d-44f3-8ad9-f321850e8bc4 error: ErrorMiddleware: Received a MiddlewareError, fill error information to HTTP response
2025-09-01T10:42:14.041Z c56dbc6f-2f1d-44f3-8ad9-f321850e8bc4 error: ErrorMiddleware: ErrorName=StorageError ErrorMessage=The specified container already exists.  ErrorHTTPStatusCode=409 ErrorHTTPStatusMessage=The specified container already exists. ErrorHTTPHeaders={"x-ms-error-code":"ContainerAlreadyExists","x-ms-request-id":"c56dbc6f-2f1d-44f3-8ad9-f321850e8bc4"} ErrorHTTPBody="<?xml version=\"1.0\" encoding=\"UTF-8\" standalone=\"yes\"?>\n<Error>\n  <Code>ContainerAlreadyExists</Code>\n  <Message>The specified container already exists.\nRequestId:c56dbc6f-2f1d-44f3-8ad9-f321850e8bc4\nTime:2025-09-01T10:42:14.041Z</Message>\n</Error>" ErrorStack="StorageError: The specified container already exists.\n    at StorageErrorFactory.getContainerAlreadyExists (C:\\QR Portal\\node_modules\\azurite\\dist\\src\\blob\\errors\\StorageErrorFactory.js:23:16)\n    at LokiBlobMetadataStore.createContainer (C:\\QR Portal\\node_modules\\azurite\\dist\\src\\blob\\persistence\\LokiBlobMetadataStore.js:299:49)\n    at ContainerHandler.create (C:\\QR Portal\\node_modules\\azurite\\dist\\src\\blob\\handlers\\ContainerHandler.js:44:34)\n    at C:\\QR Portal\\node_modules\\azurite\\dist\\src\\blob\\generated\\middleware\\HandlerMiddlewareFactory.js:58:18\n    at C:\\QR Portal\\node_modules\\azurite\\dist\\src\\blob\\generated\\ExpressMiddlewareFactory.js:78:63\n    at Layer.handle [as handle_request] (C:\\QR Portal\\node_modules\\azurite\\node_modules\\express\\lib\\router\\layer.js:95:5)\n    at trim_prefix (C:\\QR Portal\\node_modules\\azurite\\node_modules\\express\\lib\\router\\index.js:328:13)\n    at C:\\QR Portal\\node_modules\\azurite\\node_modules\\express\\lib\\router\\index.js:286:9\n    at Function.process_params (C:\\QR Portal\\node_modules\\azurite\\node_modules\\express\\lib\\router\\index.js:346:12)\n    at next (C:\\QR Portal\\node_modules\\azurite\\node_modules\\express\\lib\\router\\index.js:280:10)"
2025-09-01T10:42:14.041Z c56dbc6f-2f1d-44f3-8ad9-f321850e8bc4 error: ErrorMiddleware: Set HTTP code: 409
2025-09-01T10:42:14.042Z c56dbc6f-2f1d-44f3-8ad9-f321850e8bc4 error: ErrorMiddleware: Set HTTP status message: The specified container already exists.
2025-09-01T10:42:14.042Z c56dbc6f-2f1d-44f3-8ad9-f321850e8bc4 error: ErrorMiddleware: Set HTTP Header: x-ms-error-code=ContainerAlreadyExists
2025-09-01T10:42:14.042Z c56dbc6f-2f1d-44f3-8ad9-f321850e8bc4 error: ErrorMiddleware: Set HTTP Header: x-ms-request-id=c56dbc6f-2f1d-44f3-8ad9-f321850e8bc4
2025-09-01T10:42:14.042Z c56dbc6f-2f1d-44f3-8ad9-f321850e8bc4 error: ErrorMiddleware: Set content type: application/xml
2025-09-01T10:42:14.042Z c56dbc6f-2f1d-44f3-8ad9-f321850e8bc4 error: ErrorMiddleware: Set HTTP body: "<?xml version=\"1.0\" encoding=\"UTF-8\" standalone=\"yes\"?>\n<Error>\n  <Code>ContainerAlreadyExists</Code>\n  <Message>The specified container already exists.\nRequestId:c56dbc6f-2f1d-44f3-8ad9-f321850e8bc4\nTime:2025-09-01T10:42:14.041Z</Message>\n</Error>"
2025-09-01T10:42:14.042Z c56dbc6f-2f1d-44f3-8ad9-f321850e8bc4 verbose: Send Blob telemetry: B_Container_Create
2025-09-01T10:42:14.042Z c56dbc6f-2f1d-44f3-8ad9-f321850e8bc4 info: EndMiddleware: End response. TotalTimeInMS=3 StatusCode=409 StatusMessage=The specified container already exists. Headers={"server":"Azurite-Blob/3.35.0","x-ms-error-code":"ContainerAlreadyExists","x-ms-request-id":"c56dbc6f-2f1d-44f3-8ad9-f321850e8bc4","content-type":"application/xml"}
2025-09-01T10:42:14.054Z 688007fb-c31d-4368-abb0-76d061b1b01a info: BlobStorageContextMiddleware: RequestMethod=PUT RequestURL=http://127.0.0.1/devstoreaccount1/ctq-docs/welding/ticket.pdf RequestHeaders:{"content-type":"application/octet-stream","x-ms-version":"2025-07-05","content-length":"199221","x-ms-blob-content-type":"application/pdf","accept":"application/xml","x-ms-blob-type":"BlockBlob","user-agent":"azsdk-js-azure-storage-blob/12.28.0 core-rest-pipeline/1.22.0 Node/22.18.0 OS/(x64-Windows_NT-10.0.26100)","x-ms-client-request-id":"8365d620-8b48-44fe-a14e-486e37d6ffb3","x-ms-date":"Mon, 01 Sep 2025 10:42:14 GMT","authorization":"SharedKey devstoreaccount1:nrpAQe3EMbgOobig9npophVfN4mmGFuI9NkvtDAdYL0=","host":"127.0.0.1:10000","connection":"keep-alive"} ClientIP=127.0.0.1 Protocol=http HTTPVersion=1.1
2025-09-01T10:42:14.054Z 688007fb-c31d-4368-abb0-76d061b1b01a info: BlobStorageContextMiddleware: Account=devstoreaccount1 Container=ctq-docs Blob=welding/ticket.pdf
2025-09-01T10:42:14.054Z 688007fb-c31d-4368-abb0-76d061b1b01a verbose: DispatchMiddleware: Dispatching request...
2025-09-01T10:42:14.054Z 688007fb-c31d-4368-abb0-76d061b1b01a info: DispatchMiddleware: Operation=BlockBlob_Upload
2025-09-01T10:42:14.055Z 688007fb-c31d-4368-abb0-76d061b1b01a verbose: AuthenticationMiddlewareFactory:createAuthenticationMiddleware() Validating authentications.
2025-09-01T10:42:14.055Z 688007fb-c31d-4368-abb0-76d061b1b01a info: PublicAccessAuthenticator:validate() Start validation against public access.
2025-09-01T10:42:14.055Z 688007fb-c31d-4368-abb0-76d061b1b01a debug: PublicAccessAuthenticator:validate() Getting account properties...
2025-09-01T10:42:14.055Z 688007fb-c31d-4368-abb0-76d061b1b01a debug: PublicAccessAuthenticator:validate() Retrieved account name from context: devstoreaccount1, container: ctq-docs, blob: welding/ticket.pdf
2025-09-01T10:42:14.055Z 688007fb-c31d-4368-abb0-76d061b1b01a debug: PublicAccessAuthenticator:validate() Public access type for container ctq-docs is "container"
2025-09-01T10:42:14.055Z 688007fb-c31d-4368-abb0-76d061b1b01a debug: PublicAccessAuthenticator:validate() Operation BlockBlob_Upload is not in container neither blob level public access list. Validation failed.
2025-09-01T10:42:14.055Z 688007fb-c31d-4368-abb0-76d061b1b01a info: BlobSharedKeyAuthenticator:validate() Start validation against account shared key authentication.
2025-09-01T10:42:14.055Z 688007fb-c31d-4368-abb0-76d061b1b01a info: BlobSharedKeyAuthenticator:validate() [STRING TO SIGN]:"PUT\n\n\n199221\n\napplication/octet-stream\n\n\n\n\n\n\nx-ms-blob-content-type:application/pdf\nx-ms-blob-type:BlockBlob\nx-ms-client-request-id:8365d620-8b48-44fe-a14e-486e37d6ffb3\nx-ms-date:Mon, 01 Sep 2025 10:42:14 GMT\nx-ms-version:2025-07-05\n/devstoreaccount1/devstoreaccount1/ctq-docs/welding/ticket.pdf"
2025-09-01T10:42:14.055Z 688007fb-c31d-4368-abb0-76d061b1b01a info: BlobSharedKeyAuthenticator:validate() Calculated authentication header based on key1: SharedKey devstoreaccount1:nrpAQe3EMbgOobig9npophVfN4mmGFuI9NkvtDAdYL0=
2025-09-01T10:42:14.055Z 688007fb-c31d-4368-abb0-76d061b1b01a info: BlobSharedKeyAuthenticator:validate() Signature 1 matched.
2025-09-01T10:42:14.055Z 688007fb-c31d-4368-abb0-76d061b1b01a verbose: DeserializerMiddleware: Start deserializing...
2025-09-01T10:42:14.055Z 688007fb-c31d-4368-abb0-76d061b1b01a info: HandlerMiddleware: DeserializedParameters={"options":{"metadata":{},"requestId":"8365d620-8b48-44fe-a14e-486e37d6ffb3","blobHTTPHeaders":{"blobContentType":"application/pdf"},"leaseAccessConditions":{},"cpkInfo":{},"cpkScopeInfo":{},"modifiedAccessConditions":{}},"contentLength":199221,"version":"2025-07-05","blobType":"BlockBlob","body":"ReadableStream"}
2025-09-01T10:42:14.055Z 688007fb-c31d-4368-abb0-76d061b1b01a debug: OperationQueue.operate() Schedule incoming job 35aa982d-5310-4dff-95dc-b29dd6d49856
2025-09-01T10:42:14.055Z 688007fb-c31d-4368-abb0-76d061b1b01a debug: OperationQueue:execute() Current runningConcurrency:0 maxConcurrency:50 operations.length:1
2025-09-01T10:42:14.055Z 688007fb-c31d-4368-abb0-76d061b1b01a info: FSExtentStore:appendExtent() Select extent from idle location for extent append operation. LocationId:1 extentId:4e550bc3-1e62-43e4-9d3d-6ba2361db643 offset:1533018 MAX_EXTENT_SIZE:67108864 
2025-09-01T10:42:14.055Z 688007fb-c31d-4368-abb0-76d061b1b01a debug: FSExtentStore:appendExtent() Get fd:4 for extent:4e550bc3-1e62-43e4-9d3d-6ba2361db643 from cache.
2025-09-01T10:42:14.056Z 688007fb-c31d-4368-abb0-76d061b1b01a debug: FSExtentStore:appendExtent() Created write stream for fd:4
2025-09-01T10:42:14.056Z 688007fb-c31d-4368-abb0-76d061b1b01a debug: FSExtentStore:appendExtent() Start writing to extent 4e550bc3-1e62-43e4-9d3d-6ba2361db643
2025-09-01T10:42:14.056Z 688007fb-c31d-4368-abb0-76d061b1b01a debug: FSExtentStore:streamPipe() Start piping data to write stream
2025-09-01T10:42:14.058Z 688007fb-c31d-4368-abb0-76d061b1b01a debug: FSExtentStore:streamPipe() Readable stream triggers close event, 199221 bytes piped
2025-09-01T10:42:14.058Z 688007fb-c31d-4368-abb0-76d061b1b01a debug: FSExtentStore:streamPipe() Invoke write stream end()
2025-09-01T10:42:14.058Z 688007fb-c31d-4368-abb0-76d061b1b01a debug: FSExtentStore:streamPipe() Readable stream triggers close event, 199221 bytes piped
2025-09-01T10:42:14.058Z 688007fb-c31d-4368-abb0-76d061b1b01a debug: FSExtentStore:streamPipe() Writable stream triggers finish event, after 199221 bytes piped. Flush data to fd:4.
2025-09-01T10:42:14.061Z 688007fb-c31d-4368-abb0-76d061b1b01a debug: FSExtentStore:streamPipe() Flush data to fd:4 successfully. Resolve streamPipe().
2025-09-01T10:42:14.061Z 688007fb-c31d-4368-abb0-76d061b1b01a debug: FSExtentStore:appendExtent() Write finish, start updating extent metadata. extent:{"id":"4e550bc3-1e62-43e4-9d3d-6ba2361db643","locationId":"Default","path":"4e550bc3-1e62-43e4-9d3d-6ba2361db643","size":1732239,"lastModifiedInMS":1756723334061}
2025-09-01T10:42:14.062Z 688007fb-c31d-4368-abb0-76d061b1b01a debug: FSExtentStore:appendExtent() Update extent metadata done. Resolve()
2025-09-01T10:42:14.062Z 688007fb-c31d-4368-abb0-76d061b1b01a debug: OperationQueue.operate() Job 35aa982d-5310-4dff-95dc-b29dd6d49856 completes callback, resolve.
2025-09-01T10:42:14.062Z 688007fb-c31d-4368-abb0-76d061b1b01a debug: OperationQueue.operate() Schedule incoming job e07d5ac5-9fc7-4621-a16c-8a48442071c2
2025-09-01T10:42:14.062Z 688007fb-c31d-4368-abb0-76d061b1b01a debug: OperationQueue:execute() Current runningConcurrency:0 maxConcurrency:100 operations.length:1
2025-09-01T10:42:14.062Z 688007fb-c31d-4368-abb0-76d061b1b01a verbose: FSExtentStore:readExtent() Creating read stream. LocationId:Default extentId:4e550bc3-1e62-43e4-9d3d-6ba2361db643 path:azurite\__blobstorage__\4e550bc3-1e62-43e4-9d3d-6ba2361db643 offset:1533018 count:199221 end:1732238
2025-09-01T10:42:14.062Z 688007fb-c31d-4368-abb0-76d061b1b01a debug: OperationQueue.operate() Job e07d5ac5-9fc7-4621-a16c-8a48442071c2 completes callback, resolve.
2025-09-01T10:42:14.062Z 688007fb-c31d-4368-abb0-76d061b1b01a debug: OperationQueue:execute() Current runningConcurrency:0 maxConcurrency:50 operations.length:0
2025-09-01T10:42:14.062Z 688007fb-c31d-4368-abb0-76d061b1b01a debug: OperationQueue:execute() return. Operation.length === 0
2025-09-01T10:42:14.062Z 688007fb-c31d-4368-abb0-76d061b1b01a debug: OperationQueue:execute() Current runningConcurrency:0 maxConcurrency:100 operations.length:0
2025-09-01T10:42:14.062Z 688007fb-c31d-4368-abb0-76d061b1b01a debug: OperationQueue:execute() return. Operation.length === 0
2025-09-01T10:42:14.083Z 688007fb-c31d-4368-abb0-76d061b1b01a verbose: SerializerMiddleware: Start serializing...
2025-09-01T10:42:14.084Z 688007fb-c31d-4368-abb0-76d061b1b01a verbose: Send Blob telemetry: B_BlockBlob_Upload
2025-09-01T10:42:14.084Z 688007fb-c31d-4368-abb0-76d061b1b01a info: EndMiddleware: End response. TotalTimeInMS=31 StatusCode=201 StatusMessage=undefined Headers={"server":"Azurite-Blob/3.35.0","etag":"\"0x1D87DCA468D6850\"","last-modified":"Mon, 01 Sep 2025 10:42:14 GMT","content-md5":"aiwW2KQTKd9XZKBWuYb6xw==","x-ms-client-request-id":"8365d620-8b48-44fe-a14e-486e37d6ffb3","x-ms-request-id":"688007fb-c31d-4368-abb0-76d061b1b01a","x-ms-version":"2025-11-05","date":"Mon, 01 Sep 2025 10:42:14 GMT","x-ms-request-server-encrypted":"true"}
2025-09-01T10:42:14.084Z 688007fb-c31d-4368-abb0-76d061b1b01a verbose: FSExtentStore:readExtent() Read stream closed. LocationId:Default extentId:4e550bc3-1e62-43e4-9d3d-6ba2361db643 path:azurite\__blobstorage__\4e550bc3-1e62-43e4-9d3d-6ba2361db643 offset:1533018 count:199221 end:1732238
2025-09-01T10:42:14.428Z 	 info: AccountDataStore:init() Refresh accounts from environment variable AZURITE_ACCOUNTS with value undefined
2025-09-01T10:42:14.428Z 	 info: AccountDataStore:init() Fallback to default emulator account devstoreaccount1.
2025-09-01T10:42:14.475Z 	 info: AccountDataStore:init() Refresh accounts from environment variable AZURITE_ACCOUNTS with value undefined
2025-09-01T10:42:14.475Z 	 info: AccountDataStore:init() Fallback to default emulator account devstoreaccount1.
2025-09-01T10:42:14.522Z 	 info: QueueGCManager:markSweepLoop() Start new mark and sweep.
2025-09-01T10:42:14.522Z 	 info: QueueGCManger:markSweep() Get all extents.
2025-09-01T10:42:14.522Z 	 info: QueueGCManager:marksweep() Get 0 extents.
2025-09-01T10:42:14.522Z 	 info: QueueGCManager:markSweep() Get referred extents, then remove from allExtents.
2025-09-01T10:42:14.522Z 	 info: QueueGCManager:markSweep() Got referred extents, unreferenced extents count is 0.
2025-09-01T10:42:14.522Z 	 info: QueueGCManager:markSweepLoop() Mark and sweep finished, take 0ms.
2025-09-01T10:42:14.522Z 	 info: QueueGCManager:markSweepLoop() Sleep for 60000
2025-09-01T10:42:14.524Z 	 info: AccountDataStore:init() Refresh accounts from environment variable AZURITE_ACCOUNTS with value undefined
2025-09-01T10:42:14.524Z 	 info: AccountDataStore:init() Fallback to default emulator account devstoreaccount1.
2025-09-01T10:42:28.558Z 466bc701-ecf1-4d86-8ff0-a1fcec86caa5 info: BlobStorageContextMiddleware: RequestMethod=PUT RequestURL=http://127.0.0.1/devstoreaccount1/ctq-docs/welding/ticket.pdf RequestHeaders:{"content-type":"application/octet-stream","x-ms-version":"2025-07-05","content-length":"199221","x-ms-blob-content-type":"application/pdf","accept":"application/xml","x-ms-blob-type":"BlockBlob","user-agent":"azsdk-js-azure-storage-blob/12.28.0 core-rest-pipeline/1.22.0 Node/22.18.0 OS/(x64-Windows_NT-10.0.26100)","x-ms-client-request-id":"b9cfc35a-5062-44ff-b6df-13af465b117b","x-ms-date":"Mon, 01 Sep 2025 10:42:28 GMT","authorization":"SharedKey devstoreaccount1:6E5sjw3DHArdnsijjlM61NqJ0dR1H0AhZipyDlYa2Lg=","host":"127.0.0.1:10000","connection":"keep-alive"} ClientIP=127.0.0.1 Protocol=http HTTPVersion=1.1
2025-09-01T10:42:28.558Z 466bc701-ecf1-4d86-8ff0-a1fcec86caa5 info: BlobStorageContextMiddleware: Account=devstoreaccount1 Container=ctq-docs Blob=welding/ticket.pdf
2025-09-01T10:42:28.558Z 466bc701-ecf1-4d86-8ff0-a1fcec86caa5 verbose: DispatchMiddleware: Dispatching request...
2025-09-01T10:42:28.559Z 466bc701-ecf1-4d86-8ff0-a1fcec86caa5 info: DispatchMiddleware: Operation=BlockBlob_Upload
2025-09-01T10:42:28.559Z 466bc701-ecf1-4d86-8ff0-a1fcec86caa5 verbose: AuthenticationMiddlewareFactory:createAuthenticationMiddleware() Validating authentications.
2025-09-01T10:42:28.559Z 466bc701-ecf1-4d86-8ff0-a1fcec86caa5 info: PublicAccessAuthenticator:validate() Start validation against public access.
2025-09-01T10:42:28.559Z 466bc701-ecf1-4d86-8ff0-a1fcec86caa5 debug: PublicAccessAuthenticator:validate() Getting account properties...
2025-09-01T10:42:28.559Z 466bc701-ecf1-4d86-8ff0-a1fcec86caa5 debug: PublicAccessAuthenticator:validate() Retrieved account name from context: devstoreaccount1, container: ctq-docs, blob: welding/ticket.pdf
2025-09-01T10:42:28.560Z 466bc701-ecf1-4d86-8ff0-a1fcec86caa5 debug: PublicAccessAuthenticator:validate() Public access type for container ctq-docs is "container"
2025-09-01T10:42:28.560Z 466bc701-ecf1-4d86-8ff0-a1fcec86caa5 debug: PublicAccessAuthenticator:validate() Operation BlockBlob_Upload is not in container neither blob level public access list. Validation failed.
2025-09-01T10:42:28.560Z 466bc701-ecf1-4d86-8ff0-a1fcec86caa5 info: BlobSharedKeyAuthenticator:validate() Start validation against account shared key authentication.
2025-09-01T10:42:28.560Z 466bc701-ecf1-4d86-8ff0-a1fcec86caa5 info: BlobSharedKeyAuthenticator:validate() [STRING TO SIGN]:"PUT\n\n\n199221\n\napplication/octet-stream\n\n\n\n\n\n\nx-ms-blob-content-type:application/pdf\nx-ms-blob-type:BlockBlob\nx-ms-client-request-id:b9cfc35a-5062-44ff-b6df-13af465b117b\nx-ms-date:Mon, 01 Sep 2025 10:42:28 GMT\nx-ms-version:2025-07-05\n/devstoreaccount1/devstoreaccount1/ctq-docs/welding/ticket.pdf"
2025-09-01T10:42:28.560Z 466bc701-ecf1-4d86-8ff0-a1fcec86caa5 info: BlobSharedKeyAuthenticator:validate() Calculated authentication header based on key1: SharedKey devstoreaccount1:6E5sjw3DHArdnsijjlM61NqJ0dR1H0AhZipyDlYa2Lg=
2025-09-01T10:42:28.560Z 466bc701-ecf1-4d86-8ff0-a1fcec86caa5 info: BlobSharedKeyAuthenticator:validate() Signature 1 matched.
2025-09-01T10:42:28.560Z 466bc701-ecf1-4d86-8ff0-a1fcec86caa5 verbose: DeserializerMiddleware: Start deserializing...
2025-09-01T10:42:28.560Z 466bc701-ecf1-4d86-8ff0-a1fcec86caa5 info: HandlerMiddleware: DeserializedParameters={"options":{"metadata":{},"requestId":"b9cfc35a-5062-44ff-b6df-13af465b117b","blobHTTPHeaders":{"blobContentType":"application/pdf"},"leaseAccessConditions":{},"cpkInfo":{},"cpkScopeInfo":{},"modifiedAccessConditions":{}},"contentLength":199221,"version":"2025-07-05","blobType":"BlockBlob","body":"ReadableStream"}
2025-09-01T10:42:28.560Z 466bc701-ecf1-4d86-8ff0-a1fcec86caa5 debug: OperationQueue.operate() Schedule incoming job e5512578-76ae-42bd-a9c8-9695340a9fe5
2025-09-01T10:42:28.560Z 466bc701-ecf1-4d86-8ff0-a1fcec86caa5 debug: OperationQueue:execute() Current runningConcurrency:0 maxConcurrency:50 operations.length:1
2025-09-01T10:42:28.560Z 466bc701-ecf1-4d86-8ff0-a1fcec86caa5 info: FSExtentStore:appendExtent() Select extent from idle location for extent append operation. LocationId:1 extentId:4e550bc3-1e62-43e4-9d3d-6ba2361db643 offset:1732239 MAX_EXTENT_SIZE:67108864 
2025-09-01T10:42:28.560Z 466bc701-ecf1-4d86-8ff0-a1fcec86caa5 debug: FSExtentStore:appendExtent() Get fd:4 for extent:4e550bc3-1e62-43e4-9d3d-6ba2361db643 from cache.
2025-09-01T10:42:28.560Z 466bc701-ecf1-4d86-8ff0-a1fcec86caa5 debug: FSExtentStore:appendExtent() Created write stream for fd:4
2025-09-01T10:42:28.560Z 466bc701-ecf1-4d86-8ff0-a1fcec86caa5 debug: FSExtentStore:appendExtent() Start writing to extent 4e550bc3-1e62-43e4-9d3d-6ba2361db643
2025-09-01T10:42:28.560Z 466bc701-ecf1-4d86-8ff0-a1fcec86caa5 debug: FSExtentStore:streamPipe() Start piping data to write stream
2025-09-01T10:42:28.565Z 466bc701-ecf1-4d86-8ff0-a1fcec86caa5 debug: FSExtentStore:streamPipe() Readable stream triggers close event, 199221 bytes piped
2025-09-01T10:42:28.565Z 466bc701-ecf1-4d86-8ff0-a1fcec86caa5 debug: FSExtentStore:streamPipe() Invoke write stream end()
2025-09-01T10:42:28.565Z 466bc701-ecf1-4d86-8ff0-a1fcec86caa5 debug: FSExtentStore:streamPipe() Readable stream triggers close event, 199221 bytes piped
2025-09-01T10:42:28.565Z 466bc701-ecf1-4d86-8ff0-a1fcec86caa5 debug: FSExtentStore:streamPipe() Writable stream triggers finish event, after 199221 bytes piped. Flush data to fd:4.
2025-09-01T10:42:28.569Z 466bc701-ecf1-4d86-8ff0-a1fcec86caa5 debug: FSExtentStore:streamPipe() Flush data to fd:4 successfully. Resolve streamPipe().
2025-09-01T10:42:28.569Z 466bc701-ecf1-4d86-8ff0-a1fcec86caa5 debug: FSExtentStore:appendExtent() Write finish, start updating extent metadata. extent:{"id":"4e550bc3-1e62-43e4-9d3d-6ba2361db643","locationId":"Default","path":"4e550bc3-1e62-43e4-9d3d-6ba2361db643","size":1931460,"lastModifiedInMS":1756723348569}
2025-09-01T10:42:28.569Z 466bc701-ecf1-4d86-8ff0-a1fcec86caa5 debug: FSExtentStore:appendExtent() Update extent metadata done. Resolve()
2025-09-01T10:42:28.569Z 466bc701-ecf1-4d86-8ff0-a1fcec86caa5 debug: OperationQueue.operate() Job e5512578-76ae-42bd-a9c8-9695340a9fe5 completes callback, resolve.
2025-09-01T10:42:28.570Z 466bc701-ecf1-4d86-8ff0-a1fcec86caa5 debug: OperationQueue.operate() Schedule incoming job 7c1953a6-7022-4a80-805c-538e6cd2dba7
2025-09-01T10:42:28.570Z 466bc701-ecf1-4d86-8ff0-a1fcec86caa5 debug: OperationQueue:execute() Current runningConcurrency:0 maxConcurrency:100 operations.length:1
2025-09-01T10:42:28.570Z 466bc701-ecf1-4d86-8ff0-a1fcec86caa5 verbose: FSExtentStore:readExtent() Creating read stream. LocationId:Default extentId:4e550bc3-1e62-43e4-9d3d-6ba2361db643 path:azurite\__blobstorage__\4e550bc3-1e62-43e4-9d3d-6ba2361db643 offset:1732239 count:199221 end:1931459
2025-09-01T10:42:28.570Z 466bc701-ecf1-4d86-8ff0-a1fcec86caa5 debug: OperationQueue.operate() Job 7c1953a6-7022-4a80-805c-538e6cd2dba7 completes callback, resolve.
2025-09-01T10:42:28.570Z 466bc701-ecf1-4d86-8ff0-a1fcec86caa5 debug: OperationQueue:execute() Current runningConcurrency:0 maxConcurrency:50 operations.length:0
2025-09-01T10:42:28.570Z 466bc701-ecf1-4d86-8ff0-a1fcec86caa5 debug: OperationQueue:execute() return. Operation.length === 0
2025-09-01T10:42:28.570Z 466bc701-ecf1-4d86-8ff0-a1fcec86caa5 debug: OperationQueue:execute() Current runningConcurrency:0 maxConcurrency:100 operations.length:0
2025-09-01T10:42:28.570Z 466bc701-ecf1-4d86-8ff0-a1fcec86caa5 debug: OperationQueue:execute() return. Operation.length === 0
2025-09-01T10:42:28.589Z 466bc701-ecf1-4d86-8ff0-a1fcec86caa5 verbose: SerializerMiddleware: Start serializing...
2025-09-01T10:42:28.589Z 466bc701-ecf1-4d86-8ff0-a1fcec86caa5 verbose: Send Blob telemetry: B_BlockBlob_Upload
2025-09-01T10:42:28.589Z 466bc701-ecf1-4d86-8ff0-a1fcec86caa5 info: EndMiddleware: End response. TotalTimeInMS=31 StatusCode=201 StatusMessage=undefined Headers={"server":"Azurite-Blob/3.35.0","etag":"\"0x1DCE5C9F70B36C0\"","last-modified":"Mon, 01 Sep 2025 10:42:28 GMT","content-md5":"aiwW2KQTKd9XZKBWuYb6xw==","x-ms-client-request-id":"b9cfc35a-5062-44ff-b6df-13af465b117b","x-ms-request-id":"466bc701-ecf1-4d86-8ff0-a1fcec86caa5","x-ms-version":"2025-11-05","date":"Mon, 01 Sep 2025 10:42:28 GMT","x-ms-request-server-encrypted":"true"}
2025-09-01T10:42:28.590Z 466bc701-ecf1-4d86-8ff0-a1fcec86caa5 verbose: FSExtentStore:readExtent() Read stream closed. LocationId:Default extentId:4e550bc3-1e62-43e4-9d3d-6ba2361db643 path:azurite\__blobstorage__\4e550bc3-1e62-43e4-9d3d-6ba2361db643 offset:1732239 count:199221 end:1931459
2025-09-01T10:42:36.335Z a14844fc-e3e1-4972-a2fe-ffa1ccb2c3f3 info: BlobStorageContextMiddleware: RequestMethod=GET RequestURL=http://127.0.0.1/devstoreaccount1/ctq-docs/welding/ticket.pdf RequestHeaders:{"host":"127.0.0.1:10000","connection":"keep-alive","upgrade-insecure-requests":"1","user-agent":"Mozilla/5.0 (Windows NT 10.0; Win64; x64) AppleWebKit/537.36 (KHTML, like Gecko) Chrome/139.0.0.0 Safari/537.36","accept":"text/html,application/xhtml+xml,application/xml;q=0.9,image/avif,image/webp,image/apng,*/*;q=0.8,application/signed-exchange;v=b3;q=0.7","sec-fetch-site":"none","sec-fetch-mode":"navigate","sec-fetch-user":"?1","sec-fetch-dest":"document","sec-ch-ua":"\"Not;A=Brand\";v=\"99\", \"Google Chrome\";v=\"139\", \"Chromium\";v=\"139\"","sec-ch-ua-mobile":"?0","sec-ch-ua-platform":"\"Windows\"","accept-encoding":"gzip, deflate, br, zstd","accept-language":"en-US,en;q=0.9"} ClientIP=127.0.0.1 Protocol=http HTTPVersion=1.1
2025-09-01T10:42:36.336Z a14844fc-e3e1-4972-a2fe-ffa1ccb2c3f3 info: BlobStorageContextMiddleware: Account=devstoreaccount1 Container=ctq-docs Blob=welding/ticket.pdf
2025-09-01T10:42:36.336Z a14844fc-e3e1-4972-a2fe-ffa1ccb2c3f3 verbose: DispatchMiddleware: Dispatching request...
2025-09-01T10:42:36.336Z a14844fc-e3e1-4972-a2fe-ffa1ccb2c3f3 info: DispatchMiddleware: Operation=Blob_Download
2025-09-01T10:42:36.336Z a14844fc-e3e1-4972-a2fe-ffa1ccb2c3f3 verbose: AuthenticationMiddlewareFactory:createAuthenticationMiddleware() Validating authentications.
2025-09-01T10:42:36.336Z a14844fc-e3e1-4972-a2fe-ffa1ccb2c3f3 info: PublicAccessAuthenticator:validate() Start validation against public access.
2025-09-01T10:42:36.336Z a14844fc-e3e1-4972-a2fe-ffa1ccb2c3f3 debug: PublicAccessAuthenticator:validate() Getting account properties...
2025-09-01T10:42:36.336Z a14844fc-e3e1-4972-a2fe-ffa1ccb2c3f3 debug: PublicAccessAuthenticator:validate() Retrieved account name from context: devstoreaccount1, container: ctq-docs, blob: welding/ticket.pdf
2025-09-01T10:42:36.337Z a14844fc-e3e1-4972-a2fe-ffa1ccb2c3f3 debug: PublicAccessAuthenticator:validate() Public access type for container ctq-docs is "container"
2025-09-01T10:42:36.337Z a14844fc-e3e1-4972-a2fe-ffa1ccb2c3f3 debug: PublicAccessAuthenticator:validate() Operation Blob_Download is in container level public access list. Validation passed.
2025-09-01T10:42:36.337Z a14844fc-e3e1-4972-a2fe-ffa1ccb2c3f3 verbose: DeserializerMiddleware: Start deserializing...
2025-09-01T10:42:36.337Z a14844fc-e3e1-4972-a2fe-ffa1ccb2c3f3 info: HandlerMiddleware: DeserializedParameters={"options":{"leaseAccessConditions":{},"cpkInfo":{},"modifiedAccessConditions":{}}}
2025-09-01T10:42:36.337Z a14844fc-e3e1-4972-a2fe-ffa1ccb2c3f3 info: BlobHandler:downloadBlockBlobOrAppendBlob() NormalizedDownloadRange=bytes=0-199220 RequiredContentLength=199221
2025-09-01T10:42:36.337Z a14844fc-e3e1-4972-a2fe-ffa1ccb2c3f3 debug: OperationQueue.operate() Schedule incoming job 555a0240-878b-4bf2-9489-4ccc52675e8f
2025-09-01T10:42:36.338Z a14844fc-e3e1-4972-a2fe-ffa1ccb2c3f3 debug: OperationQueue:execute() Current runningConcurrency:0 maxConcurrency:100 operations.length:1
2025-09-01T10:42:36.338Z a14844fc-e3e1-4972-a2fe-ffa1ccb2c3f3 verbose: FSExtentStore:readExtent() Creating read stream. LocationId:Default extentId:4e550bc3-1e62-43e4-9d3d-6ba2361db643 path:azurite\__blobstorage__\4e550bc3-1e62-43e4-9d3d-6ba2361db643 offset:1732239 count:199221 end:1931459
2025-09-01T10:42:36.338Z a14844fc-e3e1-4972-a2fe-ffa1ccb2c3f3 debug: OperationQueue.operate() Job 555a0240-878b-4bf2-9489-4ccc52675e8f completes callback, resolve.
2025-09-01T10:42:36.338Z a14844fc-e3e1-4972-a2fe-ffa1ccb2c3f3 verbose: SerializerMiddleware: Start serializing...
2025-09-01T10:42:36.339Z a14844fc-e3e1-4972-a2fe-ffa1ccb2c3f3 info: Serializer: Start returning stream body.
2025-09-01T10:42:36.339Z a14844fc-e3e1-4972-a2fe-ffa1ccb2c3f3 debug: OperationQueue:execute() Current runningConcurrency:0 maxConcurrency:100 operations.length:0
2025-09-01T10:42:36.339Z a14844fc-e3e1-4972-a2fe-ffa1ccb2c3f3 debug: OperationQueue:execute() return. Operation.length === 0
2025-09-01T10:42:36.342Z a14844fc-e3e1-4972-a2fe-ffa1ccb2c3f3 verbose: Send Blob telemetry: B_Blob_Download
2025-09-01T10:42:36.342Z a14844fc-e3e1-4972-a2fe-ffa1ccb2c3f3 info: EndMiddleware: End response. TotalTimeInMS=7 StatusCode=200 StatusMessage=OK Headers={"server":"Azurite-Blob/3.35.0","last-modified":"Mon, 01 Sep 2025 10:42:28 GMT","x-ms-creation-time":"Mon, 01 Sep 2025 10:42:28 GMT","content-length":"199221","content-type":"application/pdf","etag":"\"0x1DCE5C9F70B36C0\"","content-md5":"aiwW2KQTKd9XZKBWuYb6xw==","x-ms-blob-type":"BlockBlob","x-ms-lease-state":"available","x-ms-lease-status":"unlocked","x-ms-request-id":"a14844fc-e3e1-4972-a2fe-ffa1ccb2c3f3","x-ms-version":"2025-11-05","accept-ranges":"bytes","date":"Mon, 01 Sep 2025 10:42:36 GMT","x-ms-server-encrypted":"true","x-ms-blob-content-md5":"aiwW2KQTKd9XZKBWuYb6xw=="}
2025-09-01T10:42:36.342Z a14844fc-e3e1-4972-a2fe-ffa1ccb2c3f3 verbose: FSExtentStore:readExtent() Read stream closed. LocationId:Default extentId:4e550bc3-1e62-43e4-9d3d-6ba2361db643 path:azurite\__blobstorage__\4e550bc3-1e62-43e4-9d3d-6ba2361db643 offset:1732239 count:199221 end:1931459
2025-09-01T10:42:36.556Z 31c90c69-90fa-4886-bd40-b270713649b5 info: BlobStorageContextMiddleware: RequestMethod=GET RequestURL=http://127.0.0.1/favicon.ico RequestHeaders:{"host":"127.0.0.1:10000","connection":"keep-alive","sec-ch-ua-platform":"\"Windows\"","user-agent":"Mozilla/5.0 (Windows NT 10.0; Win64; x64) AppleWebKit/537.36 (KHTML, like Gecko) Chrome/139.0.0.0 Safari/537.36","sec-ch-ua":"\"Not;A=Brand\";v=\"99\", \"Google Chrome\";v=\"139\", \"Chromium\";v=\"139\"","sec-ch-ua-mobile":"?0","accept":"image/avif,image/webp,image/apng,image/svg+xml,image/*,*/*;q=0.8","sec-fetch-site":"same-origin","sec-fetch-mode":"no-cors","sec-fetch-dest":"image","referer":"http://127.0.0.1:10000/devstoreaccount1/ctq-docs/welding/ticket.pdf","accept-encoding":"gzip, deflate, br, zstd","accept-language":"en-US,en;q=0.9"} ClientIP=127.0.0.1 Protocol=http HTTPVersion=1.1
2025-09-01T10:42:36.557Z 31c90c69-90fa-4886-bd40-b270713649b5 info: BlobStorageContextMiddleware: Account=favicon.ico Container=undefined Blob=
2025-09-01T10:42:36.557Z 31c90c69-90fa-4886-bd40-b270713649b5 verbose: DispatchMiddleware: Dispatching request...
2025-09-01T10:42:36.557Z 31c90c69-90fa-4886-bd40-b270713649b5 error: DispatchMiddleware: Incoming URL doesn't match any of swagger defined request patterns.
2025-09-01T10:42:36.557Z 31c90c69-90fa-4886-bd40-b270713649b5 error: ErrorMiddleware: Received a MiddlewareError, fill error information to HTTP response
2025-09-01T10:42:36.557Z 31c90c69-90fa-4886-bd40-b270713649b5 error: ErrorMiddleware: ErrorName=UnsupportedRequestError ErrorMessage=Incoming URL doesn't match any of swagger defined request patterns.  ErrorHTTPStatusCode=400 ErrorHTTPStatusMessage=undefined ErrorHTTPHeaders=undefined ErrorHTTPBody=undefined ErrorStack="UnsupportedRequestError: Incoming URL doesn't match any of swagger defined request patterns.\n    at dispatchMiddleware (C:\\QR Portal\\node_modules\\azurite\\dist\\src\\blob\\generated\\middleware\\dispatch.middleware.js:41:30)\n    at C:\\QR Portal\\node_modules\\azurite\\dist\\src\\blob\\generated\\ExpressMiddlewareFactory.js:50:47\n    at Layer.handle [as handle_request] (C:\\QR Portal\\node_modules\\azurite\\node_modules\\express\\lib\\router\\layer.js:95:5)\n    at trim_prefix (C:\\QR Portal\\node_modules\\azurite\\node_modules\\express\\lib\\router\\index.js:328:13)\n    at C:\\QR Portal\\node_modules\\azurite\\node_modules\\express\\lib\\router\\index.js:286:9\n    at Function.process_params (C:\\QR Portal\\node_modules\\azurite\\node_modules\\express\\lib\\router\\index.js:346:12)\n    at next (C:\\QR Portal\\node_modules\\azurite\\node_modules\\express\\lib\\router\\index.js:280:10)\n    at blobStorageContextMiddleware (C:\\QR Portal\\node_modules\\azurite\\dist\\src\\blob\\middlewares\\blobStorageContext.middleware.js:137:5)\n    at C:\\QR Portal\\node_modules\\azurite\\dist\\src\\blob\\middlewares\\blobStorageContext.middleware.js:15:16\n    at Layer.handle [as handle_request] (C:\\QR Portal\\node_modules\\azurite\\node_modules\\express\\lib\\router\\layer.js:95:5)"
2025-09-01T10:42:36.557Z 31c90c69-90fa-4886-bd40-b270713649b5 error: ErrorMiddleware: Set HTTP code: 400
2025-09-01T10:42:36.557Z 31c90c69-90fa-4886-bd40-b270713649b5 error: ErrorMiddleware: Set HTTP body: undefined
2025-09-01T10:42:36.557Z 31c90c69-90fa-4886-bd40-b270713649b5 verbose: Send Blob telemetry: B_Service_SetProperties
2025-09-01T10:42:36.558Z 31c90c69-90fa-4886-bd40-b270713649b5 info: EndMiddleware: End response. TotalTimeInMS=2 StatusCode=400 StatusMessage=undefined Headers={"server":"Azurite-Blob/3.35.0"}
2025-09-01T10:43:14.436Z 	 info: AccountDataStore:init() Refresh accounts from environment variable AZURITE_ACCOUNTS with value undefined
2025-09-01T10:43:14.436Z 	 info: AccountDataStore:init() Fallback to default emulator account devstoreaccount1.
2025-09-01T10:43:14.482Z 	 info: AccountDataStore:init() Refresh accounts from environment variable AZURITE_ACCOUNTS with value undefined
2025-09-01T10:43:14.482Z 	 info: AccountDataStore:init() Fallback to default emulator account devstoreaccount1.
2025-09-01T10:43:14.529Z 	 info: QueueGCManager:markSweepLoop() Start new mark and sweep.
2025-09-01T10:43:14.529Z 	 info: QueueGCManger:markSweep() Get all extents.
2025-09-01T10:43:14.529Z 	 info: QueueGCManager:marksweep() Get 0 extents.
2025-09-01T10:43:14.529Z 	 info: QueueGCManager:markSweep() Get referred extents, then remove from allExtents.
2025-09-01T10:43:14.529Z 	 info: QueueGCManager:markSweep() Got referred extents, unreferenced extents count is 0.
2025-09-01T10:43:14.529Z 	 info: QueueGCManager:markSweepLoop() Mark and sweep finished, take 0ms.
2025-09-01T10:43:14.529Z 	 info: QueueGCManager:markSweepLoop() Sleep for 60000
2025-09-01T10:43:14.529Z 	 info: AccountDataStore:init() Refresh accounts from environment variable AZURITE_ACCOUNTS with value undefined
2025-09-01T10:43:14.529Z 	 info: AccountDataStore:init() Fallback to default emulator account devstoreaccount1.
2025-09-01T10:44:14.442Z 	 info: AccountDataStore:init() Refresh accounts from environment variable AZURITE_ACCOUNTS with value undefined
2025-09-01T10:44:14.443Z 	 info: AccountDataStore:init() Fallback to default emulator account devstoreaccount1.
2025-09-01T10:44:14.490Z 	 info: AccountDataStore:init() Refresh accounts from environment variable AZURITE_ACCOUNTS with value undefined
2025-09-01T10:44:14.490Z 	 info: AccountDataStore:init() Fallback to default emulator account devstoreaccount1.
2025-09-01T10:44:14.536Z 	 info: QueueGCManager:markSweepLoop() Start new mark and sweep.
2025-09-01T10:44:14.536Z 	 info: QueueGCManger:markSweep() Get all extents.
2025-09-01T10:44:14.536Z 	 info: QueueGCManager:marksweep() Get 0 extents.
2025-09-01T10:44:14.536Z 	 info: QueueGCManager:markSweep() Get referred extents, then remove from allExtents.
2025-09-01T10:44:14.536Z 	 info: QueueGCManager:markSweep() Got referred extents, unreferenced extents count is 0.
2025-09-01T10:44:14.536Z 	 info: QueueGCManager:markSweepLoop() Mark and sweep finished, take 0ms.
2025-09-01T10:44:14.536Z 	 info: QueueGCManager:markSweepLoop() Sleep for 60000
2025-09-01T10:44:14.536Z 	 info: AccountDataStore:init() Refresh accounts from environment variable AZURITE_ACCOUNTS with value undefined
2025-09-01T10:44:14.536Z 	 info: AccountDataStore:init() Fallback to default emulator account devstoreaccount1.
2025-09-01T10:45:14.447Z 	 info: AccountDataStore:init() Refresh accounts from environment variable AZURITE_ACCOUNTS with value undefined
2025-09-01T10:45:14.447Z 	 info: AccountDataStore:init() Fallback to default emulator account devstoreaccount1.
2025-09-01T10:45:14.495Z 	 info: AccountDataStore:init() Refresh accounts from environment variable AZURITE_ACCOUNTS with value undefined
2025-09-01T10:45:14.496Z 	 info: AccountDataStore:init() Fallback to default emulator account devstoreaccount1.
2025-09-01T10:45:14.541Z 	 info: QueueGCManager:markSweepLoop() Start new mark and sweep.
2025-09-01T10:45:14.541Z 	 info: QueueGCManger:markSweep() Get all extents.
2025-09-01T10:45:14.541Z 	 info: QueueGCManager:marksweep() Get 0 extents.
2025-09-01T10:45:14.541Z 	 info: QueueGCManager:markSweep() Get referred extents, then remove from allExtents.
2025-09-01T10:45:14.541Z 	 info: QueueGCManager:markSweep() Got referred extents, unreferenced extents count is 0.
2025-09-01T10:45:14.542Z 	 info: QueueGCManager:markSweepLoop() Mark and sweep finished, take 1ms.
2025-09-01T10:45:14.542Z 	 info: QueueGCManager:markSweepLoop() Sleep for 60000
2025-09-01T10:45:14.542Z 	 info: AccountDataStore:init() Refresh accounts from environment variable AZURITE_ACCOUNTS with value undefined
2025-09-01T10:45:14.542Z 	 info: AccountDataStore:init() Fallback to default emulator account devstoreaccount1.
2025-09-01T10:46:14.362Z 	 info: BlobGCManager:markSweepLoop() Start next mark and sweep.
2025-09-01T10:46:14.362Z 	 info: BlobGCManager:markSweep() Get all extents.
2025-09-01T10:46:14.362Z 	 info: BlobGCManager:markSweep() Got 0 extents.
2025-09-01T10:46:14.362Z 	 info: BlobGCManager:markSweep() Get referred extents.
2025-09-01T10:46:14.363Z 	 info: BlobGCManager:markSweep() Got referred extents, unreferenced extents count is 0.
2025-09-01T10:46:14.363Z 	 info: BlobGCManager:markSweepLoop() Mark and sweep finished, taken 1ms.
2025-09-01T10:46:14.363Z 	 info: BlobGCManager:markSweepLoop() Sleep for 600000ms.
2025-09-01T10:46:14.456Z 	 info: AccountDataStore:init() Refresh accounts from environment variable AZURITE_ACCOUNTS with value undefined
2025-09-01T10:46:14.456Z 	 info: AccountDataStore:init() Fallback to default emulator account devstoreaccount1.
2025-09-01T10:46:14.502Z 	 info: AccountDataStore:init() Refresh accounts from environment variable AZURITE_ACCOUNTS with value undefined
2025-09-01T10:46:14.502Z 	 info: AccountDataStore:init() Fallback to default emulator account devstoreaccount1.
2025-09-01T10:46:14.549Z 	 info: QueueGCManager:markSweepLoop() Start new mark and sweep.
2025-09-01T10:46:14.550Z 	 info: QueueGCManger:markSweep() Get all extents.
2025-09-01T10:46:14.550Z 	 info: QueueGCManager:marksweep() Get 0 extents.
2025-09-01T10:46:14.550Z 	 info: QueueGCManager:markSweep() Get referred extents, then remove from allExtents.
2025-09-01T10:46:14.550Z 	 info: QueueGCManager:markSweep() Got referred extents, unreferenced extents count is 0.
2025-09-01T10:46:14.550Z 	 info: QueueGCManager:markSweepLoop() Mark and sweep finished, take 0ms.
2025-09-01T10:46:14.550Z 	 info: QueueGCManager:markSweepLoop() Sleep for 60000
2025-09-01T10:46:14.550Z 	 info: AccountDataStore:init() Refresh accounts from environment variable AZURITE_ACCOUNTS with value undefined
2025-09-01T10:46:14.550Z 	 info: AccountDataStore:init() Fallback to default emulator account devstoreaccount1.
2025-09-01T10:47:14.461Z 	 info: AccountDataStore:init() Refresh accounts from environment variable AZURITE_ACCOUNTS with value undefined
2025-09-01T10:47:14.461Z 	 info: AccountDataStore:init() Fallback to default emulator account devstoreaccount1.
2025-09-01T10:47:14.509Z 	 info: AccountDataStore:init() Refresh accounts from environment variable AZURITE_ACCOUNTS with value undefined
2025-09-01T10:47:14.509Z 	 info: AccountDataStore:init() Fallback to default emulator account devstoreaccount1.
2025-09-01T10:47:14.556Z 	 info: QueueGCManager:markSweepLoop() Start new mark and sweep.
2025-09-01T10:47:14.556Z 	 info: QueueGCManger:markSweep() Get all extents.
2025-09-01T10:47:14.556Z 	 info: QueueGCManager:marksweep() Get 0 extents.
2025-09-01T10:47:14.556Z 	 info: QueueGCManager:markSweep() Get referred extents, then remove from allExtents.
2025-09-01T10:47:14.556Z 	 info: QueueGCManager:markSweep() Got referred extents, unreferenced extents count is 0.
2025-09-01T10:47:14.556Z 	 info: QueueGCManager:markSweepLoop() Mark and sweep finished, take 0ms.
2025-09-01T10:47:14.556Z 	 info: QueueGCManager:markSweepLoop() Sleep for 60000
2025-09-01T10:47:14.556Z 	 info: AccountDataStore:init() Refresh accounts from environment variable AZURITE_ACCOUNTS with value undefined
2025-09-01T10:47:14.556Z 	 info: AccountDataStore:init() Fallback to default emulator account devstoreaccount1.
2025-09-01T10:48:14.475Z 	 info: AccountDataStore:init() Refresh accounts from environment variable AZURITE_ACCOUNTS with value undefined
2025-09-01T10:48:14.476Z 	 info: AccountDataStore:init() Fallback to default emulator account devstoreaccount1.
2025-09-01T10:48:14.521Z 	 info: AccountDataStore:init() Refresh accounts from environment variable AZURITE_ACCOUNTS with value undefined
2025-09-01T10:48:14.521Z 	 info: AccountDataStore:init() Fallback to default emulator account devstoreaccount1.
2025-09-01T10:48:14.567Z 	 info: QueueGCManager:markSweepLoop() Start new mark and sweep.
2025-09-01T10:48:14.568Z 	 info: QueueGCManger:markSweep() Get all extents.
2025-09-01T10:48:14.568Z 	 info: QueueGCManager:marksweep() Get 0 extents.
2025-09-01T10:48:14.568Z 	 info: QueueGCManager:markSweep() Get referred extents, then remove from allExtents.
2025-09-01T10:48:14.568Z 	 info: QueueGCManager:markSweep() Got referred extents, unreferenced extents count is 0.
2025-09-01T10:48:14.568Z 	 info: QueueGCManager:markSweepLoop() Mark and sweep finished, take 0ms.
2025-09-01T10:48:14.568Z 	 info: QueueGCManager:markSweepLoop() Sleep for 60000
2025-09-01T10:48:14.568Z 	 info: AccountDataStore:init() Refresh accounts from environment variable AZURITE_ACCOUNTS with value undefined
2025-09-01T10:48:14.568Z 	 info: AccountDataStore:init() Fallback to default emulator account devstoreaccount1.
2025-09-01T10:49:14.479Z 	 info: AccountDataStore:init() Refresh accounts from environment variable AZURITE_ACCOUNTS with value undefined
2025-09-01T10:49:14.479Z 	 info: AccountDataStore:init() Fallback to default emulator account devstoreaccount1.
2025-09-01T10:49:14.526Z 	 info: AccountDataStore:init() Refresh accounts from environment variable AZURITE_ACCOUNTS with value undefined
2025-09-01T10:49:14.526Z 	 info: AccountDataStore:init() Fallback to default emulator account devstoreaccount1.
2025-09-01T10:49:14.571Z 	 info: QueueGCManager:markSweepLoop() Start new mark and sweep.
2025-09-01T10:49:14.571Z 	 info: QueueGCManger:markSweep() Get all extents.
2025-09-01T10:49:14.572Z 	 info: QueueGCManager:marksweep() Get 0 extents.
2025-09-01T10:49:14.572Z 	 info: QueueGCManager:markSweep() Get referred extents, then remove from allExtents.
2025-09-01T10:49:14.572Z 	 info: QueueGCManager:markSweep() Got referred extents, unreferenced extents count is 0.
2025-09-01T10:49:14.572Z 	 info: QueueGCManager:markSweepLoop() Mark and sweep finished, take 1ms.
2025-09-01T10:49:14.572Z 	 info: QueueGCManager:markSweepLoop() Sleep for 60000
2025-09-01T10:49:14.572Z 	 info: AccountDataStore:init() Refresh accounts from environment variable AZURITE_ACCOUNTS with value undefined
2025-09-01T10:49:14.572Z 	 info: AccountDataStore:init() Fallback to default emulator account devstoreaccount1.
2025-09-01T10:50:14.485Z 	 info: AccountDataStore:init() Refresh accounts from environment variable AZURITE_ACCOUNTS with value undefined
2025-09-01T10:50:14.486Z 	 info: AccountDataStore:init() Fallback to default emulator account devstoreaccount1.
2025-09-01T10:50:14.533Z 	 info: AccountDataStore:init() Refresh accounts from environment variable AZURITE_ACCOUNTS with value undefined
2025-09-01T10:50:14.533Z 	 info: AccountDataStore:init() Fallback to default emulator account devstoreaccount1.
2025-09-01T10:50:14.579Z 	 info: QueueGCManager:markSweepLoop() Start new mark and sweep.
2025-09-01T10:50:14.579Z 	 info: QueueGCManger:markSweep() Get all extents.
2025-09-01T10:50:14.579Z 	 info: QueueGCManager:marksweep() Get 0 extents.
2025-09-01T10:50:14.579Z 	 info: QueueGCManager:markSweep() Get referred extents, then remove from allExtents.
2025-09-01T10:50:14.579Z 	 info: QueueGCManager:markSweep() Got referred extents, unreferenced extents count is 0.
2025-09-01T10:50:14.579Z 	 info: QueueGCManager:markSweepLoop() Mark and sweep finished, take 0ms.
2025-09-01T10:50:14.579Z 	 info: QueueGCManager:markSweepLoop() Sleep for 60000
2025-09-01T10:50:14.579Z 	 info: AccountDataStore:init() Refresh accounts from environment variable AZURITE_ACCOUNTS with value undefined
2025-09-01T10:50:14.579Z 	 info: AccountDataStore:init() Fallback to default emulator account devstoreaccount1.
2025-09-01T10:51:14.500Z 	 info: AccountDataStore:init() Refresh accounts from environment variable AZURITE_ACCOUNTS with value undefined
2025-09-01T10:51:14.501Z 	 info: AccountDataStore:init() Fallback to default emulator account devstoreaccount1.
2025-09-01T10:51:14.546Z 	 info: AccountDataStore:init() Refresh accounts from environment variable AZURITE_ACCOUNTS with value undefined
2025-09-01T10:51:14.546Z 	 info: AccountDataStore:init() Fallback to default emulator account devstoreaccount1.
2025-09-01T10:51:14.593Z 	 info: QueueGCManager:markSweepLoop() Start new mark and sweep.
2025-09-01T10:51:14.593Z 	 info: QueueGCManger:markSweep() Get all extents.
2025-09-01T10:51:14.594Z 	 info: QueueGCManager:marksweep() Get 0 extents.
2025-09-01T10:51:14.594Z 	 info: QueueGCManager:markSweep() Get referred extents, then remove from allExtents.
2025-09-01T10:51:14.594Z 	 info: QueueGCManager:markSweep() Got referred extents, unreferenced extents count is 0.
2025-09-01T10:51:14.594Z 	 info: QueueGCManager:markSweepLoop() Mark and sweep finished, take 1ms.
2025-09-01T10:51:14.594Z 	 info: QueueGCManager:markSweepLoop() Sleep for 60000
2025-09-01T10:51:14.594Z 	 info: AccountDataStore:init() Refresh accounts from environment variable AZURITE_ACCOUNTS with value undefined
2025-09-01T10:51:14.594Z 	 info: AccountDataStore:init() Fallback to default emulator account devstoreaccount1.
2025-09-01T10:51:25.656Z 2ae81f07-d8d3-42ba-9d84-63799be51b58 info: BlobStorageContextMiddleware: RequestMethod=PUT RequestURL=http://127.0.0.1/devstoreaccount1/quality-docs?restype=container RequestHeaders:{"x-ms-version":"2025-07-05","accept":"application/xml","x-ms-blob-public-access":"container","user-agent":"azsdk-js-azure-storage-blob/12.28.0 core-rest-pipeline/1.22.0 Node/22.18.0 OS/(x64-Windows_NT-10.0.26100)","x-ms-client-request-id":"f4da4c2d-780d-4276-a870-15455b2ebdca","x-ms-date":"Mon, 01 Sep 2025 10:51:25 GMT","authorization":"SharedKey devstoreaccount1:1SuZ2J2++s3XRnfT5g0OAGnbKfMFsFquIL9eDOhr3fc=","host":"127.0.0.1:10000","connection":"keep-alive","content-length":"0"} ClientIP=127.0.0.1 Protocol=http HTTPVersion=1.1
2025-09-01T10:51:25.656Z 2ae81f07-d8d3-42ba-9d84-63799be51b58 info: BlobStorageContextMiddleware: Account=devstoreaccount1 Container=quality-docs Blob=
2025-09-01T10:51:25.656Z 2ae81f07-d8d3-42ba-9d84-63799be51b58 verbose: DispatchMiddleware: Dispatching request...
2025-09-01T10:51:25.657Z 2ae81f07-d8d3-42ba-9d84-63799be51b58 info: DispatchMiddleware: Operation=Container_Create
2025-09-01T10:51:25.657Z 2ae81f07-d8d3-42ba-9d84-63799be51b58 verbose: AuthenticationMiddlewareFactory:createAuthenticationMiddleware() Validating authentications.
2025-09-01T10:51:25.657Z 2ae81f07-d8d3-42ba-9d84-63799be51b58 info: PublicAccessAuthenticator:validate() Start validation against public access.
2025-09-01T10:51:25.657Z 2ae81f07-d8d3-42ba-9d84-63799be51b58 debug: PublicAccessAuthenticator:validate() Getting account properties...
2025-09-01T10:51:25.657Z 2ae81f07-d8d3-42ba-9d84-63799be51b58 debug: PublicAccessAuthenticator:validate() Retrieved account name from context: devstoreaccount1, container: quality-docs, blob: 
2025-09-01T10:51:25.659Z 2ae81f07-d8d3-42ba-9d84-63799be51b58 debug: PublicAccessAuthenticator:validate() Skip public access authentication. Cannot get public access type for container quality-docs
2025-09-01T10:51:25.659Z 2ae81f07-d8d3-42ba-9d84-63799be51b58 info: BlobSharedKeyAuthenticator:validate() Start validation against account shared key authentication.
2025-09-01T10:51:25.659Z 2ae81f07-d8d3-42ba-9d84-63799be51b58 info: BlobSharedKeyAuthenticator:validate() [STRING TO SIGN]:"PUT\n\n\n\n\n\n\n\n\n\n\n\nx-ms-blob-public-access:container\nx-ms-client-request-id:f4da4c2d-780d-4276-a870-15455b2ebdca\nx-ms-date:Mon, 01 Sep 2025 10:51:25 GMT\nx-ms-version:2025-07-05\n/devstoreaccount1/devstoreaccount1/quality-docs\nrestype:container"
2025-09-01T10:51:25.659Z 2ae81f07-d8d3-42ba-9d84-63799be51b58 info: BlobSharedKeyAuthenticator:validate() Calculated authentication header based on key1: SharedKey devstoreaccount1:1SuZ2J2++s3XRnfT5g0OAGnbKfMFsFquIL9eDOhr3fc=
2025-09-01T10:51:25.659Z 2ae81f07-d8d3-42ba-9d84-63799be51b58 info: BlobSharedKeyAuthenticator:validate() Signature 1 matched.
2025-09-01T10:51:25.659Z 2ae81f07-d8d3-42ba-9d84-63799be51b58 verbose: DeserializerMiddleware: Start deserializing...
2025-09-01T10:51:25.659Z 2ae81f07-d8d3-42ba-9d84-63799be51b58 info: HandlerMiddleware: DeserializedParameters={"options":{"metadata":{},"access":"container","requestId":"f4da4c2d-780d-4276-a870-15455b2ebdca","containerCpkScopeInfo":{}},"restype":"container","version":"2025-07-05"}
2025-09-01T10:51:25.659Z 2ae81f07-d8d3-42ba-9d84-63799be51b58 verbose: SerializerMiddleware: Start serializing...
2025-09-01T10:51:25.660Z 2ae81f07-d8d3-42ba-9d84-63799be51b58 verbose: Send Blob telemetry: B_Container_Create
2025-09-01T10:51:25.660Z 2ae81f07-d8d3-42ba-9d84-63799be51b58 info: EndMiddleware: End response. TotalTimeInMS=4 StatusCode=201 StatusMessage=undefined Headers={"server":"Azurite-Blob/3.35.0","etag":"\"0x21077E0C82FB560\"","last-modified":"Mon, 01 Sep 2025 10:51:25 GMT","x-ms-client-request-id":"f4da4c2d-780d-4276-a870-15455b2ebdca","x-ms-request-id":"2ae81f07-d8d3-42ba-9d84-63799be51b58","x-ms-version":"2025-11-05"}
2025-09-01T10:51:25.681Z 576170a5-ac00-4562-9674-717bc2a5d726 info: BlobStorageContextMiddleware: RequestMethod=PUT RequestURL=http://127.0.0.1/devstoreaccount1/quality-docs/testing/Maynooth-H7-Office-refit.docx RequestHeaders:{"content-type":"application/octet-stream","x-ms-version":"2025-07-05","content-length":"3092258","x-ms-blob-content-type":"application/vnd.openxmlformats-officedocument.wordprocessingml.document","accept":"application/xml","x-ms-blob-type":"BlockBlob","user-agent":"azsdk-js-azure-storage-blob/12.28.0 core-rest-pipeline/1.22.0 Node/22.18.0 OS/(x64-Windows_NT-10.0.26100)","x-ms-client-request-id":"82cfc61b-01e3-4a48-b131-419b8dbfc5bd","x-ms-date":"Mon, 01 Sep 2025 10:51:25 GMT","authorization":"SharedKey devstoreaccount1:5n6njI4TY817WpAnTZCM6M08PDr50PqCOkgAR6Zool4=","host":"127.0.0.1:10000","connection":"keep-alive"} ClientIP=127.0.0.1 Protocol=http HTTPVersion=1.1
2025-09-01T10:51:25.682Z 576170a5-ac00-4562-9674-717bc2a5d726 info: BlobStorageContextMiddleware: Account=devstoreaccount1 Container=quality-docs Blob=testing/Maynooth-H7-Office-refit.docx
2025-09-01T10:51:25.682Z 576170a5-ac00-4562-9674-717bc2a5d726 verbose: DispatchMiddleware: Dispatching request...
2025-09-01T10:51:25.682Z 576170a5-ac00-4562-9674-717bc2a5d726 info: DispatchMiddleware: Operation=BlockBlob_Upload
2025-09-01T10:51:25.682Z 576170a5-ac00-4562-9674-717bc2a5d726 verbose: AuthenticationMiddlewareFactory:createAuthenticationMiddleware() Validating authentications.
2025-09-01T10:51:25.682Z 576170a5-ac00-4562-9674-717bc2a5d726 info: PublicAccessAuthenticator:validate() Start validation against public access.
2025-09-01T10:51:25.682Z 576170a5-ac00-4562-9674-717bc2a5d726 debug: PublicAccessAuthenticator:validate() Getting account properties...
2025-09-01T10:51:25.682Z 576170a5-ac00-4562-9674-717bc2a5d726 debug: PublicAccessAuthenticator:validate() Retrieved account name from context: devstoreaccount1, container: quality-docs, blob: testing/Maynooth-H7-Office-refit.docx
2025-09-01T10:51:25.682Z 576170a5-ac00-4562-9674-717bc2a5d726 debug: PublicAccessAuthenticator:validate() Public access type for container quality-docs is "container"
2025-09-01T10:51:25.682Z 576170a5-ac00-4562-9674-717bc2a5d726 debug: PublicAccessAuthenticator:validate() Operation BlockBlob_Upload is not in container neither blob level public access list. Validation failed.
2025-09-01T10:51:25.682Z 576170a5-ac00-4562-9674-717bc2a5d726 info: BlobSharedKeyAuthenticator:validate() Start validation against account shared key authentication.
2025-09-01T10:51:25.683Z 576170a5-ac00-4562-9674-717bc2a5d726 info: BlobSharedKeyAuthenticator:validate() [STRING TO SIGN]:"PUT\n\n\n3092258\n\napplication/octet-stream\n\n\n\n\n\n\nx-ms-blob-content-type:application/vnd.openxmlformats-officedocument.wordprocessingml.document\nx-ms-blob-type:BlockBlob\nx-ms-client-request-id:82cfc61b-01e3-4a48-b131-419b8dbfc5bd\nx-ms-date:Mon, 01 Sep 2025 10:51:25 GMT\nx-ms-version:2025-07-05\n/devstoreaccount1/devstoreaccount1/quality-docs/testing/Maynooth-H7-Office-refit.docx"
2025-09-01T10:51:25.683Z 576170a5-ac00-4562-9674-717bc2a5d726 info: BlobSharedKeyAuthenticator:validate() Calculated authentication header based on key1: SharedKey devstoreaccount1:5n6njI4TY817WpAnTZCM6M08PDr50PqCOkgAR6Zool4=
2025-09-01T10:51:25.683Z 576170a5-ac00-4562-9674-717bc2a5d726 info: BlobSharedKeyAuthenticator:validate() Signature 1 matched.
2025-09-01T10:51:25.683Z 576170a5-ac00-4562-9674-717bc2a5d726 verbose: DeserializerMiddleware: Start deserializing...
2025-09-01T10:51:25.683Z 576170a5-ac00-4562-9674-717bc2a5d726 info: HandlerMiddleware: DeserializedParameters={"options":{"metadata":{},"requestId":"82cfc61b-01e3-4a48-b131-419b8dbfc5bd","blobHTTPHeaders":{"blobContentType":"application/vnd.openxmlformats-officedocument.wordprocessingml.document"},"leaseAccessConditions":{},"cpkInfo":{},"cpkScopeInfo":{},"modifiedAccessConditions":{}},"contentLength":3092258,"version":"2025-07-05","blobType":"BlockBlob","body":"ReadableStream"}
2025-09-01T10:51:25.683Z 576170a5-ac00-4562-9674-717bc2a5d726 debug: OperationQueue.operate() Schedule incoming job 6a25d593-3694-4781-b7b1-531cec79b42c
2025-09-01T10:51:25.683Z 576170a5-ac00-4562-9674-717bc2a5d726 debug: OperationQueue:execute() Current runningConcurrency:0 maxConcurrency:50 operations.length:1
2025-09-01T10:51:25.683Z 576170a5-ac00-4562-9674-717bc2a5d726 info: FSExtentStore:appendExtent() Select extent from idle location for extent append operation. LocationId:1 extentId:4e550bc3-1e62-43e4-9d3d-6ba2361db643 offset:1931460 MAX_EXTENT_SIZE:67108864 
2025-09-01T10:51:25.683Z 576170a5-ac00-4562-9674-717bc2a5d726 debug: FSExtentStore:appendExtent() Get fd:4 for extent:4e550bc3-1e62-43e4-9d3d-6ba2361db643 from cache.
2025-09-01T10:51:25.683Z 576170a5-ac00-4562-9674-717bc2a5d726 debug: FSExtentStore:appendExtent() Created write stream for fd:4
2025-09-01T10:51:25.683Z 576170a5-ac00-4562-9674-717bc2a5d726 debug: FSExtentStore:appendExtent() Start writing to extent 4e550bc3-1e62-43e4-9d3d-6ba2361db643
2025-09-01T10:51:25.683Z 576170a5-ac00-4562-9674-717bc2a5d726 debug: FSExtentStore:streamPipe() Start piping data to write stream
2025-09-01T10:51:25.710Z 576170a5-ac00-4562-9674-717bc2a5d726 debug: FSExtentStore:streamPipe() Readable stream triggers close event, 3092258 bytes piped
2025-09-01T10:51:25.710Z 576170a5-ac00-4562-9674-717bc2a5d726 debug: FSExtentStore:streamPipe() Invoke write stream end()
2025-09-01T10:51:25.710Z 576170a5-ac00-4562-9674-717bc2a5d726 debug: FSExtentStore:streamPipe() Readable stream triggers close event, 3092258 bytes piped
2025-09-01T10:51:25.710Z 576170a5-ac00-4562-9674-717bc2a5d726 debug: FSExtentStore:streamPipe() Writable stream triggers finish event, after 3092258 bytes piped. Flush data to fd:4.
2025-09-01T10:51:25.716Z 576170a5-ac00-4562-9674-717bc2a5d726 debug: FSExtentStore:streamPipe() Flush data to fd:4 successfully. Resolve streamPipe().
2025-09-01T10:51:25.716Z 576170a5-ac00-4562-9674-717bc2a5d726 debug: FSExtentStore:appendExtent() Write finish, start updating extent metadata. extent:{"id":"4e550bc3-1e62-43e4-9d3d-6ba2361db643","locationId":"Default","path":"4e550bc3-1e62-43e4-9d3d-6ba2361db643","size":5023718,"lastModifiedInMS":1756723885716}
2025-09-01T10:51:25.716Z 576170a5-ac00-4562-9674-717bc2a5d726 debug: FSExtentStore:appendExtent() Update extent metadata done. Resolve()
2025-09-01T10:51:25.716Z 576170a5-ac00-4562-9674-717bc2a5d726 debug: OperationQueue.operate() Job 6a25d593-3694-4781-b7b1-531cec79b42c completes callback, resolve.
2025-09-01T10:51:25.716Z 576170a5-ac00-4562-9674-717bc2a5d726 debug: OperationQueue.operate() Schedule incoming job f9971409-5407-4a6c-a129-6bc6caaffc53
2025-09-01T10:51:25.716Z 576170a5-ac00-4562-9674-717bc2a5d726 debug: OperationQueue:execute() Current runningConcurrency:0 maxConcurrency:100 operations.length:1
2025-09-01T10:51:25.716Z 576170a5-ac00-4562-9674-717bc2a5d726 verbose: FSExtentStore:readExtent() Creating read stream. LocationId:Default extentId:4e550bc3-1e62-43e4-9d3d-6ba2361db643 path:azurite\__blobstorage__\4e550bc3-1e62-43e4-9d3d-6ba2361db643 offset:1931460 count:3092258 end:5023717
2025-09-01T10:51:25.716Z 576170a5-ac00-4562-9674-717bc2a5d726 debug: OperationQueue.operate() Job f9971409-5407-4a6c-a129-6bc6caaffc53 completes callback, resolve.
2025-09-01T10:51:25.716Z 576170a5-ac00-4562-9674-717bc2a5d726 debug: OperationQueue:execute() Current runningConcurrency:0 maxConcurrency:50 operations.length:0
2025-09-01T10:51:25.716Z 576170a5-ac00-4562-9674-717bc2a5d726 debug: OperationQueue:execute() return. Operation.length === 0
2025-09-01T10:51:25.717Z 576170a5-ac00-4562-9674-717bc2a5d726 debug: OperationQueue:execute() Current runningConcurrency:0 maxConcurrency:100 operations.length:0
2025-09-01T10:51:25.717Z 576170a5-ac00-4562-9674-717bc2a5d726 debug: OperationQueue:execute() return. Operation.length === 0
2025-09-01T10:51:25.751Z 576170a5-ac00-4562-9674-717bc2a5d726 verbose: SerializerMiddleware: Start serializing...
2025-09-01T10:51:25.751Z 576170a5-ac00-4562-9674-717bc2a5d726 verbose: Send Blob telemetry: B_BlockBlob_Upload
2025-09-01T10:51:25.751Z 576170a5-ac00-4562-9674-717bc2a5d726 info: EndMiddleware: End response. TotalTimeInMS=70 StatusCode=201 StatusMessage=undefined Headers={"server":"Azurite-Blob/3.35.0","etag":"\"0x1FFEF7D0BCC4BA0\"","last-modified":"Mon, 01 Sep 2025 10:51:25 GMT","content-md5":"nmcyudp4+G8aBZNRVcy1sQ==","x-ms-client-request-id":"82cfc61b-01e3-4a48-b131-419b8dbfc5bd","x-ms-request-id":"576170a5-ac00-4562-9674-717bc2a5d726","x-ms-version":"2025-11-05","date":"Mon, 01 Sep 2025 10:51:25 GMT","x-ms-request-server-encrypted":"true"}
2025-09-01T10:51:25.752Z 576170a5-ac00-4562-9674-717bc2a5d726 verbose: FSExtentStore:readExtent() Read stream closed. LocationId:Default extentId:4e550bc3-1e62-43e4-9d3d-6ba2361db643 path:azurite\__blobstorage__\4e550bc3-1e62-43e4-9d3d-6ba2361db643 offset:1931460 count:3092258 end:5023717
2025-09-01T10:51:35.781Z 84df49c1-e9a9-42e6-ac5b-fd881b0e77fa info: BlobStorageContextMiddleware: RequestMethod=PUT RequestURL=http://127.0.0.1/devstoreaccount1/quality-docs/testing/Maynooth-H7-Office-refit.docx RequestHeaders:{"content-type":"application/octet-stream","x-ms-version":"2025-07-05","content-length":"3092258","x-ms-blob-content-type":"application/vnd.openxmlformats-officedocument.wordprocessingml.document","accept":"application/xml","x-ms-blob-type":"BlockBlob","user-agent":"azsdk-js-azure-storage-blob/12.28.0 core-rest-pipeline/1.22.0 Node/22.18.0 OS/(x64-Windows_NT-10.0.26100)","x-ms-client-request-id":"52a7e981-c60f-479e-97ee-392952c6dfe4","x-ms-date":"Mon, 01 Sep 2025 10:51:35 GMT","authorization":"SharedKey devstoreaccount1:JhuJvp0byd+9dL0L5qLMwqg3rJltuMK04r5MK8CL3+8=","host":"127.0.0.1:10000","connection":"keep-alive"} ClientIP=127.0.0.1 Protocol=http HTTPVersion=1.1
2025-09-01T10:51:35.782Z 84df49c1-e9a9-42e6-ac5b-fd881b0e77fa info: BlobStorageContextMiddleware: Account=devstoreaccount1 Container=quality-docs Blob=testing/Maynooth-H7-Office-refit.docx
2025-09-01T10:51:35.782Z 84df49c1-e9a9-42e6-ac5b-fd881b0e77fa verbose: DispatchMiddleware: Dispatching request...
2025-09-01T10:51:35.782Z 84df49c1-e9a9-42e6-ac5b-fd881b0e77fa info: DispatchMiddleware: Operation=BlockBlob_Upload
2025-09-01T10:51:35.783Z 84df49c1-e9a9-42e6-ac5b-fd881b0e77fa verbose: AuthenticationMiddlewareFactory:createAuthenticationMiddleware() Validating authentications.
2025-09-01T10:51:35.783Z 84df49c1-e9a9-42e6-ac5b-fd881b0e77fa info: PublicAccessAuthenticator:validate() Start validation against public access.
2025-09-01T10:51:35.783Z 84df49c1-e9a9-42e6-ac5b-fd881b0e77fa debug: PublicAccessAuthenticator:validate() Getting account properties...
2025-09-01T10:51:35.783Z 84df49c1-e9a9-42e6-ac5b-fd881b0e77fa debug: PublicAccessAuthenticator:validate() Retrieved account name from context: devstoreaccount1, container: quality-docs, blob: testing/Maynooth-H7-Office-refit.docx
2025-09-01T10:51:35.783Z 84df49c1-e9a9-42e6-ac5b-fd881b0e77fa debug: PublicAccessAuthenticator:validate() Public access type for container quality-docs is "container"
2025-09-01T10:51:35.783Z 84df49c1-e9a9-42e6-ac5b-fd881b0e77fa debug: PublicAccessAuthenticator:validate() Operation BlockBlob_Upload is not in container neither blob level public access list. Validation failed.
2025-09-01T10:51:35.783Z 84df49c1-e9a9-42e6-ac5b-fd881b0e77fa info: BlobSharedKeyAuthenticator:validate() Start validation against account shared key authentication.
2025-09-01T10:51:35.783Z 84df49c1-e9a9-42e6-ac5b-fd881b0e77fa info: BlobSharedKeyAuthenticator:validate() [STRING TO SIGN]:"PUT\n\n\n3092258\n\napplication/octet-stream\n\n\n\n\n\n\nx-ms-blob-content-type:application/vnd.openxmlformats-officedocument.wordprocessingml.document\nx-ms-blob-type:BlockBlob\nx-ms-client-request-id:52a7e981-c60f-479e-97ee-392952c6dfe4\nx-ms-date:Mon, 01 Sep 2025 10:51:35 GMT\nx-ms-version:2025-07-05\n/devstoreaccount1/devstoreaccount1/quality-docs/testing/Maynooth-H7-Office-refit.docx"
2025-09-01T10:51:35.783Z 84df49c1-e9a9-42e6-ac5b-fd881b0e77fa info: BlobSharedKeyAuthenticator:validate() Calculated authentication header based on key1: SharedKey devstoreaccount1:JhuJvp0byd+9dL0L5qLMwqg3rJltuMK04r5MK8CL3+8=
2025-09-01T10:51:35.783Z 84df49c1-e9a9-42e6-ac5b-fd881b0e77fa info: BlobSharedKeyAuthenticator:validate() Signature 1 matched.
2025-09-01T10:51:35.783Z 84df49c1-e9a9-42e6-ac5b-fd881b0e77fa verbose: DeserializerMiddleware: Start deserializing...
2025-09-01T10:51:35.784Z 84df49c1-e9a9-42e6-ac5b-fd881b0e77fa info: HandlerMiddleware: DeserializedParameters={"options":{"metadata":{},"requestId":"52a7e981-c60f-479e-97ee-392952c6dfe4","blobHTTPHeaders":{"blobContentType":"application/vnd.openxmlformats-officedocument.wordprocessingml.document"},"leaseAccessConditions":{},"cpkInfo":{},"cpkScopeInfo":{},"modifiedAccessConditions":{}},"contentLength":3092258,"version":"2025-07-05","blobType":"BlockBlob","body":"ReadableStream"}
2025-09-01T10:51:35.784Z 84df49c1-e9a9-42e6-ac5b-fd881b0e77fa debug: OperationQueue.operate() Schedule incoming job 7768ee4c-694b-4b38-a4db-3583fe618343
2025-09-01T10:51:35.784Z 84df49c1-e9a9-42e6-ac5b-fd881b0e77fa debug: OperationQueue:execute() Current runningConcurrency:0 maxConcurrency:50 operations.length:1
2025-09-01T10:51:35.784Z 84df49c1-e9a9-42e6-ac5b-fd881b0e77fa info: FSExtentStore:appendExtent() Select extent from idle location for extent append operation. LocationId:1 extentId:4e550bc3-1e62-43e4-9d3d-6ba2361db643 offset:5023718 MAX_EXTENT_SIZE:67108864 
2025-09-01T10:51:35.784Z 84df49c1-e9a9-42e6-ac5b-fd881b0e77fa debug: FSExtentStore:appendExtent() Get fd:4 for extent:4e550bc3-1e62-43e4-9d3d-6ba2361db643 from cache.
2025-09-01T10:51:35.784Z 84df49c1-e9a9-42e6-ac5b-fd881b0e77fa debug: FSExtentStore:appendExtent() Created write stream for fd:4
2025-09-01T10:51:35.784Z 84df49c1-e9a9-42e6-ac5b-fd881b0e77fa debug: FSExtentStore:appendExtent() Start writing to extent 4e550bc3-1e62-43e4-9d3d-6ba2361db643
2025-09-01T10:51:35.784Z 84df49c1-e9a9-42e6-ac5b-fd881b0e77fa debug: FSExtentStore:streamPipe() Start piping data to write stream
2025-09-01T10:51:35.815Z 84df49c1-e9a9-42e6-ac5b-fd881b0e77fa debug: FSExtentStore:streamPipe() Readable stream triggers close event, 3092258 bytes piped
2025-09-01T10:51:35.815Z 84df49c1-e9a9-42e6-ac5b-fd881b0e77fa debug: FSExtentStore:streamPipe() Invoke write stream end()
2025-09-01T10:51:35.815Z 84df49c1-e9a9-42e6-ac5b-fd881b0e77fa debug: FSExtentStore:streamPipe() Readable stream triggers close event, 3092258 bytes piped
2025-09-01T10:51:35.815Z 84df49c1-e9a9-42e6-ac5b-fd881b0e77fa debug: FSExtentStore:streamPipe() Writable stream triggers finish event, after 3092258 bytes piped. Flush data to fd:4.
2025-09-01T10:51:35.841Z 84df49c1-e9a9-42e6-ac5b-fd881b0e77fa debug: FSExtentStore:streamPipe() Flush data to fd:4 successfully. Resolve streamPipe().
2025-09-01T10:51:35.841Z 84df49c1-e9a9-42e6-ac5b-fd881b0e77fa debug: FSExtentStore:appendExtent() Write finish, start updating extent metadata. extent:{"id":"4e550bc3-1e62-43e4-9d3d-6ba2361db643","locationId":"Default","path":"4e550bc3-1e62-43e4-9d3d-6ba2361db643","size":8115976,"lastModifiedInMS":1756723895841}
2025-09-01T10:51:35.841Z 84df49c1-e9a9-42e6-ac5b-fd881b0e77fa debug: FSExtentStore:appendExtent() Update extent metadata done. Resolve()
2025-09-01T10:51:35.841Z 84df49c1-e9a9-42e6-ac5b-fd881b0e77fa debug: OperationQueue.operate() Job 7768ee4c-694b-4b38-a4db-3583fe618343 completes callback, resolve.
2025-09-01T10:51:35.841Z 84df49c1-e9a9-42e6-ac5b-fd881b0e77fa debug: OperationQueue.operate() Schedule incoming job c0901ac1-a910-4fd7-b874-b5e072b5f3de
2025-09-01T10:51:35.841Z 84df49c1-e9a9-42e6-ac5b-fd881b0e77fa debug: OperationQueue:execute() Current runningConcurrency:0 maxConcurrency:100 operations.length:1
2025-09-01T10:51:35.841Z 84df49c1-e9a9-42e6-ac5b-fd881b0e77fa verbose: FSExtentStore:readExtent() Creating read stream. LocationId:Default extentId:4e550bc3-1e62-43e4-9d3d-6ba2361db643 path:azurite\__blobstorage__\4e550bc3-1e62-43e4-9d3d-6ba2361db643 offset:5023718 count:3092258 end:8115975
2025-09-01T10:51:35.842Z 84df49c1-e9a9-42e6-ac5b-fd881b0e77fa debug: OperationQueue.operate() Job c0901ac1-a910-4fd7-b874-b5e072b5f3de completes callback, resolve.
2025-09-01T10:51:35.842Z 84df49c1-e9a9-42e6-ac5b-fd881b0e77fa debug: OperationQueue:execute() Current runningConcurrency:0 maxConcurrency:50 operations.length:0
2025-09-01T10:51:35.842Z 84df49c1-e9a9-42e6-ac5b-fd881b0e77fa debug: OperationQueue:execute() return. Operation.length === 0
2025-09-01T10:51:35.842Z 84df49c1-e9a9-42e6-ac5b-fd881b0e77fa debug: OperationQueue:execute() Current runningConcurrency:0 maxConcurrency:100 operations.length:0
2025-09-01T10:51:35.842Z 84df49c1-e9a9-42e6-ac5b-fd881b0e77fa debug: OperationQueue:execute() return. Operation.length === 0
2025-09-01T10:51:35.868Z 84df49c1-e9a9-42e6-ac5b-fd881b0e77fa verbose: SerializerMiddleware: Start serializing...
2025-09-01T10:51:35.868Z 84df49c1-e9a9-42e6-ac5b-fd881b0e77fa verbose: Send Blob telemetry: B_BlockBlob_Upload
2025-09-01T10:51:35.869Z 84df49c1-e9a9-42e6-ac5b-fd881b0e77fa info: EndMiddleware: End response. TotalTimeInMS=88 StatusCode=201 StatusMessage=undefined Headers={"server":"Azurite-Blob/3.35.0","etag":"\"0x24A62D2BE55B1C0\"","last-modified":"Mon, 01 Sep 2025 10:51:35 GMT","content-md5":"nmcyudp4+G8aBZNRVcy1sQ==","x-ms-client-request-id":"52a7e981-c60f-479e-97ee-392952c6dfe4","x-ms-request-id":"84df49c1-e9a9-42e6-ac5b-fd881b0e77fa","x-ms-version":"2025-11-05","date":"Mon, 01 Sep 2025 10:51:35 GMT","x-ms-request-server-encrypted":"true"}
2025-09-01T10:51:35.869Z 84df49c1-e9a9-42e6-ac5b-fd881b0e77fa verbose: FSExtentStore:readExtent() Read stream closed. LocationId:Default extentId:4e550bc3-1e62-43e4-9d3d-6ba2361db643 path:azurite\__blobstorage__\4e550bc3-1e62-43e4-9d3d-6ba2361db643 offset:5023718 count:3092258 end:8115975
2025-09-01T10:51:49.689Z 799ee768-a1e6-4fc3-9e12-c852addcc558 info: BlobStorageContextMiddleware: RequestMethod=PUT RequestURL=http://127.0.0.1/devstoreaccount1/quality-docs/testing/Maynooth-H7-Office-refit.docx RequestHeaders:{"content-type":"application/octet-stream","x-ms-version":"2025-07-05","content-length":"3092258","x-ms-blob-content-type":"application/vnd.openxmlformats-officedocument.wordprocessingml.document","accept":"application/xml","x-ms-blob-type":"BlockBlob","user-agent":"azsdk-js-azure-storage-blob/12.28.0 core-rest-pipeline/1.22.0 Node/22.18.0 OS/(x64-Windows_NT-10.0.26100)","x-ms-client-request-id":"ded1f0b9-7daa-4f15-af03-733396201a50","x-ms-date":"Mon, 01 Sep 2025 10:51:49 GMT","authorization":"SharedKey devstoreaccount1:8YAzP52W/hRLU7hu2v5vM/Mn8sanD/c21H8KlFIXh0Q=","host":"127.0.0.1:10000","connection":"keep-alive"} ClientIP=127.0.0.1 Protocol=http HTTPVersion=1.1
2025-09-01T10:51:49.690Z 799ee768-a1e6-4fc3-9e12-c852addcc558 info: BlobStorageContextMiddleware: Account=devstoreaccount1 Container=quality-docs Blob=testing/Maynooth-H7-Office-refit.docx
2025-09-01T10:51:49.690Z 799ee768-a1e6-4fc3-9e12-c852addcc558 verbose: DispatchMiddleware: Dispatching request...
2025-09-01T10:51:49.690Z 799ee768-a1e6-4fc3-9e12-c852addcc558 info: DispatchMiddleware: Operation=BlockBlob_Upload
2025-09-01T10:51:49.691Z 799ee768-a1e6-4fc3-9e12-c852addcc558 verbose: AuthenticationMiddlewareFactory:createAuthenticationMiddleware() Validating authentications.
2025-09-01T10:51:49.691Z 799ee768-a1e6-4fc3-9e12-c852addcc558 info: PublicAccessAuthenticator:validate() Start validation against public access.
2025-09-01T10:51:49.691Z 799ee768-a1e6-4fc3-9e12-c852addcc558 debug: PublicAccessAuthenticator:validate() Getting account properties...
2025-09-01T10:51:49.691Z 799ee768-a1e6-4fc3-9e12-c852addcc558 debug: PublicAccessAuthenticator:validate() Retrieved account name from context: devstoreaccount1, container: quality-docs, blob: testing/Maynooth-H7-Office-refit.docx
2025-09-01T10:51:49.691Z 799ee768-a1e6-4fc3-9e12-c852addcc558 debug: PublicAccessAuthenticator:validate() Public access type for container quality-docs is "container"
2025-09-01T10:51:49.691Z 799ee768-a1e6-4fc3-9e12-c852addcc558 debug: PublicAccessAuthenticator:validate() Operation BlockBlob_Upload is not in container neither blob level public access list. Validation failed.
2025-09-01T10:51:49.691Z 799ee768-a1e6-4fc3-9e12-c852addcc558 info: BlobSharedKeyAuthenticator:validate() Start validation against account shared key authentication.
2025-09-01T10:51:49.691Z 799ee768-a1e6-4fc3-9e12-c852addcc558 info: BlobSharedKeyAuthenticator:validate() [STRING TO SIGN]:"PUT\n\n\n3092258\n\napplication/octet-stream\n\n\n\n\n\n\nx-ms-blob-content-type:application/vnd.openxmlformats-officedocument.wordprocessingml.document\nx-ms-blob-type:BlockBlob\nx-ms-client-request-id:ded1f0b9-7daa-4f15-af03-733396201a50\nx-ms-date:Mon, 01 Sep 2025 10:51:49 GMT\nx-ms-version:2025-07-05\n/devstoreaccount1/devstoreaccount1/quality-docs/testing/Maynooth-H7-Office-refit.docx"
2025-09-01T10:51:49.691Z 799ee768-a1e6-4fc3-9e12-c852addcc558 info: BlobSharedKeyAuthenticator:validate() Calculated authentication header based on key1: SharedKey devstoreaccount1:8YAzP52W/hRLU7hu2v5vM/Mn8sanD/c21H8KlFIXh0Q=
2025-09-01T10:51:49.691Z 799ee768-a1e6-4fc3-9e12-c852addcc558 info: BlobSharedKeyAuthenticator:validate() Signature 1 matched.
2025-09-01T10:51:49.691Z 799ee768-a1e6-4fc3-9e12-c852addcc558 verbose: DeserializerMiddleware: Start deserializing...
2025-09-01T10:51:49.692Z 799ee768-a1e6-4fc3-9e12-c852addcc558 info: HandlerMiddleware: DeserializedParameters={"options":{"metadata":{},"requestId":"ded1f0b9-7daa-4f15-af03-733396201a50","blobHTTPHeaders":{"blobContentType":"application/vnd.openxmlformats-officedocument.wordprocessingml.document"},"leaseAccessConditions":{},"cpkInfo":{},"cpkScopeInfo":{},"modifiedAccessConditions":{}},"contentLength":3092258,"version":"2025-07-05","blobType":"BlockBlob","body":"ReadableStream"}
2025-09-01T10:51:49.692Z 799ee768-a1e6-4fc3-9e12-c852addcc558 debug: OperationQueue.operate() Schedule incoming job a79d883b-9902-4cd7-98b1-505ca6f51324
2025-09-01T10:51:49.692Z 799ee768-a1e6-4fc3-9e12-c852addcc558 debug: OperationQueue:execute() Current runningConcurrency:0 maxConcurrency:50 operations.length:1
2025-09-01T10:51:49.692Z 799ee768-a1e6-4fc3-9e12-c852addcc558 info: FSExtentStore:appendExtent() Select extent from idle location for extent append operation. LocationId:1 extentId:4e550bc3-1e62-43e4-9d3d-6ba2361db643 offset:8115976 MAX_EXTENT_SIZE:67108864 
2025-09-01T10:51:49.692Z 799ee768-a1e6-4fc3-9e12-c852addcc558 debug: FSExtentStore:appendExtent() Get fd:4 for extent:4e550bc3-1e62-43e4-9d3d-6ba2361db643 from cache.
2025-09-01T10:51:49.692Z 799ee768-a1e6-4fc3-9e12-c852addcc558 debug: FSExtentStore:appendExtent() Created write stream for fd:4
2025-09-01T10:51:49.692Z 799ee768-a1e6-4fc3-9e12-c852addcc558 debug: FSExtentStore:appendExtent() Start writing to extent 4e550bc3-1e62-43e4-9d3d-6ba2361db643
2025-09-01T10:51:49.692Z 799ee768-a1e6-4fc3-9e12-c852addcc558 debug: FSExtentStore:streamPipe() Start piping data to write stream
2025-09-01T10:51:49.710Z 799ee768-a1e6-4fc3-9e12-c852addcc558 debug: FSExtentStore:streamPipe() Readable stream triggers close event, 3092258 bytes piped
2025-09-01T10:51:49.710Z 799ee768-a1e6-4fc3-9e12-c852addcc558 debug: FSExtentStore:streamPipe() Invoke write stream end()
2025-09-01T10:51:49.711Z 799ee768-a1e6-4fc3-9e12-c852addcc558 debug: FSExtentStore:streamPipe() Readable stream triggers close event, 3092258 bytes piped
2025-09-01T10:51:49.711Z 799ee768-a1e6-4fc3-9e12-c852addcc558 debug: FSExtentStore:streamPipe() Writable stream triggers finish event, after 3092258 bytes piped. Flush data to fd:4.
2025-09-01T10:51:49.719Z 799ee768-a1e6-4fc3-9e12-c852addcc558 debug: FSExtentStore:streamPipe() Flush data to fd:4 successfully. Resolve streamPipe().
2025-09-01T10:51:49.719Z 799ee768-a1e6-4fc3-9e12-c852addcc558 debug: FSExtentStore:appendExtent() Write finish, start updating extent metadata. extent:{"id":"4e550bc3-1e62-43e4-9d3d-6ba2361db643","locationId":"Default","path":"4e550bc3-1e62-43e4-9d3d-6ba2361db643","size":11208234,"lastModifiedInMS":1756723909719}
2025-09-01T10:51:49.719Z 799ee768-a1e6-4fc3-9e12-c852addcc558 debug: FSExtentStore:appendExtent() Update extent metadata done. Resolve()
2025-09-01T10:51:49.719Z 799ee768-a1e6-4fc3-9e12-c852addcc558 debug: OperationQueue.operate() Job a79d883b-9902-4cd7-98b1-505ca6f51324 completes callback, resolve.
2025-09-01T10:51:49.719Z 799ee768-a1e6-4fc3-9e12-c852addcc558 debug: OperationQueue.operate() Schedule incoming job 1551c365-3cb5-448b-b5b2-3bbd989ccca2
2025-09-01T10:51:49.719Z 799ee768-a1e6-4fc3-9e12-c852addcc558 debug: OperationQueue:execute() Current runningConcurrency:0 maxConcurrency:100 operations.length:1
2025-09-01T10:51:49.719Z 799ee768-a1e6-4fc3-9e12-c852addcc558 verbose: FSExtentStore:readExtent() Creating read stream. LocationId:Default extentId:4e550bc3-1e62-43e4-9d3d-6ba2361db643 path:azurite\__blobstorage__\4e550bc3-1e62-43e4-9d3d-6ba2361db643 offset:8115976 count:3092258 end:11208233
2025-09-01T10:51:49.719Z 799ee768-a1e6-4fc3-9e12-c852addcc558 debug: OperationQueue.operate() Job 1551c365-3cb5-448b-b5b2-3bbd989ccca2 completes callback, resolve.
2025-09-01T10:51:49.719Z 799ee768-a1e6-4fc3-9e12-c852addcc558 debug: OperationQueue:execute() Current runningConcurrency:0 maxConcurrency:50 operations.length:0
2025-09-01T10:51:49.719Z 799ee768-a1e6-4fc3-9e12-c852addcc558 debug: OperationQueue:execute() return. Operation.length === 0
2025-09-01T10:51:49.719Z 799ee768-a1e6-4fc3-9e12-c852addcc558 debug: OperationQueue:execute() Current runningConcurrency:0 maxConcurrency:100 operations.length:0
2025-09-01T10:51:49.719Z 799ee768-a1e6-4fc3-9e12-c852addcc558 debug: OperationQueue:execute() return. Operation.length === 0
2025-09-01T10:51:49.744Z 799ee768-a1e6-4fc3-9e12-c852addcc558 verbose: SerializerMiddleware: Start serializing...
2025-09-01T10:51:49.744Z 799ee768-a1e6-4fc3-9e12-c852addcc558 verbose: Send Blob telemetry: B_BlockBlob_Upload
2025-09-01T10:51:49.744Z 799ee768-a1e6-4fc3-9e12-c852addcc558 info: EndMiddleware: End response. TotalTimeInMS=55 StatusCode=201 StatusMessage=undefined Headers={"server":"Azurite-Blob/3.35.0","etag":"\"0x1B9C4331AB339C0\"","last-modified":"Mon, 01 Sep 2025 10:51:49 GMT","content-md5":"nmcyudp4+G8aBZNRVcy1sQ==","x-ms-client-request-id":"ded1f0b9-7daa-4f15-af03-733396201a50","x-ms-request-id":"799ee768-a1e6-4fc3-9e12-c852addcc558","x-ms-version":"2025-11-05","date":"Mon, 01 Sep 2025 10:51:49 GMT","x-ms-request-server-encrypted":"true"}
2025-09-01T10:51:49.745Z 799ee768-a1e6-4fc3-9e12-c852addcc558 verbose: FSExtentStore:readExtent() Read stream closed. LocationId:Default extentId:4e550bc3-1e62-43e4-9d3d-6ba2361db643 path:azurite\__blobstorage__\4e550bc3-1e62-43e4-9d3d-6ba2361db643 offset:8115976 count:3092258 end:11208233
2025-09-01T10:51:55.986Z d89244ce-4413-4623-9c1a-552414da887f info: BlobStorageContextMiddleware: RequestMethod=GET RequestURL=http://127.0.0.1/devstoreaccount1/quality-docs/testing/Maynooth-H7-Office-refit.docx RequestHeaders:{"host":"127.0.0.1:10000","connection":"keep-alive","upgrade-insecure-requests":"1","user-agent":"Mozilla/5.0 (Windows NT 10.0; Win64; x64) AppleWebKit/537.36 (KHTML, like Gecko) Chrome/139.0.0.0 Safari/537.36","accept":"text/html,application/xhtml+xml,application/xml;q=0.9,image/avif,image/webp,image/apng,*/*;q=0.8,application/signed-exchange;v=b3;q=0.7","sec-fetch-site":"cross-site","sec-fetch-mode":"navigate","sec-fetch-user":"?1","sec-fetch-dest":"document","sec-ch-ua":"\"Not;A=Brand\";v=\"99\", \"Google Chrome\";v=\"139\", \"Chromium\";v=\"139\"","sec-ch-ua-mobile":"?0","sec-ch-ua-platform":"\"Windows\"","accept-encoding":"gzip, deflate, br, zstd","accept-language":"en-US,en;q=0.9"} ClientIP=127.0.0.1 Protocol=http HTTPVersion=1.1
2025-09-01T10:51:55.987Z d89244ce-4413-4623-9c1a-552414da887f info: BlobStorageContextMiddleware: Account=devstoreaccount1 Container=quality-docs Blob=testing/Maynooth-H7-Office-refit.docx
2025-09-01T10:51:55.987Z d89244ce-4413-4623-9c1a-552414da887f verbose: DispatchMiddleware: Dispatching request...
2025-09-01T10:51:55.987Z d89244ce-4413-4623-9c1a-552414da887f info: DispatchMiddleware: Operation=Blob_Download
2025-09-01T10:51:55.987Z d89244ce-4413-4623-9c1a-552414da887f verbose: AuthenticationMiddlewareFactory:createAuthenticationMiddleware() Validating authentications.
2025-09-01T10:51:55.987Z d89244ce-4413-4623-9c1a-552414da887f info: PublicAccessAuthenticator:validate() Start validation against public access.
2025-09-01T10:51:55.987Z d89244ce-4413-4623-9c1a-552414da887f debug: PublicAccessAuthenticator:validate() Getting account properties...
2025-09-01T10:51:55.987Z d89244ce-4413-4623-9c1a-552414da887f debug: PublicAccessAuthenticator:validate() Retrieved account name from context: devstoreaccount1, container: quality-docs, blob: testing/Maynooth-H7-Office-refit.docx
2025-09-01T10:51:55.987Z d89244ce-4413-4623-9c1a-552414da887f debug: PublicAccessAuthenticator:validate() Public access type for container quality-docs is "container"
2025-09-01T10:51:55.987Z d89244ce-4413-4623-9c1a-552414da887f debug: PublicAccessAuthenticator:validate() Operation Blob_Download is in container level public access list. Validation passed.
2025-09-01T10:51:55.987Z d89244ce-4413-4623-9c1a-552414da887f verbose: DeserializerMiddleware: Start deserializing...
2025-09-01T10:51:55.987Z d89244ce-4413-4623-9c1a-552414da887f info: HandlerMiddleware: DeserializedParameters={"options":{"leaseAccessConditions":{},"cpkInfo":{},"modifiedAccessConditions":{}}}
2025-09-01T10:51:55.987Z d89244ce-4413-4623-9c1a-552414da887f info: BlobHandler:downloadBlockBlobOrAppendBlob() NormalizedDownloadRange=bytes=0-3092257 RequiredContentLength=3092258
2025-09-01T10:51:55.987Z d89244ce-4413-4623-9c1a-552414da887f debug: OperationQueue.operate() Schedule incoming job 87a01b20-8ffd-4716-84a8-88ee8909c651
2025-09-01T10:51:55.987Z d89244ce-4413-4623-9c1a-552414da887f debug: OperationQueue:execute() Current runningConcurrency:0 maxConcurrency:100 operations.length:1
2025-09-01T10:51:55.987Z d89244ce-4413-4623-9c1a-552414da887f verbose: FSExtentStore:readExtent() Creating read stream. LocationId:Default extentId:4e550bc3-1e62-43e4-9d3d-6ba2361db643 path:azurite\__blobstorage__\4e550bc3-1e62-43e4-9d3d-6ba2361db643 offset:8115976 count:3092258 end:11208233
2025-09-01T10:51:55.988Z d89244ce-4413-4623-9c1a-552414da887f debug: OperationQueue.operate() Job 87a01b20-8ffd-4716-84a8-88ee8909c651 completes callback, resolve.
2025-09-01T10:51:55.988Z d89244ce-4413-4623-9c1a-552414da887f verbose: SerializerMiddleware: Start serializing...
2025-09-01T10:51:55.988Z d89244ce-4413-4623-9c1a-552414da887f info: Serializer: Start returning stream body.
2025-09-01T10:51:55.988Z d89244ce-4413-4623-9c1a-552414da887f debug: OperationQueue:execute() Current runningConcurrency:0 maxConcurrency:100 operations.length:0
2025-09-01T10:51:55.988Z d89244ce-4413-4623-9c1a-552414da887f debug: OperationQueue:execute() return. Operation.length === 0
2025-09-01T10:51:56.003Z d89244ce-4413-4623-9c1a-552414da887f verbose: Send Blob telemetry: B_Blob_Download
2025-09-01T10:51:56.003Z d89244ce-4413-4623-9c1a-552414da887f info: EndMiddleware: End response. TotalTimeInMS=17 StatusCode=200 StatusMessage=OK Headers={"server":"Azurite-Blob/3.35.0","last-modified":"Mon, 01 Sep 2025 10:51:49 GMT","x-ms-creation-time":"Mon, 01 Sep 2025 10:51:49 GMT","content-length":"3092258","content-type":"application/vnd.openxmlformats-officedocument.wordprocessingml.document","etag":"\"0x1B9C4331AB339C0\"","content-md5":"nmcyudp4+G8aBZNRVcy1sQ==","x-ms-blob-type":"BlockBlob","x-ms-lease-state":"available","x-ms-lease-status":"unlocked","x-ms-request-id":"d89244ce-4413-4623-9c1a-552414da887f","x-ms-version":"2025-11-05","accept-ranges":"bytes","date":"Mon, 01 Sep 2025 10:51:55 GMT","x-ms-server-encrypted":"true","x-ms-blob-content-md5":"nmcyudp4+G8aBZNRVcy1sQ=="}
2025-09-01T10:51:56.003Z d89244ce-4413-4623-9c1a-552414da887f verbose: FSExtentStore:readExtent() Read stream closed. LocationId:Default extentId:4e550bc3-1e62-43e4-9d3d-6ba2361db643 path:azurite\__blobstorage__\4e550bc3-1e62-43e4-9d3d-6ba2361db643 offset:8115976 count:3092258 end:11208233
2025-09-01T10:52:14.512Z 	 info: AccountDataStore:init() Refresh accounts from environment variable AZURITE_ACCOUNTS with value undefined
2025-09-01T10:52:14.513Z 	 info: AccountDataStore:init() Fallback to default emulator account devstoreaccount1.
2025-09-01T10:52:14.559Z 	 info: AccountDataStore:init() Refresh accounts from environment variable AZURITE_ACCOUNTS with value undefined
2025-09-01T10:52:14.559Z 	 info: AccountDataStore:init() Fallback to default emulator account devstoreaccount1.
2025-09-01T10:52:14.605Z 	 info: QueueGCManager:markSweepLoop() Start new mark and sweep.
2025-09-01T10:52:14.605Z 	 info: QueueGCManger:markSweep() Get all extents.
2025-09-01T10:52:14.605Z 	 info: QueueGCManager:marksweep() Get 0 extents.
2025-09-01T10:52:14.605Z 	 info: QueueGCManager:markSweep() Get referred extents, then remove from allExtents.
2025-09-01T10:52:14.605Z 	 info: QueueGCManager:markSweep() Got referred extents, unreferenced extents count is 0.
2025-09-01T10:52:14.605Z 	 info: QueueGCManager:markSweepLoop() Mark and sweep finished, take 0ms.
2025-09-01T10:52:14.605Z 	 info: QueueGCManager:markSweepLoop() Sleep for 60000
2025-09-01T10:52:14.606Z 	 info: AccountDataStore:init() Refresh accounts from environment variable AZURITE_ACCOUNTS with value undefined
2025-09-01T10:52:14.606Z 	 info: AccountDataStore:init() Fallback to default emulator account devstoreaccount1.
2025-09-01T10:52:16.230Z cf7417bf-62be-4892-aad0-5035b6797713 info: BlobStorageContextMiddleware: RequestMethod=PUT RequestURL=http://127.0.0.1/devstoreaccount1/quality-docs/testing/20036753---MESH.pdf RequestHeaders:{"content-type":"application/octet-stream","x-ms-version":"2025-07-05","content-length":"1533018","x-ms-blob-content-type":"application/pdf","accept":"application/xml","x-ms-blob-type":"BlockBlob","user-agent":"azsdk-js-azure-storage-blob/12.28.0 core-rest-pipeline/1.22.0 Node/22.18.0 OS/(x64-Windows_NT-10.0.26100)","x-ms-client-request-id":"f426b6c7-606a-4608-be45-c4a932cd731b","x-ms-date":"Mon, 01 Sep 2025 10:52:16 GMT","authorization":"SharedKey devstoreaccount1:xV5PdSIFcFLbAA9X87a3q512Ae9okj01uZFZ1BKc1tM=","host":"127.0.0.1:10000","connection":"keep-alive"} ClientIP=127.0.0.1 Protocol=http HTTPVersion=1.1
2025-09-01T10:52:16.230Z cf7417bf-62be-4892-aad0-5035b6797713 info: BlobStorageContextMiddleware: Account=devstoreaccount1 Container=quality-docs Blob=testing/20036753---MESH.pdf
2025-09-01T10:52:16.230Z cf7417bf-62be-4892-aad0-5035b6797713 verbose: DispatchMiddleware: Dispatching request...
2025-09-01T10:52:16.231Z cf7417bf-62be-4892-aad0-5035b6797713 info: DispatchMiddleware: Operation=BlockBlob_Upload
2025-09-01T10:52:16.231Z cf7417bf-62be-4892-aad0-5035b6797713 verbose: AuthenticationMiddlewareFactory:createAuthenticationMiddleware() Validating authentications.
2025-09-01T10:52:16.231Z cf7417bf-62be-4892-aad0-5035b6797713 info: PublicAccessAuthenticator:validate() Start validation against public access.
2025-09-01T10:52:16.231Z cf7417bf-62be-4892-aad0-5035b6797713 debug: PublicAccessAuthenticator:validate() Getting account properties...
2025-09-01T10:52:16.232Z cf7417bf-62be-4892-aad0-5035b6797713 debug: PublicAccessAuthenticator:validate() Retrieved account name from context: devstoreaccount1, container: quality-docs, blob: testing/20036753---MESH.pdf
2025-09-01T10:52:16.232Z cf7417bf-62be-4892-aad0-5035b6797713 debug: PublicAccessAuthenticator:validate() Public access type for container quality-docs is "container"
2025-09-01T10:52:16.232Z cf7417bf-62be-4892-aad0-5035b6797713 debug: PublicAccessAuthenticator:validate() Operation BlockBlob_Upload is not in container neither blob level public access list. Validation failed.
2025-09-01T10:52:16.232Z cf7417bf-62be-4892-aad0-5035b6797713 info: BlobSharedKeyAuthenticator:validate() Start validation against account shared key authentication.
2025-09-01T10:52:16.232Z cf7417bf-62be-4892-aad0-5035b6797713 info: BlobSharedKeyAuthenticator:validate() [STRING TO SIGN]:"PUT\n\n\n1533018\n\napplication/octet-stream\n\n\n\n\n\n\nx-ms-blob-content-type:application/pdf\nx-ms-blob-type:BlockBlob\nx-ms-client-request-id:f426b6c7-606a-4608-be45-c4a932cd731b\nx-ms-date:Mon, 01 Sep 2025 10:52:16 GMT\nx-ms-version:2025-07-05\n/devstoreaccount1/devstoreaccount1/quality-docs/testing/20036753---MESH.pdf"
2025-09-01T10:52:16.232Z cf7417bf-62be-4892-aad0-5035b6797713 info: BlobSharedKeyAuthenticator:validate() Calculated authentication header based on key1: SharedKey devstoreaccount1:xV5PdSIFcFLbAA9X87a3q512Ae9okj01uZFZ1BKc1tM=
2025-09-01T10:52:16.232Z cf7417bf-62be-4892-aad0-5035b6797713 info: BlobSharedKeyAuthenticator:validate() Signature 1 matched.
2025-09-01T10:52:16.232Z cf7417bf-62be-4892-aad0-5035b6797713 verbose: DeserializerMiddleware: Start deserializing...
2025-09-01T10:52:16.232Z cf7417bf-62be-4892-aad0-5035b6797713 info: HandlerMiddleware: DeserializedParameters={"options":{"metadata":{},"requestId":"f426b6c7-606a-4608-be45-c4a932cd731b","blobHTTPHeaders":{"blobContentType":"application/pdf"},"leaseAccessConditions":{},"cpkInfo":{},"cpkScopeInfo":{},"modifiedAccessConditions":{}},"contentLength":1533018,"version":"2025-07-05","blobType":"BlockBlob","body":"ReadableStream"}
2025-09-01T10:52:16.232Z cf7417bf-62be-4892-aad0-5035b6797713 debug: OperationQueue.operate() Schedule incoming job 2f49e119-9a98-49c9-a456-68aa966d1ba9
2025-09-01T10:52:16.232Z cf7417bf-62be-4892-aad0-5035b6797713 debug: OperationQueue:execute() Current runningConcurrency:0 maxConcurrency:50 operations.length:1
2025-09-01T10:52:16.232Z cf7417bf-62be-4892-aad0-5035b6797713 info: FSExtentStore:appendExtent() Select extent from idle location for extent append operation. LocationId:1 extentId:4e550bc3-1e62-43e4-9d3d-6ba2361db643 offset:11208234 MAX_EXTENT_SIZE:67108864 
2025-09-01T10:52:16.232Z cf7417bf-62be-4892-aad0-5035b6797713 debug: FSExtentStore:appendExtent() Get fd:4 for extent:4e550bc3-1e62-43e4-9d3d-6ba2361db643 from cache.
2025-09-01T10:52:16.232Z cf7417bf-62be-4892-aad0-5035b6797713 debug: FSExtentStore:appendExtent() Created write stream for fd:4
2025-09-01T10:52:16.232Z cf7417bf-62be-4892-aad0-5035b6797713 debug: FSExtentStore:appendExtent() Start writing to extent 4e550bc3-1e62-43e4-9d3d-6ba2361db643
2025-09-01T10:52:16.233Z cf7417bf-62be-4892-aad0-5035b6797713 debug: FSExtentStore:streamPipe() Start piping data to write stream
2025-09-01T10:52:16.246Z cf7417bf-62be-4892-aad0-5035b6797713 debug: FSExtentStore:streamPipe() Readable stream triggers close event, 1533018 bytes piped
2025-09-01T10:52:16.246Z cf7417bf-62be-4892-aad0-5035b6797713 debug: FSExtentStore:streamPipe() Invoke write stream end()
2025-09-01T10:52:16.246Z cf7417bf-62be-4892-aad0-5035b6797713 debug: FSExtentStore:streamPipe() Readable stream triggers close event, 1533018 bytes piped
2025-09-01T10:52:16.246Z cf7417bf-62be-4892-aad0-5035b6797713 debug: FSExtentStore:streamPipe() Writable stream triggers finish event, after 1533018 bytes piped. Flush data to fd:4.
2025-09-01T10:52:16.250Z cf7417bf-62be-4892-aad0-5035b6797713 debug: FSExtentStore:streamPipe() Flush data to fd:4 successfully. Resolve streamPipe().
2025-09-01T10:52:16.250Z cf7417bf-62be-4892-aad0-5035b6797713 debug: FSExtentStore:appendExtent() Write finish, start updating extent metadata. extent:{"id":"4e550bc3-1e62-43e4-9d3d-6ba2361db643","locationId":"Default","path":"4e550bc3-1e62-43e4-9d3d-6ba2361db643","size":12741252,"lastModifiedInMS":1756723936250}
2025-09-01T10:52:16.250Z cf7417bf-62be-4892-aad0-5035b6797713 debug: FSExtentStore:appendExtent() Update extent metadata done. Resolve()
2025-09-01T10:52:16.250Z cf7417bf-62be-4892-aad0-5035b6797713 debug: OperationQueue.operate() Job 2f49e119-9a98-49c9-a456-68aa966d1ba9 completes callback, resolve.
2025-09-01T10:52:16.250Z cf7417bf-62be-4892-aad0-5035b6797713 debug: OperationQueue.operate() Schedule incoming job f62555a8-aa52-40e6-9f3b-da6a90ec1fef
2025-09-01T10:52:16.250Z cf7417bf-62be-4892-aad0-5035b6797713 debug: OperationQueue:execute() Current runningConcurrency:0 maxConcurrency:100 operations.length:1
2025-09-01T10:52:16.250Z cf7417bf-62be-4892-aad0-5035b6797713 verbose: FSExtentStore:readExtent() Creating read stream. LocationId:Default extentId:4e550bc3-1e62-43e4-9d3d-6ba2361db643 path:azurite\__blobstorage__\4e550bc3-1e62-43e4-9d3d-6ba2361db643 offset:11208234 count:1533018 end:12741251
2025-09-01T10:52:16.250Z cf7417bf-62be-4892-aad0-5035b6797713 debug: OperationQueue.operate() Job f62555a8-aa52-40e6-9f3b-da6a90ec1fef completes callback, resolve.
2025-09-01T10:52:16.250Z cf7417bf-62be-4892-aad0-5035b6797713 debug: OperationQueue:execute() Current runningConcurrency:0 maxConcurrency:50 operations.length:0
2025-09-01T10:52:16.250Z cf7417bf-62be-4892-aad0-5035b6797713 debug: OperationQueue:execute() return. Operation.length === 0
2025-09-01T10:52:16.250Z cf7417bf-62be-4892-aad0-5035b6797713 debug: OperationQueue:execute() Current runningConcurrency:0 maxConcurrency:100 operations.length:0
2025-09-01T10:52:16.250Z cf7417bf-62be-4892-aad0-5035b6797713 debug: OperationQueue:execute() return. Operation.length === 0
2025-09-01T10:52:16.272Z cf7417bf-62be-4892-aad0-5035b6797713 verbose: SerializerMiddleware: Start serializing...
2025-09-01T10:52:16.273Z cf7417bf-62be-4892-aad0-5035b6797713 verbose: Send Blob telemetry: B_BlockBlob_Upload
2025-09-01T10:52:16.273Z cf7417bf-62be-4892-aad0-5035b6797713 info: EndMiddleware: End response. TotalTimeInMS=43 StatusCode=201 StatusMessage=undefined Headers={"server":"Azurite-Blob/3.35.0","etag":"\"0x21280BE06D8BB20\"","last-modified":"Mon, 01 Sep 2025 10:52:16 GMT","content-md5":"m1BO+2mHKqPIh66dtQOQfA==","x-ms-client-request-id":"f426b6c7-606a-4608-be45-c4a932cd731b","x-ms-request-id":"cf7417bf-62be-4892-aad0-5035b6797713","x-ms-version":"2025-11-05","date":"Mon, 01 Sep 2025 10:52:16 GMT","x-ms-request-server-encrypted":"true"}
2025-09-01T10:52:16.273Z cf7417bf-62be-4892-aad0-5035b6797713 verbose: FSExtentStore:readExtent() Read stream closed. LocationId:Default extentId:4e550bc3-1e62-43e4-9d3d-6ba2361db643 path:azurite\__blobstorage__\4e550bc3-1e62-43e4-9d3d-6ba2361db643 offset:11208234 count:1533018 end:12741251
2025-09-01T10:52:21.693Z 1bb49c10-cc2b-4c73-a9bd-69869f8b9190 info: BlobStorageContextMiddleware: RequestMethod=GET RequestURL=http://127.0.0.1/devstoreaccount1/quality-docs/testing/20036753---MESH.pdf RequestHeaders:{"host":"127.0.0.1:10000","connection":"keep-alive","upgrade-insecure-requests":"1","user-agent":"Mozilla/5.0 (Windows NT 10.0; Win64; x64) AppleWebKit/537.36 (KHTML, like Gecko) Chrome/139.0.0.0 Safari/537.36","accept":"text/html,application/xhtml+xml,application/xml;q=0.9,image/avif,image/webp,image/apng,*/*;q=0.8,application/signed-exchange;v=b3;q=0.7","sec-fetch-site":"none","sec-fetch-mode":"navigate","sec-fetch-user":"?1","sec-fetch-dest":"document","sec-ch-ua":"\"Not;A=Brand\";v=\"99\", \"Google Chrome\";v=\"139\", \"Chromium\";v=\"139\"","sec-ch-ua-mobile":"?0","sec-ch-ua-platform":"\"Windows\"","accept-encoding":"gzip, deflate, br, zstd","accept-language":"en-US,en;q=0.9"} ClientIP=127.0.0.1 Protocol=http HTTPVersion=1.1
2025-09-01T10:52:21.693Z 1bb49c10-cc2b-4c73-a9bd-69869f8b9190 info: BlobStorageContextMiddleware: Account=devstoreaccount1 Container=quality-docs Blob=testing/20036753---MESH.pdf
2025-09-01T10:52:21.693Z 1bb49c10-cc2b-4c73-a9bd-69869f8b9190 verbose: DispatchMiddleware: Dispatching request...
2025-09-01T10:52:21.693Z 1bb49c10-cc2b-4c73-a9bd-69869f8b9190 info: DispatchMiddleware: Operation=Blob_Download
2025-09-01T10:52:21.693Z 1bb49c10-cc2b-4c73-a9bd-69869f8b9190 verbose: AuthenticationMiddlewareFactory:createAuthenticationMiddleware() Validating authentications.
2025-09-01T10:52:21.693Z 1bb49c10-cc2b-4c73-a9bd-69869f8b9190 info: PublicAccessAuthenticator:validate() Start validation against public access.
2025-09-01T10:52:21.693Z 1bb49c10-cc2b-4c73-a9bd-69869f8b9190 debug: PublicAccessAuthenticator:validate() Getting account properties...
2025-09-01T10:52:21.693Z 1bb49c10-cc2b-4c73-a9bd-69869f8b9190 debug: PublicAccessAuthenticator:validate() Retrieved account name from context: devstoreaccount1, container: quality-docs, blob: testing/20036753---MESH.pdf
2025-09-01T10:52:21.694Z 1bb49c10-cc2b-4c73-a9bd-69869f8b9190 debug: PublicAccessAuthenticator:validate() Public access type for container quality-docs is "container"
2025-09-01T10:52:21.694Z 1bb49c10-cc2b-4c73-a9bd-69869f8b9190 debug: PublicAccessAuthenticator:validate() Operation Blob_Download is in container level public access list. Validation passed.
2025-09-01T10:52:21.694Z 1bb49c10-cc2b-4c73-a9bd-69869f8b9190 verbose: DeserializerMiddleware: Start deserializing...
2025-09-01T10:52:21.694Z 1bb49c10-cc2b-4c73-a9bd-69869f8b9190 info: HandlerMiddleware: DeserializedParameters={"options":{"leaseAccessConditions":{},"cpkInfo":{},"modifiedAccessConditions":{}}}
2025-09-01T10:52:21.694Z 1bb49c10-cc2b-4c73-a9bd-69869f8b9190 info: BlobHandler:downloadBlockBlobOrAppendBlob() NormalizedDownloadRange=bytes=0-1533017 RequiredContentLength=1533018
2025-09-01T10:52:21.694Z 1bb49c10-cc2b-4c73-a9bd-69869f8b9190 debug: OperationQueue.operate() Schedule incoming job 8a40472f-6677-4aa8-94e5-5b42bf598dec
2025-09-01T10:52:21.694Z 1bb49c10-cc2b-4c73-a9bd-69869f8b9190 debug: OperationQueue:execute() Current runningConcurrency:0 maxConcurrency:100 operations.length:1
2025-09-01T10:52:21.694Z 1bb49c10-cc2b-4c73-a9bd-69869f8b9190 verbose: FSExtentStore:readExtent() Creating read stream. LocationId:Default extentId:4e550bc3-1e62-43e4-9d3d-6ba2361db643 path:azurite\__blobstorage__\4e550bc3-1e62-43e4-9d3d-6ba2361db643 offset:11208234 count:1533018 end:12741251
2025-09-01T10:52:21.694Z 1bb49c10-cc2b-4c73-a9bd-69869f8b9190 debug: OperationQueue.operate() Job 8a40472f-6677-4aa8-94e5-5b42bf598dec completes callback, resolve.
2025-09-01T10:52:21.694Z 1bb49c10-cc2b-4c73-a9bd-69869f8b9190 verbose: SerializerMiddleware: Start serializing...
2025-09-01T10:52:21.694Z 1bb49c10-cc2b-4c73-a9bd-69869f8b9190 info: Serializer: Start returning stream body.
2025-09-01T10:52:21.695Z 1bb49c10-cc2b-4c73-a9bd-69869f8b9190 debug: OperationQueue:execute() Current runningConcurrency:0 maxConcurrency:100 operations.length:0
2025-09-01T10:52:21.695Z 1bb49c10-cc2b-4c73-a9bd-69869f8b9190 debug: OperationQueue:execute() return. Operation.length === 0
2025-09-01T10:52:21.703Z 1bb49c10-cc2b-4c73-a9bd-69869f8b9190 verbose: Send Blob telemetry: B_Blob_Download
2025-09-01T10:52:21.704Z 1bb49c10-cc2b-4c73-a9bd-69869f8b9190 info: EndMiddleware: End response. TotalTimeInMS=11 StatusCode=200 StatusMessage=OK Headers={"server":"Azurite-Blob/3.35.0","last-modified":"Mon, 01 Sep 2025 10:52:16 GMT","x-ms-creation-time":"Mon, 01 Sep 2025 10:52:16 GMT","content-length":"1533018","content-type":"application/pdf","etag":"\"0x21280BE06D8BB20\"","content-md5":"m1BO+2mHKqPIh66dtQOQfA==","x-ms-blob-type":"BlockBlob","x-ms-lease-state":"available","x-ms-lease-status":"unlocked","x-ms-request-id":"1bb49c10-cc2b-4c73-a9bd-69869f8b9190","x-ms-version":"2025-11-05","accept-ranges":"bytes","date":"Mon, 01 Sep 2025 10:52:21 GMT","x-ms-server-encrypted":"true","x-ms-blob-content-md5":"m1BO+2mHKqPIh66dtQOQfA=="}
2025-09-01T10:52:21.704Z 1bb49c10-cc2b-4c73-a9bd-69869f8b9190 verbose: FSExtentStore:readExtent() Read stream closed. LocationId:Default extentId:4e550bc3-1e62-43e4-9d3d-6ba2361db643 path:azurite\__blobstorage__\4e550bc3-1e62-43e4-9d3d-6ba2361db643 offset:11208234 count:1533018 end:12741251
2025-09-01T10:52:21.988Z 9222a013-18e4-4601-aec5-ae6b6c7817b1 info: BlobStorageContextMiddleware: RequestMethod=GET RequestURL=http://127.0.0.1/favicon.ico RequestHeaders:{"host":"127.0.0.1:10000","connection":"keep-alive","sec-ch-ua-platform":"\"Windows\"","user-agent":"Mozilla/5.0 (Windows NT 10.0; Win64; x64) AppleWebKit/537.36 (KHTML, like Gecko) Chrome/139.0.0.0 Safari/537.36","sec-ch-ua":"\"Not;A=Brand\";v=\"99\", \"Google Chrome\";v=\"139\", \"Chromium\";v=\"139\"","sec-ch-ua-mobile":"?0","accept":"image/avif,image/webp,image/apng,image/svg+xml,image/*,*/*;q=0.8","sec-fetch-site":"same-origin","sec-fetch-mode":"no-cors","sec-fetch-dest":"image","referer":"http://127.0.0.1:10000/devstoreaccount1/quality-docs/testing/20036753---MESH.pdf","accept-encoding":"gzip, deflate, br, zstd","accept-language":"en-US,en;q=0.9"} ClientIP=127.0.0.1 Protocol=http HTTPVersion=1.1
2025-09-01T10:52:21.988Z 9222a013-18e4-4601-aec5-ae6b6c7817b1 info: BlobStorageContextMiddleware: Account=favicon.ico Container=undefined Blob=
2025-09-01T10:52:21.988Z 9222a013-18e4-4601-aec5-ae6b6c7817b1 verbose: DispatchMiddleware: Dispatching request...
2025-09-01T10:52:21.988Z 9222a013-18e4-4601-aec5-ae6b6c7817b1 error: DispatchMiddleware: Incoming URL doesn't match any of swagger defined request patterns.
2025-09-01T10:52:21.988Z 9222a013-18e4-4601-aec5-ae6b6c7817b1 error: ErrorMiddleware: Received a MiddlewareError, fill error information to HTTP response
2025-09-01T10:52:21.988Z 9222a013-18e4-4601-aec5-ae6b6c7817b1 error: ErrorMiddleware: ErrorName=UnsupportedRequestError ErrorMessage=Incoming URL doesn't match any of swagger defined request patterns.  ErrorHTTPStatusCode=400 ErrorHTTPStatusMessage=undefined ErrorHTTPHeaders=undefined ErrorHTTPBody=undefined ErrorStack="UnsupportedRequestError: Incoming URL doesn't match any of swagger defined request patterns.\n    at dispatchMiddleware (C:\\QR Portal\\node_modules\\azurite\\dist\\src\\blob\\generated\\middleware\\dispatch.middleware.js:41:30)\n    at C:\\QR Portal\\node_modules\\azurite\\dist\\src\\blob\\generated\\ExpressMiddlewareFactory.js:50:47\n    at Layer.handle [as handle_request] (C:\\QR Portal\\node_modules\\azurite\\node_modules\\express\\lib\\router\\layer.js:95:5)\n    at trim_prefix (C:\\QR Portal\\node_modules\\azurite\\node_modules\\express\\lib\\router\\index.js:328:13)\n    at C:\\QR Portal\\node_modules\\azurite\\node_modules\\express\\lib\\router\\index.js:286:9\n    at Function.process_params (C:\\QR Portal\\node_modules\\azurite\\node_modules\\express\\lib\\router\\index.js:346:12)\n    at next (C:\\QR Portal\\node_modules\\azurite\\node_modules\\express\\lib\\router\\index.js:280:10)\n    at blobStorageContextMiddleware (C:\\QR Portal\\node_modules\\azurite\\dist\\src\\blob\\middlewares\\blobStorageContext.middleware.js:137:5)\n    at C:\\QR Portal\\node_modules\\azurite\\dist\\src\\blob\\middlewares\\blobStorageContext.middleware.js:15:16\n    at Layer.handle [as handle_request] (C:\\QR Portal\\node_modules\\azurite\\node_modules\\express\\lib\\router\\layer.js:95:5)"
2025-09-01T10:52:21.988Z 9222a013-18e4-4601-aec5-ae6b6c7817b1 error: ErrorMiddleware: Set HTTP code: 400
2025-09-01T10:52:21.988Z 9222a013-18e4-4601-aec5-ae6b6c7817b1 error: ErrorMiddleware: Set HTTP body: undefined
2025-09-01T10:52:21.988Z 9222a013-18e4-4601-aec5-ae6b6c7817b1 verbose: Send Blob telemetry: B_Service_SetProperties
2025-09-01T10:52:21.989Z 9222a013-18e4-4601-aec5-ae6b6c7817b1 info: EndMiddleware: End response. TotalTimeInMS=1 StatusCode=400 StatusMessage=undefined Headers={"server":"Azurite-Blob/3.35.0"}
2025-09-01T10:52:24.054Z ba592c0d-03e7-49af-b710-813aac318811 info: BlobStorageContextMiddleware: RequestMethod=GET RequestURL=http://127.0.0.1/devstoreaccount1/quality-docs/testing/20036753---MESH.pdf RequestHeaders:{"host":"127.0.0.1:10000","connection":"keep-alive","upgrade-insecure-requests":"1","user-agent":"Mozilla/5.0 (Windows NT 10.0; Win64; x64) AppleWebKit/537.36 (KHTML, like Gecko) Chrome/139.0.0.0 Safari/537.36","accept":"text/html,application/xhtml+xml,application/xml;q=0.9,image/avif,image/webp,image/apng,*/*;q=0.8,application/signed-exchange;v=b3;q=0.7","sec-fetch-site":"cross-site","sec-fetch-mode":"navigate","sec-fetch-user":"?1","sec-fetch-dest":"document","sec-ch-ua":"\"Not;A=Brand\";v=\"99\", \"Google Chrome\";v=\"139\", \"Chromium\";v=\"139\"","sec-ch-ua-mobile":"?0","sec-ch-ua-platform":"\"Windows\"","accept-encoding":"gzip, deflate, br, zstd","accept-language":"en-US,en;q=0.9"} ClientIP=127.0.0.1 Protocol=http HTTPVersion=1.1
2025-09-01T10:52:24.054Z ba592c0d-03e7-49af-b710-813aac318811 info: BlobStorageContextMiddleware: Account=devstoreaccount1 Container=quality-docs Blob=testing/20036753---MESH.pdf
2025-09-01T10:52:24.055Z ba592c0d-03e7-49af-b710-813aac318811 verbose: DispatchMiddleware: Dispatching request...
2025-09-01T10:52:24.055Z ba592c0d-03e7-49af-b710-813aac318811 info: DispatchMiddleware: Operation=Blob_Download
2025-09-01T10:52:24.055Z ba592c0d-03e7-49af-b710-813aac318811 verbose: AuthenticationMiddlewareFactory:createAuthenticationMiddleware() Validating authentications.
2025-09-01T10:52:24.055Z ba592c0d-03e7-49af-b710-813aac318811 info: PublicAccessAuthenticator:validate() Start validation against public access.
2025-09-01T10:52:24.055Z ba592c0d-03e7-49af-b710-813aac318811 debug: PublicAccessAuthenticator:validate() Getting account properties...
2025-09-01T10:52:24.055Z ba592c0d-03e7-49af-b710-813aac318811 debug: PublicAccessAuthenticator:validate() Retrieved account name from context: devstoreaccount1, container: quality-docs, blob: testing/20036753---MESH.pdf
2025-09-01T10:52:24.055Z ba592c0d-03e7-49af-b710-813aac318811 debug: PublicAccessAuthenticator:validate() Public access type for container quality-docs is "container"
2025-09-01T10:52:24.055Z ba592c0d-03e7-49af-b710-813aac318811 debug: PublicAccessAuthenticator:validate() Operation Blob_Download is in container level public access list. Validation passed.
2025-09-01T10:52:24.055Z ba592c0d-03e7-49af-b710-813aac318811 verbose: DeserializerMiddleware: Start deserializing...
2025-09-01T10:52:24.055Z ba592c0d-03e7-49af-b710-813aac318811 info: HandlerMiddleware: DeserializedParameters={"options":{"leaseAccessConditions":{},"cpkInfo":{},"modifiedAccessConditions":{}}}
2025-09-01T10:52:24.056Z ba592c0d-03e7-49af-b710-813aac318811 info: BlobHandler:downloadBlockBlobOrAppendBlob() NormalizedDownloadRange=bytes=0-1533017 RequiredContentLength=1533018
2025-09-01T10:52:24.056Z ba592c0d-03e7-49af-b710-813aac318811 debug: OperationQueue.operate() Schedule incoming job fd327263-8f1d-42c1-bdcd-b79be922403a
2025-09-01T10:52:24.056Z ba592c0d-03e7-49af-b710-813aac318811 debug: OperationQueue:execute() Current runningConcurrency:0 maxConcurrency:100 operations.length:1
2025-09-01T10:52:24.056Z ba592c0d-03e7-49af-b710-813aac318811 verbose: FSExtentStore:readExtent() Creating read stream. LocationId:Default extentId:4e550bc3-1e62-43e4-9d3d-6ba2361db643 path:azurite\__blobstorage__\4e550bc3-1e62-43e4-9d3d-6ba2361db643 offset:11208234 count:1533018 end:12741251
2025-09-01T10:52:24.056Z ba592c0d-03e7-49af-b710-813aac318811 debug: OperationQueue.operate() Job fd327263-8f1d-42c1-bdcd-b79be922403a completes callback, resolve.
2025-09-01T10:52:24.056Z ba592c0d-03e7-49af-b710-813aac318811 verbose: SerializerMiddleware: Start serializing...
2025-09-01T10:52:24.056Z ba592c0d-03e7-49af-b710-813aac318811 info: Serializer: Start returning stream body.
2025-09-01T10:52:24.056Z ba592c0d-03e7-49af-b710-813aac318811 debug: OperationQueue:execute() Current runningConcurrency:0 maxConcurrency:100 operations.length:0
2025-09-01T10:52:24.056Z ba592c0d-03e7-49af-b710-813aac318811 debug: OperationQueue:execute() return. Operation.length === 0
2025-09-01T10:52:24.065Z ba592c0d-03e7-49af-b710-813aac318811 verbose: Send Blob telemetry: B_Blob_Download
2025-09-01T10:52:24.065Z ba592c0d-03e7-49af-b710-813aac318811 info: EndMiddleware: End response. TotalTimeInMS=11 StatusCode=200 StatusMessage=OK Headers={"server":"Azurite-Blob/3.35.0","last-modified":"Mon, 01 Sep 2025 10:52:16 GMT","x-ms-creation-time":"Mon, 01 Sep 2025 10:52:16 GMT","content-length":"1533018","content-type":"application/pdf","etag":"\"0x21280BE06D8BB20\"","content-md5":"m1BO+2mHKqPIh66dtQOQfA==","x-ms-blob-type":"BlockBlob","x-ms-lease-state":"available","x-ms-lease-status":"unlocked","x-ms-request-id":"ba592c0d-03e7-49af-b710-813aac318811","x-ms-version":"2025-11-05","accept-ranges":"bytes","date":"Mon, 01 Sep 2025 10:52:24 GMT","x-ms-server-encrypted":"true","x-ms-blob-content-md5":"m1BO+2mHKqPIh66dtQOQfA=="}
2025-09-01T10:52:24.065Z ba592c0d-03e7-49af-b710-813aac318811 verbose: FSExtentStore:readExtent() Read stream closed. LocationId:Default extentId:4e550bc3-1e62-43e4-9d3d-6ba2361db643 path:azurite\__blobstorage__\4e550bc3-1e62-43e4-9d3d-6ba2361db643 offset:11208234 count:1533018 end:12741251
2025-09-01T10:52:24.334Z b2b4babc-8954-4e72-acc1-2580f99a4133 info: BlobStorageContextMiddleware: RequestMethod=GET RequestURL=http://127.0.0.1/favicon.ico RequestHeaders:{"host":"127.0.0.1:10000","connection":"keep-alive","sec-ch-ua-platform":"\"Windows\"","user-agent":"Mozilla/5.0 (Windows NT 10.0; Win64; x64) AppleWebKit/537.36 (KHTML, like Gecko) Chrome/139.0.0.0 Safari/537.36","sec-ch-ua":"\"Not;A=Brand\";v=\"99\", \"Google Chrome\";v=\"139\", \"Chromium\";v=\"139\"","sec-ch-ua-mobile":"?0","accept":"image/avif,image/webp,image/apng,image/svg+xml,image/*,*/*;q=0.8","sec-fetch-site":"same-origin","sec-fetch-mode":"no-cors","sec-fetch-dest":"image","referer":"http://127.0.0.1:10000/devstoreaccount1/quality-docs/testing/20036753---MESH.pdf","accept-encoding":"gzip, deflate, br, zstd","accept-language":"en-US,en;q=0.9"} ClientIP=127.0.0.1 Protocol=http HTTPVersion=1.1
2025-09-01T10:52:24.335Z b2b4babc-8954-4e72-acc1-2580f99a4133 info: BlobStorageContextMiddleware: Account=favicon.ico Container=undefined Blob=
2025-09-01T10:52:24.335Z b2b4babc-8954-4e72-acc1-2580f99a4133 verbose: DispatchMiddleware: Dispatching request...
2025-09-01T10:52:24.335Z b2b4babc-8954-4e72-acc1-2580f99a4133 error: DispatchMiddleware: Incoming URL doesn't match any of swagger defined request patterns.
2025-09-01T10:52:24.335Z b2b4babc-8954-4e72-acc1-2580f99a4133 error: ErrorMiddleware: Received a MiddlewareError, fill error information to HTTP response
2025-09-01T10:52:24.335Z b2b4babc-8954-4e72-acc1-2580f99a4133 error: ErrorMiddleware: ErrorName=UnsupportedRequestError ErrorMessage=Incoming URL doesn't match any of swagger defined request patterns.  ErrorHTTPStatusCode=400 ErrorHTTPStatusMessage=undefined ErrorHTTPHeaders=undefined ErrorHTTPBody=undefined ErrorStack="UnsupportedRequestError: Incoming URL doesn't match any of swagger defined request patterns.\n    at dispatchMiddleware (C:\\QR Portal\\node_modules\\azurite\\dist\\src\\blob\\generated\\middleware\\dispatch.middleware.js:41:30)\n    at C:\\QR Portal\\node_modules\\azurite\\dist\\src\\blob\\generated\\ExpressMiddlewareFactory.js:50:47\n    at Layer.handle [as handle_request] (C:\\QR Portal\\node_modules\\azurite\\node_modules\\express\\lib\\router\\layer.js:95:5)\n    at trim_prefix (C:\\QR Portal\\node_modules\\azurite\\node_modules\\express\\lib\\router\\index.js:328:13)\n    at C:\\QR Portal\\node_modules\\azurite\\node_modules\\express\\lib\\router\\index.js:286:9\n    at Function.process_params (C:\\QR Portal\\node_modules\\azurite\\node_modules\\express\\lib\\router\\index.js:346:12)\n    at next (C:\\QR Portal\\node_modules\\azurite\\node_modules\\express\\lib\\router\\index.js:280:10)\n    at blobStorageContextMiddleware (C:\\QR Portal\\node_modules\\azurite\\dist\\src\\blob\\middlewares\\blobStorageContext.middleware.js:137:5)\n    at C:\\QR Portal\\node_modules\\azurite\\dist\\src\\blob\\middlewares\\blobStorageContext.middleware.js:15:16\n    at Layer.handle [as handle_request] (C:\\QR Portal\\node_modules\\azurite\\node_modules\\express\\lib\\router\\layer.js:95:5)"
2025-09-01T10:52:24.335Z b2b4babc-8954-4e72-acc1-2580f99a4133 error: ErrorMiddleware: Set HTTP code: 400
2025-09-01T10:52:24.335Z b2b4babc-8954-4e72-acc1-2580f99a4133 error: ErrorMiddleware: Set HTTP body: undefined
2025-09-01T10:52:24.335Z b2b4babc-8954-4e72-acc1-2580f99a4133 verbose: Send Blob telemetry: B_Service_SetProperties
2025-09-01T10:52:24.335Z b2b4babc-8954-4e72-acc1-2580f99a4133 info: EndMiddleware: End response. TotalTimeInMS=1 StatusCode=400 StatusMessage=undefined Headers={"server":"Azurite-Blob/3.35.0"}
2025-09-01T10:53:14.519Z 	 info: AccountDataStore:init() Refresh accounts from environment variable AZURITE_ACCOUNTS with value undefined
2025-09-01T10:53:14.519Z 	 info: AccountDataStore:init() Fallback to default emulator account devstoreaccount1.
2025-09-01T10:53:14.565Z 	 info: AccountDataStore:init() Refresh accounts from environment variable AZURITE_ACCOUNTS with value undefined
2025-09-01T10:53:14.565Z 	 info: AccountDataStore:init() Fallback to default emulator account devstoreaccount1.
2025-09-01T10:53:14.613Z 	 info: QueueGCManager:markSweepLoop() Start new mark and sweep.
2025-09-01T10:53:14.613Z 	 info: QueueGCManger:markSweep() Get all extents.
2025-09-01T10:53:14.613Z 	 info: QueueGCManager:marksweep() Get 0 extents.
2025-09-01T10:53:14.613Z 	 info: QueueGCManager:markSweep() Get referred extents, then remove from allExtents.
2025-09-01T10:53:14.613Z 	 info: QueueGCManager:markSweep() Got referred extents, unreferenced extents count is 0.
2025-09-01T10:53:14.613Z 	 info: QueueGCManager:markSweepLoop() Mark and sweep finished, take 0ms.
2025-09-01T10:53:14.613Z 	 info: QueueGCManager:markSweepLoop() Sleep for 60000
2025-09-01T10:53:14.613Z 	 info: AccountDataStore:init() Refresh accounts from environment variable AZURITE_ACCOUNTS with value undefined
2025-09-01T10:53:14.613Z 	 info: AccountDataStore:init() Fallback to default emulator account devstoreaccount1.
2025-09-01T10:54:14.534Z 	 info: AccountDataStore:init() Refresh accounts from environment variable AZURITE_ACCOUNTS with value undefined
2025-09-01T10:54:14.535Z 	 info: AccountDataStore:init() Fallback to default emulator account devstoreaccount1.
2025-09-01T10:54:14.580Z 	 info: AccountDataStore:init() Refresh accounts from environment variable AZURITE_ACCOUNTS with value undefined
2025-09-01T10:54:14.581Z 	 info: AccountDataStore:init() Fallback to default emulator account devstoreaccount1.
2025-09-01T10:54:14.628Z 	 info: QueueGCManager:markSweepLoop() Start new mark and sweep.
2025-09-01T10:54:14.628Z 	 info: QueueGCManger:markSweep() Get all extents.
2025-09-01T10:54:14.628Z 	 info: QueueGCManager:marksweep() Get 0 extents.
2025-09-01T10:54:14.628Z 	 info: QueueGCManager:markSweep() Get referred extents, then remove from allExtents.
2025-09-01T10:54:14.629Z 	 info: QueueGCManager:markSweep() Got referred extents, unreferenced extents count is 0.
2025-09-01T10:54:14.629Z 	 info: QueueGCManager:markSweepLoop() Mark and sweep finished, take 1ms.
2025-09-01T10:54:14.629Z 	 info: QueueGCManager:markSweepLoop() Sleep for 60000
2025-09-01T10:54:14.629Z 	 info: AccountDataStore:init() Refresh accounts from environment variable AZURITE_ACCOUNTS with value undefined
2025-09-01T10:54:14.629Z 	 info: AccountDataStore:init() Fallback to default emulator account devstoreaccount1.
2025-09-01T10:55:14.543Z 	 info: AccountDataStore:init() Refresh accounts from environment variable AZURITE_ACCOUNTS with value undefined
2025-09-01T10:55:14.543Z 	 info: AccountDataStore:init() Fallback to default emulator account devstoreaccount1.
2025-09-01T10:55:14.589Z 	 info: AccountDataStore:init() Refresh accounts from environment variable AZURITE_ACCOUNTS with value undefined
2025-09-01T10:55:14.590Z 	 info: AccountDataStore:init() Fallback to default emulator account devstoreaccount1.
2025-09-01T10:55:14.636Z 	 info: QueueGCManager:markSweepLoop() Start new mark and sweep.
2025-09-01T10:55:14.637Z 	 info: QueueGCManger:markSweep() Get all extents.
2025-09-01T10:55:14.637Z 	 info: QueueGCManager:marksweep() Get 0 extents.
2025-09-01T10:55:14.637Z 	 info: QueueGCManager:markSweep() Get referred extents, then remove from allExtents.
2025-09-01T10:55:14.637Z 	 info: QueueGCManager:markSweep() Got referred extents, unreferenced extents count is 0.
2025-09-01T10:55:14.637Z 	 info: QueueGCManager:markSweepLoop() Mark and sweep finished, take 0ms.
2025-09-01T10:55:14.637Z 	 info: QueueGCManager:markSweepLoop() Sleep for 60000
2025-09-01T10:55:14.637Z 	 info: AccountDataStore:init() Refresh accounts from environment variable AZURITE_ACCOUNTS with value undefined
2025-09-01T10:55:14.637Z 	 info: AccountDataStore:init() Fallback to default emulator account devstoreaccount1.
2025-09-01T10:55:42.721Z eae47dea-63cd-463b-939e-e2683e2a0f69 info: BlobStorageContextMiddleware: RequestMethod=PUT RequestURL=http://127.0.0.1/devstoreaccount1/quality-docs/testing/20036753---MESH.pdf RequestHeaders:{"content-type":"application/octet-stream","x-ms-version":"2025-07-05","content-length":"1533018","x-ms-blob-content-type":"application/pdf","accept":"application/xml","x-ms-blob-type":"BlockBlob","user-agent":"azsdk-js-azure-storage-blob/12.28.0 core-rest-pipeline/1.22.0 Node/22.18.0 OS/(x64-Windows_NT-10.0.26100)","x-ms-client-request-id":"619ce304-9266-490d-ae2b-7161b7f555ea","x-ms-date":"Mon, 01 Sep 2025 10:55:42 GMT","authorization":"SharedKey devstoreaccount1:Gxo+AqUsqO60a361lBJ+U2x6dAHWegKdfRoceLz68zA=","host":"127.0.0.1:10000","connection":"keep-alive"} ClientIP=127.0.0.1 Protocol=http HTTPVersion=1.1
2025-09-01T10:55:42.721Z eae47dea-63cd-463b-939e-e2683e2a0f69 info: BlobStorageContextMiddleware: Account=devstoreaccount1 Container=quality-docs Blob=testing/20036753---MESH.pdf
2025-09-01T10:55:42.721Z eae47dea-63cd-463b-939e-e2683e2a0f69 verbose: DispatchMiddleware: Dispatching request...
2025-09-01T10:55:42.722Z eae47dea-63cd-463b-939e-e2683e2a0f69 info: DispatchMiddleware: Operation=BlockBlob_Upload
2025-09-01T10:55:42.722Z eae47dea-63cd-463b-939e-e2683e2a0f69 verbose: AuthenticationMiddlewareFactory:createAuthenticationMiddleware() Validating authentications.
2025-09-01T10:55:42.722Z eae47dea-63cd-463b-939e-e2683e2a0f69 info: PublicAccessAuthenticator:validate() Start validation against public access.
2025-09-01T10:55:42.722Z eae47dea-63cd-463b-939e-e2683e2a0f69 debug: PublicAccessAuthenticator:validate() Getting account properties...
2025-09-01T10:55:42.722Z eae47dea-63cd-463b-939e-e2683e2a0f69 debug: PublicAccessAuthenticator:validate() Retrieved account name from context: devstoreaccount1, container: quality-docs, blob: testing/20036753---MESH.pdf
2025-09-01T10:55:42.722Z eae47dea-63cd-463b-939e-e2683e2a0f69 debug: PublicAccessAuthenticator:validate() Public access type for container quality-docs is "container"
2025-09-01T10:55:42.722Z eae47dea-63cd-463b-939e-e2683e2a0f69 debug: PublicAccessAuthenticator:validate() Operation BlockBlob_Upload is not in container neither blob level public access list. Validation failed.
2025-09-01T10:55:42.722Z eae47dea-63cd-463b-939e-e2683e2a0f69 info: BlobSharedKeyAuthenticator:validate() Start validation against account shared key authentication.
2025-09-01T10:55:42.722Z eae47dea-63cd-463b-939e-e2683e2a0f69 info: BlobSharedKeyAuthenticator:validate() [STRING TO SIGN]:"PUT\n\n\n1533018\n\napplication/octet-stream\n\n\n\n\n\n\nx-ms-blob-content-type:application/pdf\nx-ms-blob-type:BlockBlob\nx-ms-client-request-id:619ce304-9266-490d-ae2b-7161b7f555ea\nx-ms-date:Mon, 01 Sep 2025 10:55:42 GMT\nx-ms-version:2025-07-05\n/devstoreaccount1/devstoreaccount1/quality-docs/testing/20036753---MESH.pdf"
2025-09-01T10:55:42.722Z eae47dea-63cd-463b-939e-e2683e2a0f69 info: BlobSharedKeyAuthenticator:validate() Calculated authentication header based on key1: SharedKey devstoreaccount1:Gxo+AqUsqO60a361lBJ+U2x6dAHWegKdfRoceLz68zA=
2025-09-01T10:55:42.722Z eae47dea-63cd-463b-939e-e2683e2a0f69 info: BlobSharedKeyAuthenticator:validate() Signature 1 matched.
2025-09-01T10:55:42.722Z eae47dea-63cd-463b-939e-e2683e2a0f69 verbose: DeserializerMiddleware: Start deserializing...
2025-09-01T10:55:42.723Z eae47dea-63cd-463b-939e-e2683e2a0f69 info: HandlerMiddleware: DeserializedParameters={"options":{"metadata":{},"requestId":"619ce304-9266-490d-ae2b-7161b7f555ea","blobHTTPHeaders":{"blobContentType":"application/pdf"},"leaseAccessConditions":{},"cpkInfo":{},"cpkScopeInfo":{},"modifiedAccessConditions":{}},"contentLength":1533018,"version":"2025-07-05","blobType":"BlockBlob","body":"ReadableStream"}
2025-09-01T10:55:42.723Z eae47dea-63cd-463b-939e-e2683e2a0f69 debug: OperationQueue.operate() Schedule incoming job 78286f03-0110-4949-a020-619446c1cedb
2025-09-01T10:55:42.723Z eae47dea-63cd-463b-939e-e2683e2a0f69 debug: OperationQueue:execute() Current runningConcurrency:0 maxConcurrency:50 operations.length:1
2025-09-01T10:55:42.723Z eae47dea-63cd-463b-939e-e2683e2a0f69 info: FSExtentStore:appendExtent() Select extent from idle location for extent append operation. LocationId:1 extentId:4e550bc3-1e62-43e4-9d3d-6ba2361db643 offset:12741252 MAX_EXTENT_SIZE:67108864 
2025-09-01T10:55:42.723Z eae47dea-63cd-463b-939e-e2683e2a0f69 debug: FSExtentStore:appendExtent() Get fd:4 for extent:4e550bc3-1e62-43e4-9d3d-6ba2361db643 from cache.
2025-09-01T10:55:42.723Z eae47dea-63cd-463b-939e-e2683e2a0f69 debug: FSExtentStore:appendExtent() Created write stream for fd:4
2025-09-01T10:55:42.723Z eae47dea-63cd-463b-939e-e2683e2a0f69 debug: FSExtentStore:appendExtent() Start writing to extent 4e550bc3-1e62-43e4-9d3d-6ba2361db643
2025-09-01T10:55:42.723Z eae47dea-63cd-463b-939e-e2683e2a0f69 debug: FSExtentStore:streamPipe() Start piping data to write stream
2025-09-01T10:55:42.726Z eae47dea-63cd-463b-939e-e2683e2a0f69 debug: FSExtentStore:streamPipe() Readable stream triggers close event, 1533018 bytes piped
2025-09-01T10:55:42.726Z eae47dea-63cd-463b-939e-e2683e2a0f69 debug: FSExtentStore:streamPipe() Invoke write stream end()
2025-09-01T10:55:42.726Z eae47dea-63cd-463b-939e-e2683e2a0f69 debug: FSExtentStore:streamPipe() Readable stream triggers close event, 1533018 bytes piped
2025-09-01T10:55:42.726Z eae47dea-63cd-463b-939e-e2683e2a0f69 debug: FSExtentStore:streamPipe() Writable stream triggers finish event, after 1533018 bytes piped. Flush data to fd:4.
2025-09-01T10:55:42.731Z eae47dea-63cd-463b-939e-e2683e2a0f69 debug: FSExtentStore:streamPipe() Flush data to fd:4 successfully. Resolve streamPipe().
2025-09-01T10:55:42.731Z eae47dea-63cd-463b-939e-e2683e2a0f69 debug: FSExtentStore:appendExtent() Write finish, start updating extent metadata. extent:{"id":"4e550bc3-1e62-43e4-9d3d-6ba2361db643","locationId":"Default","path":"4e550bc3-1e62-43e4-9d3d-6ba2361db643","size":14274270,"lastModifiedInMS":1756724142731}
2025-09-01T10:55:42.731Z eae47dea-63cd-463b-939e-e2683e2a0f69 debug: FSExtentStore:appendExtent() Update extent metadata done. Resolve()
2025-09-01T10:55:42.731Z eae47dea-63cd-463b-939e-e2683e2a0f69 debug: OperationQueue.operate() Job 78286f03-0110-4949-a020-619446c1cedb completes callback, resolve.
2025-09-01T10:55:42.731Z eae47dea-63cd-463b-939e-e2683e2a0f69 debug: OperationQueue.operate() Schedule incoming job 9d63decb-2f89-4d78-b004-7706005a2606
2025-09-01T10:55:42.731Z eae47dea-63cd-463b-939e-e2683e2a0f69 debug: OperationQueue:execute() Current runningConcurrency:0 maxConcurrency:100 operations.length:1
2025-09-01T10:55:42.731Z eae47dea-63cd-463b-939e-e2683e2a0f69 verbose: FSExtentStore:readExtent() Creating read stream. LocationId:Default extentId:4e550bc3-1e62-43e4-9d3d-6ba2361db643 path:azurite\__blobstorage__\4e550bc3-1e62-43e4-9d3d-6ba2361db643 offset:12741252 count:1533018 end:14274269
2025-09-01T10:55:42.731Z eae47dea-63cd-463b-939e-e2683e2a0f69 debug: OperationQueue.operate() Job 9d63decb-2f89-4d78-b004-7706005a2606 completes callback, resolve.
2025-09-01T10:55:42.731Z eae47dea-63cd-463b-939e-e2683e2a0f69 debug: OperationQueue:execute() Current runningConcurrency:0 maxConcurrency:50 operations.length:0
2025-09-01T10:55:42.731Z eae47dea-63cd-463b-939e-e2683e2a0f69 debug: OperationQueue:execute() return. Operation.length === 0
2025-09-01T10:55:42.731Z eae47dea-63cd-463b-939e-e2683e2a0f69 debug: OperationQueue:execute() Current runningConcurrency:0 maxConcurrency:100 operations.length:0
2025-09-01T10:55:42.731Z eae47dea-63cd-463b-939e-e2683e2a0f69 debug: OperationQueue:execute() return. Operation.length === 0
2025-09-01T10:55:42.755Z eae47dea-63cd-463b-939e-e2683e2a0f69 verbose: SerializerMiddleware: Start serializing...
2025-09-01T10:55:42.756Z eae47dea-63cd-463b-939e-e2683e2a0f69 verbose: Send Blob telemetry: B_BlockBlob_Upload
2025-09-01T10:55:42.756Z eae47dea-63cd-463b-939e-e2683e2a0f69 info: EndMiddleware: End response. TotalTimeInMS=35 StatusCode=201 StatusMessage=undefined Headers={"server":"Azurite-Blob/3.35.0","etag":"\"0x23075DE55CD32E0\"","last-modified":"Mon, 01 Sep 2025 10:55:42 GMT","content-md5":"m1BO+2mHKqPIh66dtQOQfA==","x-ms-client-request-id":"619ce304-9266-490d-ae2b-7161b7f555ea","x-ms-request-id":"eae47dea-63cd-463b-939e-e2683e2a0f69","x-ms-version":"2025-11-05","date":"Mon, 01 Sep 2025 10:55:42 GMT","x-ms-request-server-encrypted":"true"}
2025-09-01T10:55:42.756Z eae47dea-63cd-463b-939e-e2683e2a0f69 verbose: FSExtentStore:readExtent() Read stream closed. LocationId:Default extentId:4e550bc3-1e62-43e4-9d3d-6ba2361db643 path:azurite\__blobstorage__\4e550bc3-1e62-43e4-9d3d-6ba2361db643 offset:12741252 count:1533018 end:14274269
2025-09-01T10:56:14.380Z 	 info: BlobGCManager:markSweepLoop() Start next mark and sweep.
2025-09-01T10:56:14.381Z 	 info: BlobGCManager:markSweep() Get all extents.
2025-09-01T10:56:14.381Z 	 info: BlobGCManager:markSweep() Got 0 extents.
2025-09-01T10:56:14.381Z 	 info: BlobGCManager:markSweep() Get referred extents.
2025-09-01T10:56:14.381Z 	 info: BlobGCManager:markSweep() Got referred extents, unreferenced extents count is 0.
2025-09-01T10:56:14.381Z 	 info: BlobGCManager:markSweepLoop() Mark and sweep finished, taken 0ms.
2025-09-01T10:56:14.381Z 	 info: BlobGCManager:markSweepLoop() Sleep for 600000ms.
2025-09-01T10:56:14.554Z 	 info: AccountDataStore:init() Refresh accounts from environment variable AZURITE_ACCOUNTS with value undefined
2025-09-01T10:56:14.554Z 	 info: AccountDataStore:init() Fallback to default emulator account devstoreaccount1.
2025-09-01T10:56:14.601Z 	 info: AccountDataStore:init() Refresh accounts from environment variable AZURITE_ACCOUNTS with value undefined
2025-09-01T10:56:14.601Z 	 info: AccountDataStore:init() Fallback to default emulator account devstoreaccount1.
2025-09-01T10:56:14.648Z 	 info: QueueGCManager:markSweepLoop() Start new mark and sweep.
2025-09-01T10:56:14.648Z 	 info: QueueGCManger:markSweep() Get all extents.
2025-09-01T10:56:14.648Z 	 info: QueueGCManager:marksweep() Get 0 extents.
2025-09-01T10:56:14.648Z 	 info: QueueGCManager:markSweep() Get referred extents, then remove from allExtents.
2025-09-01T10:56:14.648Z 	 info: QueueGCManager:markSweep() Got referred extents, unreferenced extents count is 0.
2025-09-01T10:56:14.648Z 	 info: QueueGCManager:markSweepLoop() Mark and sweep finished, take 0ms.
2025-09-01T10:56:14.648Z 	 info: QueueGCManager:markSweepLoop() Sleep for 60000
2025-09-01T10:56:14.648Z 	 info: AccountDataStore:init() Refresh accounts from environment variable AZURITE_ACCOUNTS with value undefined
2025-09-01T10:56:14.648Z 	 info: AccountDataStore:init() Fallback to default emulator account devstoreaccount1.
2025-09-01T10:57:14.559Z 	 info: AccountDataStore:init() Refresh accounts from environment variable AZURITE_ACCOUNTS with value undefined
2025-09-01T10:57:14.560Z 	 info: AccountDataStore:init() Fallback to default emulator account devstoreaccount1.
2025-09-01T10:57:14.606Z 	 info: AccountDataStore:init() Refresh accounts from environment variable AZURITE_ACCOUNTS with value undefined
2025-09-01T10:57:14.606Z 	 info: AccountDataStore:init() Fallback to default emulator account devstoreaccount1.
2025-09-01T10:57:14.652Z 	 info: QueueGCManager:markSweepLoop() Start new mark and sweep.
2025-09-01T10:57:14.652Z 	 info: QueueGCManger:markSweep() Get all extents.
2025-09-01T10:57:14.652Z 	 info: QueueGCManager:marksweep() Get 0 extents.
2025-09-01T10:57:14.652Z 	 info: QueueGCManager:markSweep() Get referred extents, then remove from allExtents.
2025-09-01T10:57:14.652Z 	 info: QueueGCManager:markSweep() Got referred extents, unreferenced extents count is 0.
2025-09-01T10:57:14.652Z 	 info: QueueGCManager:markSweepLoop() Mark and sweep finished, take 0ms.
2025-09-01T10:57:14.652Z 	 info: QueueGCManager:markSweepLoop() Sleep for 60000
2025-09-01T10:57:14.652Z 	 info: AccountDataStore:init() Refresh accounts from environment variable AZURITE_ACCOUNTS with value undefined
2025-09-01T10:57:14.653Z 	 info: AccountDataStore:init() Fallback to default emulator account devstoreaccount1.
2025-09-01T10:58:14.571Z 	 info: AccountDataStore:init() Refresh accounts from environment variable AZURITE_ACCOUNTS with value undefined
2025-09-01T10:58:14.571Z 	 info: AccountDataStore:init() Fallback to default emulator account devstoreaccount1.
2025-09-01T10:58:14.617Z 	 info: AccountDataStore:init() Refresh accounts from environment variable AZURITE_ACCOUNTS with value undefined
2025-09-01T10:58:14.617Z 	 info: AccountDataStore:init() Fallback to default emulator account devstoreaccount1.
2025-09-01T10:58:14.664Z 	 info: QueueGCManager:markSweepLoop() Start new mark and sweep.
2025-09-01T10:58:14.665Z 	 info: QueueGCManger:markSweep() Get all extents.
2025-09-01T10:58:14.666Z 	 info: QueueGCManager:marksweep() Get 0 extents.
2025-09-01T10:58:14.666Z 	 info: QueueGCManager:markSweep() Get referred extents, then remove from allExtents.
2025-09-01T10:58:14.666Z 	 info: QueueGCManager:markSweep() Got referred extents, unreferenced extents count is 0.
2025-09-01T10:58:14.666Z 	 info: QueueGCManager:markSweepLoop() Mark and sweep finished, take 1ms.
2025-09-01T10:58:14.666Z 	 info: QueueGCManager:markSweepLoop() Sleep for 60000
2025-09-01T10:58:14.666Z 	 info: AccountDataStore:init() Refresh accounts from environment variable AZURITE_ACCOUNTS with value undefined
2025-09-01T10:58:14.666Z 	 info: AccountDataStore:init() Fallback to default emulator account devstoreaccount1.
2025-09-01T10:59:14.579Z 	 info: AccountDataStore:init() Refresh accounts from environment variable AZURITE_ACCOUNTS with value undefined
2025-09-01T10:59:14.579Z 	 info: AccountDataStore:init() Fallback to default emulator account devstoreaccount1.
2025-09-01T10:59:14.626Z 	 info: AccountDataStore:init() Refresh accounts from environment variable AZURITE_ACCOUNTS with value undefined
2025-09-01T10:59:14.626Z 	 info: AccountDataStore:init() Fallback to default emulator account devstoreaccount1.
2025-09-01T10:59:14.671Z 	 info: QueueGCManager:markSweepLoop() Start new mark and sweep.
2025-09-01T10:59:14.671Z 	 info: QueueGCManger:markSweep() Get all extents.
2025-09-01T10:59:14.671Z 	 info: QueueGCManager:marksweep() Get 0 extents.
2025-09-01T10:59:14.671Z 	 info: QueueGCManager:markSweep() Get referred extents, then remove from allExtents.
2025-09-01T10:59:14.672Z 	 info: QueueGCManager:markSweep() Got referred extents, unreferenced extents count is 0.
2025-09-01T10:59:14.672Z 	 info: QueueGCManager:markSweepLoop() Mark and sweep finished, take 1ms.
2025-09-01T10:59:14.672Z 	 info: QueueGCManager:markSweepLoop() Sleep for 60000
2025-09-01T10:59:14.672Z 	 info: AccountDataStore:init() Refresh accounts from environment variable AZURITE_ACCOUNTS with value undefined
2025-09-01T10:59:14.672Z 	 info: AccountDataStore:init() Fallback to default emulator account devstoreaccount1.
2025-09-01T11:00:14.594Z 	 info: AccountDataStore:init() Refresh accounts from environment variable AZURITE_ACCOUNTS with value undefined
2025-09-01T11:00:14.595Z 	 info: AccountDataStore:init() Fallback to default emulator account devstoreaccount1.
2025-09-01T11:00:14.641Z 	 info: AccountDataStore:init() Refresh accounts from environment variable AZURITE_ACCOUNTS with value undefined
2025-09-01T11:00:14.641Z 	 info: AccountDataStore:init() Fallback to default emulator account devstoreaccount1.
2025-09-01T11:00:14.687Z 	 info: QueueGCManager:markSweepLoop() Start new mark and sweep.
2025-09-01T11:00:14.687Z 	 info: QueueGCManger:markSweep() Get all extents.
2025-09-01T11:00:14.687Z 	 info: QueueGCManager:marksweep() Get 0 extents.
2025-09-01T11:00:14.687Z 	 info: QueueGCManager:markSweep() Get referred extents, then remove from allExtents.
2025-09-01T11:00:14.687Z 	 info: QueueGCManager:markSweep() Got referred extents, unreferenced extents count is 0.
2025-09-01T11:00:14.687Z 	 info: QueueGCManager:markSweepLoop() Mark and sweep finished, take 0ms.
2025-09-01T11:00:14.687Z 	 info: QueueGCManager:markSweepLoop() Sleep for 60000
2025-09-01T11:00:14.687Z 	 info: AccountDataStore:init() Refresh accounts from environment variable AZURITE_ACCOUNTS with value undefined
2025-09-01T11:00:14.687Z 	 info: AccountDataStore:init() Fallback to default emulator account devstoreaccount1.
2025-09-01T11:01:14.597Z 	 info: AccountDataStore:init() Refresh accounts from environment variable AZURITE_ACCOUNTS with value undefined
2025-09-01T11:01:14.597Z 	 info: AccountDataStore:init() Fallback to default emulator account devstoreaccount1.
2025-09-01T11:01:14.643Z 	 info: AccountDataStore:init() Refresh accounts from environment variable AZURITE_ACCOUNTS with value undefined
2025-09-01T11:01:14.643Z 	 info: AccountDataStore:init() Fallback to default emulator account devstoreaccount1.
2025-09-01T11:01:14.689Z 	 info: QueueGCManager:markSweepLoop() Start new mark and sweep.
2025-09-01T11:01:14.689Z 	 info: QueueGCManger:markSweep() Get all extents.
2025-09-01T11:01:14.689Z 	 info: QueueGCManager:marksweep() Get 0 extents.
2025-09-01T11:01:14.689Z 	 info: QueueGCManager:markSweep() Get referred extents, then remove from allExtents.
2025-09-01T11:01:14.689Z 	 info: QueueGCManager:markSweep() Got referred extents, unreferenced extents count is 0.
2025-09-01T11:01:14.689Z 	 info: QueueGCManager:markSweepLoop() Mark and sweep finished, take 0ms.
2025-09-01T11:01:14.689Z 	 info: QueueGCManager:markSweepLoop() Sleep for 60000
2025-09-01T11:01:14.689Z 	 info: AccountDataStore:init() Refresh accounts from environment variable AZURITE_ACCOUNTS with value undefined
2025-09-01T11:01:14.689Z 	 info: AccountDataStore:init() Fallback to default emulator account devstoreaccount1.
2025-09-01T11:02:14.601Z 	 info: AccountDataStore:init() Refresh accounts from environment variable AZURITE_ACCOUNTS with value undefined
2025-09-01T11:02:14.601Z 	 info: AccountDataStore:init() Fallback to default emulator account devstoreaccount1.
2025-09-01T11:02:14.646Z 	 info: AccountDataStore:init() Refresh accounts from environment variable AZURITE_ACCOUNTS with value undefined
2025-09-01T11:02:14.646Z 	 info: AccountDataStore:init() Fallback to default emulator account devstoreaccount1.
2025-09-01T11:02:14.693Z 	 info: QueueGCManager:markSweepLoop() Start new mark and sweep.
2025-09-01T11:02:14.694Z 	 info: QueueGCManger:markSweep() Get all extents.
2025-09-01T11:02:14.694Z 	 info: QueueGCManager:marksweep() Get 0 extents.
2025-09-01T11:02:14.694Z 	 info: QueueGCManager:markSweep() Get referred extents, then remove from allExtents.
2025-09-01T11:02:14.694Z 	 info: QueueGCManager:markSweep() Got referred extents, unreferenced extents count is 0.
2025-09-01T11:02:14.694Z 	 info: QueueGCManager:markSweepLoop() Mark and sweep finished, take 0ms.
2025-09-01T11:02:14.694Z 	 info: QueueGCManager:markSweepLoop() Sleep for 60000
2025-09-01T11:02:14.694Z 	 info: AccountDataStore:init() Refresh accounts from environment variable AZURITE_ACCOUNTS with value undefined
2025-09-01T11:02:14.694Z 	 info: AccountDataStore:init() Fallback to default emulator account devstoreaccount1.
2025-09-01T11:03:14.608Z 	 info: AccountDataStore:init() Refresh accounts from environment variable AZURITE_ACCOUNTS with value undefined
2025-09-01T11:03:14.608Z 	 info: AccountDataStore:init() Fallback to default emulator account devstoreaccount1.
2025-09-01T11:03:14.656Z 	 info: AccountDataStore:init() Refresh accounts from environment variable AZURITE_ACCOUNTS with value undefined
2025-09-01T11:03:14.656Z 	 info: AccountDataStore:init() Fallback to default emulator account devstoreaccount1.
2025-09-01T11:03:14.702Z 	 info: QueueGCManager:markSweepLoop() Start new mark and sweep.
2025-09-01T11:03:14.703Z 	 info: QueueGCManger:markSweep() Get all extents.
2025-09-01T11:03:14.703Z 	 info: QueueGCManager:marksweep() Get 0 extents.
2025-09-01T11:03:14.703Z 	 info: QueueGCManager:markSweep() Get referred extents, then remove from allExtents.
2025-09-01T11:03:14.703Z 	 info: QueueGCManager:markSweep() Got referred extents, unreferenced extents count is 0.
2025-09-01T11:03:14.703Z 	 info: QueueGCManager:markSweepLoop() Mark and sweep finished, take 1ms.
2025-09-01T11:03:14.703Z 	 info: QueueGCManager:markSweepLoop() Sleep for 60000
2025-09-01T11:03:14.703Z 	 info: AccountDataStore:init() Refresh accounts from environment variable AZURITE_ACCOUNTS with value undefined
2025-09-01T11:03:14.703Z 	 info: AccountDataStore:init() Fallback to default emulator account devstoreaccount1.
2025-09-01T11:04:03.101Z fbdd90aa-9ac5-4645-8e12-276eb9230e67 info: BlobStorageContextMiddleware: RequestMethod=PUT RequestURL=http://127.0.0.1/devstoreaccount1/quality-docs?restype=container RequestHeaders:{"x-ms-version":"2025-07-05","accept":"application/xml","x-ms-blob-public-access":"container","user-agent":"azsdk-js-azure-storage-blob/12.28.0 core-rest-pipeline/1.22.0 Node/22.18.0 OS/(x64-Windows_NT-10.0.26100)","x-ms-client-request-id":"e31395e3-6862-47f1-b5ce-6a5cd3b77a9b","x-ms-date":"Mon, 01 Sep 2025 11:04:03 GMT","authorization":"SharedKey devstoreaccount1:I+kS9ygMBndDilNCq8UFSYDQdBjJBnKenKW0Vu2Ow0g=","host":"127.0.0.1:10000","connection":"keep-alive","content-length":"0"} ClientIP=127.0.0.1 Protocol=http HTTPVersion=1.1
2025-09-01T11:04:03.101Z fbdd90aa-9ac5-4645-8e12-276eb9230e67 info: BlobStorageContextMiddleware: Account=devstoreaccount1 Container=quality-docs Blob=
2025-09-01T11:04:03.101Z fbdd90aa-9ac5-4645-8e12-276eb9230e67 verbose: DispatchMiddleware: Dispatching request...
2025-09-01T11:04:03.102Z fbdd90aa-9ac5-4645-8e12-276eb9230e67 info: DispatchMiddleware: Operation=Container_Create
2025-09-01T11:04:03.102Z fbdd90aa-9ac5-4645-8e12-276eb9230e67 verbose: AuthenticationMiddlewareFactory:createAuthenticationMiddleware() Validating authentications.
2025-09-01T11:04:03.102Z fbdd90aa-9ac5-4645-8e12-276eb9230e67 info: PublicAccessAuthenticator:validate() Start validation against public access.
2025-09-01T11:04:03.102Z fbdd90aa-9ac5-4645-8e12-276eb9230e67 debug: PublicAccessAuthenticator:validate() Getting account properties...
2025-09-01T11:04:03.102Z fbdd90aa-9ac5-4645-8e12-276eb9230e67 debug: PublicAccessAuthenticator:validate() Retrieved account name from context: devstoreaccount1, container: quality-docs, blob: 
2025-09-01T11:04:03.102Z fbdd90aa-9ac5-4645-8e12-276eb9230e67 debug: PublicAccessAuthenticator:validate() Public access type for container quality-docs is "container"
2025-09-01T11:04:03.102Z fbdd90aa-9ac5-4645-8e12-276eb9230e67 debug: PublicAccessAuthenticator:validate() Operation Container_Create is not in container neither blob level public access list. Validation failed.
2025-09-01T11:04:03.102Z fbdd90aa-9ac5-4645-8e12-276eb9230e67 info: BlobSharedKeyAuthenticator:validate() Start validation against account shared key authentication.
2025-09-01T11:04:03.102Z fbdd90aa-9ac5-4645-8e12-276eb9230e67 info: BlobSharedKeyAuthenticator:validate() [STRING TO SIGN]:"PUT\n\n\n\n\n\n\n\n\n\n\n\nx-ms-blob-public-access:container\nx-ms-client-request-id:e31395e3-6862-47f1-b5ce-6a5cd3b77a9b\nx-ms-date:Mon, 01 Sep 2025 11:04:03 GMT\nx-ms-version:2025-07-05\n/devstoreaccount1/devstoreaccount1/quality-docs\nrestype:container"
2025-09-01T11:04:03.102Z fbdd90aa-9ac5-4645-8e12-276eb9230e67 info: BlobSharedKeyAuthenticator:validate() Calculated authentication header based on key1: SharedKey devstoreaccount1:I+kS9ygMBndDilNCq8UFSYDQdBjJBnKenKW0Vu2Ow0g=
2025-09-01T11:04:03.102Z fbdd90aa-9ac5-4645-8e12-276eb9230e67 info: BlobSharedKeyAuthenticator:validate() Signature 1 matched.
2025-09-01T11:04:03.102Z fbdd90aa-9ac5-4645-8e12-276eb9230e67 verbose: DeserializerMiddleware: Start deserializing...
2025-09-01T11:04:03.102Z fbdd90aa-9ac5-4645-8e12-276eb9230e67 info: HandlerMiddleware: DeserializedParameters={"options":{"metadata":{},"access":"container","requestId":"e31395e3-6862-47f1-b5ce-6a5cd3b77a9b","containerCpkScopeInfo":{}},"restype":"container","version":"2025-07-05"}
2025-09-01T11:04:03.103Z fbdd90aa-9ac5-4645-8e12-276eb9230e67 error: ErrorMiddleware: Received a MiddlewareError, fill error information to HTTP response
2025-09-01T11:04:03.103Z fbdd90aa-9ac5-4645-8e12-276eb9230e67 error: ErrorMiddleware: ErrorName=StorageError ErrorMessage=The specified container already exists.  ErrorHTTPStatusCode=409 ErrorHTTPStatusMessage=The specified container already exists. ErrorHTTPHeaders={"x-ms-error-code":"ContainerAlreadyExists","x-ms-request-id":"fbdd90aa-9ac5-4645-8e12-276eb9230e67"} ErrorHTTPBody="<?xml version=\"1.0\" encoding=\"UTF-8\" standalone=\"yes\"?>\n<Error>\n  <Code>ContainerAlreadyExists</Code>\n  <Message>The specified container already exists.\nRequestId:fbdd90aa-9ac5-4645-8e12-276eb9230e67\nTime:2025-09-01T11:04:03.102Z</Message>\n</Error>" ErrorStack="StorageError: The specified container already exists.\n    at StorageErrorFactory.getContainerAlreadyExists (C:\\QR Portal\\node_modules\\azurite\\dist\\src\\blob\\errors\\StorageErrorFactory.js:23:16)\n    at LokiBlobMetadataStore.createContainer (C:\\QR Portal\\node_modules\\azurite\\dist\\src\\blob\\persistence\\LokiBlobMetadataStore.js:299:49)\n    at ContainerHandler.create (C:\\QR Portal\\node_modules\\azurite\\dist\\src\\blob\\handlers\\ContainerHandler.js:44:34)\n    at C:\\QR Portal\\node_modules\\azurite\\dist\\src\\blob\\generated\\middleware\\HandlerMiddlewareFactory.js:58:18\n    at C:\\QR Portal\\node_modules\\azurite\\dist\\src\\blob\\generated\\ExpressMiddlewareFactory.js:78:63\n    at Layer.handle [as handle_request] (C:\\QR Portal\\node_modules\\azurite\\node_modules\\express\\lib\\router\\layer.js:95:5)\n    at trim_prefix (C:\\QR Portal\\node_modules\\azurite\\node_modules\\express\\lib\\router\\index.js:328:13)\n    at C:\\QR Portal\\node_modules\\azurite\\node_modules\\express\\lib\\router\\index.js:286:9\n    at Function.process_params (C:\\QR Portal\\node_modules\\azurite\\node_modules\\express\\lib\\router\\index.js:346:12)\n    at next (C:\\QR Portal\\node_modules\\azurite\\node_modules\\express\\lib\\router\\index.js:280:10)"
2025-09-01T11:04:03.103Z fbdd90aa-9ac5-4645-8e12-276eb9230e67 error: ErrorMiddleware: Set HTTP code: 409
2025-09-01T11:04:03.103Z fbdd90aa-9ac5-4645-8e12-276eb9230e67 error: ErrorMiddleware: Set HTTP status message: The specified container already exists.
2025-09-01T11:04:03.103Z fbdd90aa-9ac5-4645-8e12-276eb9230e67 error: ErrorMiddleware: Set HTTP Header: x-ms-error-code=ContainerAlreadyExists
2025-09-01T11:04:03.103Z fbdd90aa-9ac5-4645-8e12-276eb9230e67 error: ErrorMiddleware: Set HTTP Header: x-ms-request-id=fbdd90aa-9ac5-4645-8e12-276eb9230e67
2025-09-01T11:04:03.103Z fbdd90aa-9ac5-4645-8e12-276eb9230e67 error: ErrorMiddleware: Set content type: application/xml
2025-09-01T11:04:03.103Z fbdd90aa-9ac5-4645-8e12-276eb9230e67 error: ErrorMiddleware: Set HTTP body: "<?xml version=\"1.0\" encoding=\"UTF-8\" standalone=\"yes\"?>\n<Error>\n  <Code>ContainerAlreadyExists</Code>\n  <Message>The specified container already exists.\nRequestId:fbdd90aa-9ac5-4645-8e12-276eb9230e67\nTime:2025-09-01T11:04:03.102Z</Message>\n</Error>"
2025-09-01T11:04:03.103Z fbdd90aa-9ac5-4645-8e12-276eb9230e67 verbose: Send Blob telemetry: B_Container_Create
2025-09-01T11:04:03.103Z fbdd90aa-9ac5-4645-8e12-276eb9230e67 info: EndMiddleware: End response. TotalTimeInMS=2 StatusCode=409 StatusMessage=The specified container already exists. Headers={"server":"Azurite-Blob/3.35.0","x-ms-error-code":"ContainerAlreadyExists","x-ms-request-id":"fbdd90aa-9ac5-4645-8e12-276eb9230e67","content-type":"application/xml"}
2025-09-01T11:04:03.109Z 15e0b696-0f3f-402f-8135-dfa515507d03 info: BlobStorageContextMiddleware: RequestMethod=DELETE RequestURL=http://127.0.0.1/devstoreaccount1/quality-docs/testing/Maynooth-H7-Office-refit.docx RequestHeaders:{"x-ms-version":"2025-07-05","accept":"application/xml","user-agent":"azsdk-js-azure-storage-blob/12.28.0 core-rest-pipeline/1.22.0 Node/22.18.0 OS/(x64-Windows_NT-10.0.26100)","x-ms-client-request-id":"170cf127-7a86-401c-be92-4cc4aa34a680","x-ms-date":"Mon, 01 Sep 2025 11:04:03 GMT","authorization":"SharedKey devstoreaccount1:BhSMBb5c9RpvGQN3uR8uCYgGlodxmXCG+r4Vk53lfIw=","host":"127.0.0.1:10000","connection":"keep-alive"} ClientIP=127.0.0.1 Protocol=http HTTPVersion=1.1
2025-09-01T11:04:03.109Z 15e0b696-0f3f-402f-8135-dfa515507d03 info: BlobStorageContextMiddleware: Account=devstoreaccount1 Container=quality-docs Blob=testing/Maynooth-H7-Office-refit.docx
2025-09-01T11:04:03.109Z 15e0b696-0f3f-402f-8135-dfa515507d03 verbose: DispatchMiddleware: Dispatching request...
2025-09-01T11:04:03.109Z 15e0b696-0f3f-402f-8135-dfa515507d03 info: DispatchMiddleware: Operation=Blob_Delete
2025-09-01T11:04:03.109Z 15e0b696-0f3f-402f-8135-dfa515507d03 verbose: AuthenticationMiddlewareFactory:createAuthenticationMiddleware() Validating authentications.
2025-09-01T11:04:03.109Z 15e0b696-0f3f-402f-8135-dfa515507d03 info: PublicAccessAuthenticator:validate() Start validation against public access.
2025-09-01T11:04:03.109Z 15e0b696-0f3f-402f-8135-dfa515507d03 debug: PublicAccessAuthenticator:validate() Getting account properties...
2025-09-01T11:04:03.109Z 15e0b696-0f3f-402f-8135-dfa515507d03 debug: PublicAccessAuthenticator:validate() Retrieved account name from context: devstoreaccount1, container: quality-docs, blob: testing/Maynooth-H7-Office-refit.docx
2025-09-01T11:04:03.109Z 15e0b696-0f3f-402f-8135-dfa515507d03 debug: PublicAccessAuthenticator:validate() Public access type for container quality-docs is "container"
2025-09-01T11:04:03.109Z 15e0b696-0f3f-402f-8135-dfa515507d03 debug: PublicAccessAuthenticator:validate() Operation Blob_Delete is not in container neither blob level public access list. Validation failed.
2025-09-01T11:04:03.109Z 15e0b696-0f3f-402f-8135-dfa515507d03 info: BlobSharedKeyAuthenticator:validate() Start validation against account shared key authentication.
2025-09-01T11:04:03.109Z 15e0b696-0f3f-402f-8135-dfa515507d03 info: BlobSharedKeyAuthenticator:validate() [STRING TO SIGN]:"DELETE\n\n\n\n\n\n\n\n\n\n\n\nx-ms-client-request-id:170cf127-7a86-401c-be92-4cc4aa34a680\nx-ms-date:Mon, 01 Sep 2025 11:04:03 GMT\nx-ms-version:2025-07-05\n/devstoreaccount1/devstoreaccount1/quality-docs/testing/Maynooth-H7-Office-refit.docx"
2025-09-01T11:04:03.110Z 15e0b696-0f3f-402f-8135-dfa515507d03 info: BlobSharedKeyAuthenticator:validate() Calculated authentication header based on key1: SharedKey devstoreaccount1:BhSMBb5c9RpvGQN3uR8uCYgGlodxmXCG+r4Vk53lfIw=
2025-09-01T11:04:03.110Z 15e0b696-0f3f-402f-8135-dfa515507d03 info: BlobSharedKeyAuthenticator:validate() Signature 1 matched.
2025-09-01T11:04:03.110Z 15e0b696-0f3f-402f-8135-dfa515507d03 verbose: DeserializerMiddleware: Start deserializing...
2025-09-01T11:04:03.110Z 15e0b696-0f3f-402f-8135-dfa515507d03 info: HandlerMiddleware: DeserializedParameters={"options":{"requestId":"170cf127-7a86-401c-be92-4cc4aa34a680","leaseAccessConditions":{},"modifiedAccessConditions":{}},"version":"2025-07-05"}
2025-09-01T11:04:03.110Z 15e0b696-0f3f-402f-8135-dfa515507d03 verbose: SerializerMiddleware: Start serializing...
2025-09-01T11:04:03.110Z 15e0b696-0f3f-402f-8135-dfa515507d03 verbose: Send Blob telemetry: B_Blob_Delete
2025-09-01T11:04:03.110Z 15e0b696-0f3f-402f-8135-dfa515507d03 info: EndMiddleware: End response. TotalTimeInMS=1 StatusCode=202 StatusMessage=undefined Headers={"server":"Azurite-Blob/3.35.0","x-ms-client-request-id":"170cf127-7a86-401c-be92-4cc4aa34a680","x-ms-request-id":"15e0b696-0f3f-402f-8135-dfa515507d03","x-ms-version":"2025-11-05","date":"Mon, 01 Sep 2025 11:04:03 GMT","x-ms-delete-type-permanent":"true"}
2025-09-01T11:04:03.113Z 83d78ec3-1e50-4624-8786-d8d5849189bf info: BlobStorageContextMiddleware: RequestMethod=DELETE RequestURL=http://127.0.0.1/devstoreaccount1/quality-docs/testing/Maynooth-H7-Office-refit.docx RequestHeaders:{"x-ms-version":"2025-07-05","accept":"application/xml","user-agent":"azsdk-js-azure-storage-blob/12.28.0 core-rest-pipeline/1.22.0 Node/22.18.0 OS/(x64-Windows_NT-10.0.26100)","x-ms-client-request-id":"501985f6-3fbd-42d0-bb97-f63a831d7336","x-ms-date":"Mon, 01 Sep 2025 11:04:03 GMT","authorization":"SharedKey devstoreaccount1:g0w3xDXpZy6XwkN9gG62m2NWOgU5gtdBlXVs6JngXjo=","host":"127.0.0.1:10000","connection":"keep-alive"} ClientIP=127.0.0.1 Protocol=http HTTPVersion=1.1
2025-09-01T11:04:03.113Z 83d78ec3-1e50-4624-8786-d8d5849189bf info: BlobStorageContextMiddleware: Account=devstoreaccount1 Container=quality-docs Blob=testing/Maynooth-H7-Office-refit.docx
2025-09-01T11:04:03.113Z 83d78ec3-1e50-4624-8786-d8d5849189bf verbose: DispatchMiddleware: Dispatching request...
2025-09-01T11:04:03.113Z 83d78ec3-1e50-4624-8786-d8d5849189bf info: DispatchMiddleware: Operation=Blob_Delete
2025-09-01T11:04:03.113Z 83d78ec3-1e50-4624-8786-d8d5849189bf verbose: AuthenticationMiddlewareFactory:createAuthenticationMiddleware() Validating authentications.
2025-09-01T11:04:03.113Z 83d78ec3-1e50-4624-8786-d8d5849189bf info: PublicAccessAuthenticator:validate() Start validation against public access.
2025-09-01T11:04:03.113Z 83d78ec3-1e50-4624-8786-d8d5849189bf debug: PublicAccessAuthenticator:validate() Getting account properties...
2025-09-01T11:04:03.113Z 83d78ec3-1e50-4624-8786-d8d5849189bf debug: PublicAccessAuthenticator:validate() Retrieved account name from context: devstoreaccount1, container: quality-docs, blob: testing/Maynooth-H7-Office-refit.docx
2025-09-01T11:04:03.113Z 83d78ec3-1e50-4624-8786-d8d5849189bf debug: PublicAccessAuthenticator:validate() Public access type for container quality-docs is "container"
2025-09-01T11:04:03.113Z 83d78ec3-1e50-4624-8786-d8d5849189bf debug: PublicAccessAuthenticator:validate() Operation Blob_Delete is not in container neither blob level public access list. Validation failed.
2025-09-01T11:04:03.113Z 83d78ec3-1e50-4624-8786-d8d5849189bf info: BlobSharedKeyAuthenticator:validate() Start validation against account shared key authentication.
2025-09-01T11:04:03.113Z 83d78ec3-1e50-4624-8786-d8d5849189bf info: BlobSharedKeyAuthenticator:validate() [STRING TO SIGN]:"DELETE\n\n\n\n\n\n\n\n\n\n\n\nx-ms-client-request-id:501985f6-3fbd-42d0-bb97-f63a831d7336\nx-ms-date:Mon, 01 Sep 2025 11:04:03 GMT\nx-ms-version:2025-07-05\n/devstoreaccount1/devstoreaccount1/quality-docs/testing/Maynooth-H7-Office-refit.docx"
2025-09-01T11:04:03.113Z 83d78ec3-1e50-4624-8786-d8d5849189bf info: BlobSharedKeyAuthenticator:validate() Calculated authentication header based on key1: SharedKey devstoreaccount1:g0w3xDXpZy6XwkN9gG62m2NWOgU5gtdBlXVs6JngXjo=
2025-09-01T11:04:03.113Z 83d78ec3-1e50-4624-8786-d8d5849189bf info: BlobSharedKeyAuthenticator:validate() Signature 1 matched.
2025-09-01T11:04:03.113Z 83d78ec3-1e50-4624-8786-d8d5849189bf verbose: DeserializerMiddleware: Start deserializing...
2025-09-01T11:04:03.113Z 83d78ec3-1e50-4624-8786-d8d5849189bf info: HandlerMiddleware: DeserializedParameters={"options":{"requestId":"501985f6-3fbd-42d0-bb97-f63a831d7336","leaseAccessConditions":{},"modifiedAccessConditions":{}},"version":"2025-07-05"}
2025-09-01T11:04:03.114Z 83d78ec3-1e50-4624-8786-d8d5849189bf error: ErrorMiddleware: Received a MiddlewareError, fill error information to HTTP response
2025-09-01T11:04:03.114Z 83d78ec3-1e50-4624-8786-d8d5849189bf error: ErrorMiddleware: ErrorName=StorageError ErrorMessage=The specified blob does not exist.  ErrorHTTPStatusCode=404 ErrorHTTPStatusMessage=The specified blob does not exist. ErrorHTTPHeaders={"x-ms-error-code":"BlobNotFound","x-ms-request-id":"83d78ec3-1e50-4624-8786-d8d5849189bf"} ErrorHTTPBody="<?xml version=\"1.0\" encoding=\"UTF-8\" standalone=\"yes\"?>\n<Error>\n  <Code>BlobNotFound</Code>\n  <Message>The specified blob does not exist.\nRequestId:83d78ec3-1e50-4624-8786-d8d5849189bf\nTime:2025-09-01T11:04:03.113Z</Message>\n</Error>" ErrorStack="StorageError: The specified blob does not exist.\n    at StorageErrorFactory.getBlobNotFound (C:\\QR Portal\\node_modules\\azurite\\dist\\src\\blob\\errors\\StorageErrorFactory.js:29:16)\n    at LokiBlobMetadataStore.deleteBlob (C:\\QR Portal\\node_modules\\azurite\\dist\\src\\blob\\persistence\\LokiBlobMetadataStore.js:899:49)\n    at process.processTicksAndRejections (node:internal/process/task_queues:105:5)\n    at async BlobHandler.delete (C:\\QR Portal\\node_modules\\azurite\\dist\\src\\blob\\handlers\\BlobHandler.js:125:9)"
2025-09-01T11:04:03.114Z 83d78ec3-1e50-4624-8786-d8d5849189bf error: ErrorMiddleware: Set HTTP code: 404
2025-09-01T11:04:03.114Z 83d78ec3-1e50-4624-8786-d8d5849189bf error: ErrorMiddleware: Set HTTP status message: The specified blob does not exist.
2025-09-01T11:04:03.114Z 83d78ec3-1e50-4624-8786-d8d5849189bf error: ErrorMiddleware: Set HTTP Header: x-ms-error-code=BlobNotFound
2025-09-01T11:04:03.114Z 83d78ec3-1e50-4624-8786-d8d5849189bf error: ErrorMiddleware: Set HTTP Header: x-ms-request-id=83d78ec3-1e50-4624-8786-d8d5849189bf
2025-09-01T11:04:03.114Z 83d78ec3-1e50-4624-8786-d8d5849189bf error: ErrorMiddleware: Set content type: application/xml
2025-09-01T11:04:03.114Z 83d78ec3-1e50-4624-8786-d8d5849189bf error: ErrorMiddleware: Set HTTP body: "<?xml version=\"1.0\" encoding=\"UTF-8\" standalone=\"yes\"?>\n<Error>\n  <Code>BlobNotFound</Code>\n  <Message>The specified blob does not exist.\nRequestId:83d78ec3-1e50-4624-8786-d8d5849189bf\nTime:2025-09-01T11:04:03.113Z</Message>\n</Error>"
2025-09-01T11:04:03.114Z 83d78ec3-1e50-4624-8786-d8d5849189bf verbose: Send Blob telemetry: B_Blob_Delete
2025-09-01T11:04:03.114Z 83d78ec3-1e50-4624-8786-d8d5849189bf info: EndMiddleware: End response. TotalTimeInMS=1 StatusCode=404 StatusMessage=The specified blob does not exist. Headers={"server":"Azurite-Blob/3.35.0","x-ms-error-code":"BlobNotFound","x-ms-request-id":"83d78ec3-1e50-4624-8786-d8d5849189bf","content-type":"application/xml"}
2025-09-01T11:04:03.117Z b4bfa190-16d5-4fa9-8ba2-fa13f40064c4 info: BlobStorageContextMiddleware: RequestMethod=DELETE RequestURL=http://127.0.0.1/devstoreaccount1/quality-docs/testing/Maynooth-H7-Office-refit.docx RequestHeaders:{"x-ms-version":"2025-07-05","accept":"application/xml","user-agent":"azsdk-js-azure-storage-blob/12.28.0 core-rest-pipeline/1.22.0 Node/22.18.0 OS/(x64-Windows_NT-10.0.26100)","x-ms-client-request-id":"bda8a99a-1659-4bf9-9970-ee9315c463b2","x-ms-date":"Mon, 01 Sep 2025 11:04:03 GMT","authorization":"SharedKey devstoreaccount1:uVmZXRQE3i17YWsJp9gLAe+kw9btxDcvu07g1E9Xgis=","host":"127.0.0.1:10000","connection":"keep-alive"} ClientIP=127.0.0.1 Protocol=http HTTPVersion=1.1
2025-09-01T11:04:03.117Z b4bfa190-16d5-4fa9-8ba2-fa13f40064c4 info: BlobStorageContextMiddleware: Account=devstoreaccount1 Container=quality-docs Blob=testing/Maynooth-H7-Office-refit.docx
2025-09-01T11:04:03.117Z b4bfa190-16d5-4fa9-8ba2-fa13f40064c4 verbose: DispatchMiddleware: Dispatching request...
2025-09-01T11:04:03.117Z b4bfa190-16d5-4fa9-8ba2-fa13f40064c4 info: DispatchMiddleware: Operation=Blob_Delete
2025-09-01T11:04:03.117Z b4bfa190-16d5-4fa9-8ba2-fa13f40064c4 verbose: AuthenticationMiddlewareFactory:createAuthenticationMiddleware() Validating authentications.
2025-09-01T11:04:03.117Z b4bfa190-16d5-4fa9-8ba2-fa13f40064c4 info: PublicAccessAuthenticator:validate() Start validation against public access.
2025-09-01T11:04:03.117Z b4bfa190-16d5-4fa9-8ba2-fa13f40064c4 debug: PublicAccessAuthenticator:validate() Getting account properties...
2025-09-01T11:04:03.117Z b4bfa190-16d5-4fa9-8ba2-fa13f40064c4 debug: PublicAccessAuthenticator:validate() Retrieved account name from context: devstoreaccount1, container: quality-docs, blob: testing/Maynooth-H7-Office-refit.docx
2025-09-01T11:04:03.117Z b4bfa190-16d5-4fa9-8ba2-fa13f40064c4 debug: PublicAccessAuthenticator:validate() Public access type for container quality-docs is "container"
2025-09-01T11:04:03.117Z b4bfa190-16d5-4fa9-8ba2-fa13f40064c4 debug: PublicAccessAuthenticator:validate() Operation Blob_Delete is not in container neither blob level public access list. Validation failed.
2025-09-01T11:04:03.117Z b4bfa190-16d5-4fa9-8ba2-fa13f40064c4 info: BlobSharedKeyAuthenticator:validate() Start validation against account shared key authentication.
2025-09-01T11:04:03.117Z b4bfa190-16d5-4fa9-8ba2-fa13f40064c4 info: BlobSharedKeyAuthenticator:validate() [STRING TO SIGN]:"DELETE\n\n\n\n\n\n\n\n\n\n\n\nx-ms-client-request-id:bda8a99a-1659-4bf9-9970-ee9315c463b2\nx-ms-date:Mon, 01 Sep 2025 11:04:03 GMT\nx-ms-version:2025-07-05\n/devstoreaccount1/devstoreaccount1/quality-docs/testing/Maynooth-H7-Office-refit.docx"
2025-09-01T11:04:03.117Z b4bfa190-16d5-4fa9-8ba2-fa13f40064c4 info: BlobSharedKeyAuthenticator:validate() Calculated authentication header based on key1: SharedKey devstoreaccount1:uVmZXRQE3i17YWsJp9gLAe+kw9btxDcvu07g1E9Xgis=
2025-09-01T11:04:03.117Z b4bfa190-16d5-4fa9-8ba2-fa13f40064c4 info: BlobSharedKeyAuthenticator:validate() Signature 1 matched.
2025-09-01T11:04:03.117Z b4bfa190-16d5-4fa9-8ba2-fa13f40064c4 verbose: DeserializerMiddleware: Start deserializing...
2025-09-01T11:04:03.117Z b4bfa190-16d5-4fa9-8ba2-fa13f40064c4 info: HandlerMiddleware: DeserializedParameters={"options":{"requestId":"bda8a99a-1659-4bf9-9970-ee9315c463b2","leaseAccessConditions":{},"modifiedAccessConditions":{}},"version":"2025-07-05"}
2025-09-01T11:04:03.117Z b4bfa190-16d5-4fa9-8ba2-fa13f40064c4 error: ErrorMiddleware: Received a MiddlewareError, fill error information to HTTP response
2025-09-01T11:04:03.117Z b4bfa190-16d5-4fa9-8ba2-fa13f40064c4 error: ErrorMiddleware: ErrorName=StorageError ErrorMessage=The specified blob does not exist.  ErrorHTTPStatusCode=404 ErrorHTTPStatusMessage=The specified blob does not exist. ErrorHTTPHeaders={"x-ms-error-code":"BlobNotFound","x-ms-request-id":"b4bfa190-16d5-4fa9-8ba2-fa13f40064c4"} ErrorHTTPBody="<?xml version=\"1.0\" encoding=\"UTF-8\" standalone=\"yes\"?>\n<Error>\n  <Code>BlobNotFound</Code>\n  <Message>The specified blob does not exist.\nRequestId:b4bfa190-16d5-4fa9-8ba2-fa13f40064c4\nTime:2025-09-01T11:04:03.117Z</Message>\n</Error>" ErrorStack="StorageError: The specified blob does not exist.\n    at StorageErrorFactory.getBlobNotFound (C:\\QR Portal\\node_modules\\azurite\\dist\\src\\blob\\errors\\StorageErrorFactory.js:29:16)\n    at LokiBlobMetadataStore.deleteBlob (C:\\QR Portal\\node_modules\\azurite\\dist\\src\\blob\\persistence\\LokiBlobMetadataStore.js:899:49)\n    at process.processTicksAndRejections (node:internal/process/task_queues:105:5)\n    at async BlobHandler.delete (C:\\QR Portal\\node_modules\\azurite\\dist\\src\\blob\\handlers\\BlobHandler.js:125:9)"
2025-09-01T11:04:03.117Z b4bfa190-16d5-4fa9-8ba2-fa13f40064c4 error: ErrorMiddleware: Set HTTP code: 404
2025-09-01T11:04:03.117Z b4bfa190-16d5-4fa9-8ba2-fa13f40064c4 error: ErrorMiddleware: Set HTTP status message: The specified blob does not exist.
2025-09-01T11:04:03.117Z b4bfa190-16d5-4fa9-8ba2-fa13f40064c4 error: ErrorMiddleware: Set HTTP Header: x-ms-error-code=BlobNotFound
2025-09-01T11:04:03.117Z b4bfa190-16d5-4fa9-8ba2-fa13f40064c4 error: ErrorMiddleware: Set HTTP Header: x-ms-request-id=b4bfa190-16d5-4fa9-8ba2-fa13f40064c4
2025-09-01T11:04:03.117Z b4bfa190-16d5-4fa9-8ba2-fa13f40064c4 error: ErrorMiddleware: Set content type: application/xml
2025-09-01T11:04:03.117Z b4bfa190-16d5-4fa9-8ba2-fa13f40064c4 error: ErrorMiddleware: Set HTTP body: "<?xml version=\"1.0\" encoding=\"UTF-8\" standalone=\"yes\"?>\n<Error>\n  <Code>BlobNotFound</Code>\n  <Message>The specified blob does not exist.\nRequestId:b4bfa190-16d5-4fa9-8ba2-fa13f40064c4\nTime:2025-09-01T11:04:03.117Z</Message>\n</Error>"
2025-09-01T11:04:03.118Z b4bfa190-16d5-4fa9-8ba2-fa13f40064c4 verbose: Send Blob telemetry: B_Blob_Delete
2025-09-01T11:04:03.118Z b4bfa190-16d5-4fa9-8ba2-fa13f40064c4 info: EndMiddleware: End response. TotalTimeInMS=1 StatusCode=404 StatusMessage=The specified blob does not exist. Headers={"server":"Azurite-Blob/3.35.0","x-ms-error-code":"BlobNotFound","x-ms-request-id":"b4bfa190-16d5-4fa9-8ba2-fa13f40064c4","content-type":"application/xml"}
2025-09-01T11:04:09.043Z 34821580-e0d3-473a-b4bc-d817fe257b70 info: BlobStorageContextMiddleware: RequestMethod=DELETE RequestURL=http://127.0.0.1/devstoreaccount1/quality-docs/testing/20036753---MESH.pdf RequestHeaders:{"x-ms-version":"2025-07-05","accept":"application/xml","user-agent":"azsdk-js-azure-storage-blob/12.28.0 core-rest-pipeline/1.22.0 Node/22.18.0 OS/(x64-Windows_NT-10.0.26100)","x-ms-client-request-id":"e070cf1e-0f65-4147-b649-3459be5eb0e6","x-ms-date":"Mon, 01 Sep 2025 11:04:09 GMT","authorization":"SharedKey devstoreaccount1:11cL5Bp7BKAyWlXKtE1DpSUD9ixWDIebcszhju4+Tto=","host":"127.0.0.1:10000","connection":"keep-alive"} ClientIP=127.0.0.1 Protocol=http HTTPVersion=1.1
2025-09-01T11:04:09.043Z 34821580-e0d3-473a-b4bc-d817fe257b70 info: BlobStorageContextMiddleware: Account=devstoreaccount1 Container=quality-docs Blob=testing/20036753---MESH.pdf
2025-09-01T11:04:09.043Z 34821580-e0d3-473a-b4bc-d817fe257b70 verbose: DispatchMiddleware: Dispatching request...
2025-09-01T11:04:09.044Z 34821580-e0d3-473a-b4bc-d817fe257b70 info: DispatchMiddleware: Operation=Blob_Delete
2025-09-01T11:04:09.044Z 34821580-e0d3-473a-b4bc-d817fe257b70 verbose: AuthenticationMiddlewareFactory:createAuthenticationMiddleware() Validating authentications.
2025-09-01T11:04:09.044Z 34821580-e0d3-473a-b4bc-d817fe257b70 info: PublicAccessAuthenticator:validate() Start validation against public access.
2025-09-01T11:04:09.044Z 34821580-e0d3-473a-b4bc-d817fe257b70 debug: PublicAccessAuthenticator:validate() Getting account properties...
2025-09-01T11:04:09.044Z 34821580-e0d3-473a-b4bc-d817fe257b70 debug: PublicAccessAuthenticator:validate() Retrieved account name from context: devstoreaccount1, container: quality-docs, blob: testing/20036753---MESH.pdf
2025-09-01T11:04:09.044Z 34821580-e0d3-473a-b4bc-d817fe257b70 debug: PublicAccessAuthenticator:validate() Public access type for container quality-docs is "container"
2025-09-01T11:04:09.044Z 34821580-e0d3-473a-b4bc-d817fe257b70 debug: PublicAccessAuthenticator:validate() Operation Blob_Delete is not in container neither blob level public access list. Validation failed.
2025-09-01T11:04:09.044Z 34821580-e0d3-473a-b4bc-d817fe257b70 info: BlobSharedKeyAuthenticator:validate() Start validation against account shared key authentication.
2025-09-01T11:04:09.044Z 34821580-e0d3-473a-b4bc-d817fe257b70 info: BlobSharedKeyAuthenticator:validate() [STRING TO SIGN]:"DELETE\n\n\n\n\n\n\n\n\n\n\n\nx-ms-client-request-id:e070cf1e-0f65-4147-b649-3459be5eb0e6\nx-ms-date:Mon, 01 Sep 2025 11:04:09 GMT\nx-ms-version:2025-07-05\n/devstoreaccount1/devstoreaccount1/quality-docs/testing/20036753---MESH.pdf"
2025-09-01T11:04:09.044Z 34821580-e0d3-473a-b4bc-d817fe257b70 info: BlobSharedKeyAuthenticator:validate() Calculated authentication header based on key1: SharedKey devstoreaccount1:11cL5Bp7BKAyWlXKtE1DpSUD9ixWDIebcszhju4+Tto=
2025-09-01T11:04:09.044Z 34821580-e0d3-473a-b4bc-d817fe257b70 info: BlobSharedKeyAuthenticator:validate() Signature 1 matched.
2025-09-01T11:04:09.044Z 34821580-e0d3-473a-b4bc-d817fe257b70 verbose: DeserializerMiddleware: Start deserializing...
2025-09-01T11:04:09.044Z 34821580-e0d3-473a-b4bc-d817fe257b70 info: HandlerMiddleware: DeserializedParameters={"options":{"requestId":"e070cf1e-0f65-4147-b649-3459be5eb0e6","leaseAccessConditions":{},"modifiedAccessConditions":{}},"version":"2025-07-05"}
2025-09-01T11:04:09.045Z 34821580-e0d3-473a-b4bc-d817fe257b70 verbose: SerializerMiddleware: Start serializing...
2025-09-01T11:04:09.045Z 34821580-e0d3-473a-b4bc-d817fe257b70 verbose: Send Blob telemetry: B_Blob_Delete
2025-09-01T11:04:09.045Z 34821580-e0d3-473a-b4bc-d817fe257b70 info: EndMiddleware: End response. TotalTimeInMS=2 StatusCode=202 StatusMessage=undefined Headers={"server":"Azurite-Blob/3.35.0","x-ms-client-request-id":"e070cf1e-0f65-4147-b649-3459be5eb0e6","x-ms-request-id":"34821580-e0d3-473a-b4bc-d817fe257b70","x-ms-version":"2025-11-05","date":"Mon, 01 Sep 2025 11:04:09 GMT","x-ms-delete-type-permanent":"true"}
2025-09-01T11:04:09.048Z 9d4f189e-11f9-4487-aaca-833b823a2478 info: BlobStorageContextMiddleware: RequestMethod=DELETE RequestURL=http://127.0.0.1/devstoreaccount1/quality-docs/testing/20036753---MESH.pdf RequestHeaders:{"x-ms-version":"2025-07-05","accept":"application/xml","user-agent":"azsdk-js-azure-storage-blob/12.28.0 core-rest-pipeline/1.22.0 Node/22.18.0 OS/(x64-Windows_NT-10.0.26100)","x-ms-client-request-id":"41741aed-60ca-4501-816e-e507d758483f","x-ms-date":"Mon, 01 Sep 2025 11:04:09 GMT","authorization":"SharedKey devstoreaccount1:jKCKL2zuYqxrrxZOs8I+RXbhnsWhneJz3+/2/u9ZjYg=","host":"127.0.0.1:10000","connection":"keep-alive"} ClientIP=127.0.0.1 Protocol=http HTTPVersion=1.1
2025-09-01T11:04:09.049Z 9d4f189e-11f9-4487-aaca-833b823a2478 info: BlobStorageContextMiddleware: Account=devstoreaccount1 Container=quality-docs Blob=testing/20036753---MESH.pdf
2025-09-01T11:04:09.049Z 9d4f189e-11f9-4487-aaca-833b823a2478 verbose: DispatchMiddleware: Dispatching request...
2025-09-01T11:04:09.049Z 9d4f189e-11f9-4487-aaca-833b823a2478 info: DispatchMiddleware: Operation=Blob_Delete
2025-09-01T11:04:09.049Z 9d4f189e-11f9-4487-aaca-833b823a2478 verbose: AuthenticationMiddlewareFactory:createAuthenticationMiddleware() Validating authentications.
2025-09-01T11:04:09.049Z 9d4f189e-11f9-4487-aaca-833b823a2478 info: PublicAccessAuthenticator:validate() Start validation against public access.
2025-09-01T11:04:09.049Z 9d4f189e-11f9-4487-aaca-833b823a2478 debug: PublicAccessAuthenticator:validate() Getting account properties...
2025-09-01T11:04:09.049Z 9d4f189e-11f9-4487-aaca-833b823a2478 debug: PublicAccessAuthenticator:validate() Retrieved account name from context: devstoreaccount1, container: quality-docs, blob: testing/20036753---MESH.pdf
2025-09-01T11:04:09.050Z 9d4f189e-11f9-4487-aaca-833b823a2478 debug: PublicAccessAuthenticator:validate() Public access type for container quality-docs is "container"
2025-09-01T11:04:09.050Z 9d4f189e-11f9-4487-aaca-833b823a2478 debug: PublicAccessAuthenticator:validate() Operation Blob_Delete is not in container neither blob level public access list. Validation failed.
2025-09-01T11:04:09.050Z 9d4f189e-11f9-4487-aaca-833b823a2478 info: BlobSharedKeyAuthenticator:validate() Start validation against account shared key authentication.
2025-09-01T11:04:09.050Z 9d4f189e-11f9-4487-aaca-833b823a2478 info: BlobSharedKeyAuthenticator:validate() [STRING TO SIGN]:"DELETE\n\n\n\n\n\n\n\n\n\n\n\nx-ms-client-request-id:41741aed-60ca-4501-816e-e507d758483f\nx-ms-date:Mon, 01 Sep 2025 11:04:09 GMT\nx-ms-version:2025-07-05\n/devstoreaccount1/devstoreaccount1/quality-docs/testing/20036753---MESH.pdf"
2025-09-01T11:04:09.050Z 9d4f189e-11f9-4487-aaca-833b823a2478 info: BlobSharedKeyAuthenticator:validate() Calculated authentication header based on key1: SharedKey devstoreaccount1:jKCKL2zuYqxrrxZOs8I+RXbhnsWhneJz3+/2/u9ZjYg=
2025-09-01T11:04:09.050Z 9d4f189e-11f9-4487-aaca-833b823a2478 info: BlobSharedKeyAuthenticator:validate() Signature 1 matched.
2025-09-01T11:04:09.050Z 9d4f189e-11f9-4487-aaca-833b823a2478 verbose: DeserializerMiddleware: Start deserializing...
2025-09-01T11:04:09.050Z 9d4f189e-11f9-4487-aaca-833b823a2478 info: HandlerMiddleware: DeserializedParameters={"options":{"requestId":"41741aed-60ca-4501-816e-e507d758483f","leaseAccessConditions":{},"modifiedAccessConditions":{}},"version":"2025-07-05"}
2025-09-01T11:04:09.051Z 9d4f189e-11f9-4487-aaca-833b823a2478 error: ErrorMiddleware: Received a MiddlewareError, fill error information to HTTP response
2025-09-01T11:04:09.051Z 9d4f189e-11f9-4487-aaca-833b823a2478 error: ErrorMiddleware: ErrorName=StorageError ErrorMessage=The specified blob does not exist.  ErrorHTTPStatusCode=404 ErrorHTTPStatusMessage=The specified blob does not exist. ErrorHTTPHeaders={"x-ms-error-code":"BlobNotFound","x-ms-request-id":"9d4f189e-11f9-4487-aaca-833b823a2478"} ErrorHTTPBody="<?xml version=\"1.0\" encoding=\"UTF-8\" standalone=\"yes\"?>\n<Error>\n  <Code>BlobNotFound</Code>\n  <Message>The specified blob does not exist.\nRequestId:9d4f189e-11f9-4487-aaca-833b823a2478\nTime:2025-09-01T11:04:09.050Z</Message>\n</Error>" ErrorStack="StorageError: The specified blob does not exist.\n    at StorageErrorFactory.getBlobNotFound (C:\\QR Portal\\node_modules\\azurite\\dist\\src\\blob\\errors\\StorageErrorFactory.js:29:16)\n    at LokiBlobMetadataStore.deleteBlob (C:\\QR Portal\\node_modules\\azurite\\dist\\src\\blob\\persistence\\LokiBlobMetadataStore.js:899:49)\n    at process.processTicksAndRejections (node:internal/process/task_queues:105:5)\n    at async BlobHandler.delete (C:\\QR Portal\\node_modules\\azurite\\dist\\src\\blob\\handlers\\BlobHandler.js:125:9)"
2025-09-01T11:04:09.051Z 9d4f189e-11f9-4487-aaca-833b823a2478 error: ErrorMiddleware: Set HTTP code: 404
2025-09-01T11:04:09.051Z 9d4f189e-11f9-4487-aaca-833b823a2478 error: ErrorMiddleware: Set HTTP status message: The specified blob does not exist.
2025-09-01T11:04:09.051Z 9d4f189e-11f9-4487-aaca-833b823a2478 error: ErrorMiddleware: Set HTTP Header: x-ms-error-code=BlobNotFound
2025-09-01T11:04:09.051Z 9d4f189e-11f9-4487-aaca-833b823a2478 error: ErrorMiddleware: Set HTTP Header: x-ms-request-id=9d4f189e-11f9-4487-aaca-833b823a2478
2025-09-01T11:04:09.051Z 9d4f189e-11f9-4487-aaca-833b823a2478 error: ErrorMiddleware: Set content type: application/xml
2025-09-01T11:04:09.051Z 9d4f189e-11f9-4487-aaca-833b823a2478 error: ErrorMiddleware: Set HTTP body: "<?xml version=\"1.0\" encoding=\"UTF-8\" standalone=\"yes\"?>\n<Error>\n  <Code>BlobNotFound</Code>\n  <Message>The specified blob does not exist.\nRequestId:9d4f189e-11f9-4487-aaca-833b823a2478\nTime:2025-09-01T11:04:09.050Z</Message>\n</Error>"
2025-09-01T11:04:09.051Z 9d4f189e-11f9-4487-aaca-833b823a2478 verbose: Send Blob telemetry: B_Blob_Delete
2025-09-01T11:04:09.051Z 9d4f189e-11f9-4487-aaca-833b823a2478 info: EndMiddleware: End response. TotalTimeInMS=3 StatusCode=404 StatusMessage=The specified blob does not exist. Headers={"server":"Azurite-Blob/3.35.0","x-ms-error-code":"BlobNotFound","x-ms-request-id":"9d4f189e-11f9-4487-aaca-833b823a2478","content-type":"application/xml"}
2025-09-01T11:04:13.501Z d8ea7302-579b-4131-b479-853ed32a6378 info: BlobStorageContextMiddleware: RequestMethod=DELETE RequestURL=http://127.0.0.1/devstoreaccount1/quality-docs/welding/ticket.pdf RequestHeaders:{"x-ms-version":"2025-07-05","accept":"application/xml","user-agent":"azsdk-js-azure-storage-blob/12.28.0 core-rest-pipeline/1.22.0 Node/22.18.0 OS/(x64-Windows_NT-10.0.26100)","x-ms-client-request-id":"a9b48bfb-8d95-455d-9047-ecf480d39bfa","x-ms-date":"Mon, 01 Sep 2025 11:04:13 GMT","authorization":"SharedKey devstoreaccount1:KwgdTkpxRyZKxRciX5R/mUvTLpwstCvTweXR7zpX7FA=","host":"127.0.0.1:10000","connection":"keep-alive"} ClientIP=127.0.0.1 Protocol=http HTTPVersion=1.1
2025-09-01T11:04:13.501Z d8ea7302-579b-4131-b479-853ed32a6378 info: BlobStorageContextMiddleware: Account=devstoreaccount1 Container=quality-docs Blob=welding/ticket.pdf
2025-09-01T11:04:13.501Z d8ea7302-579b-4131-b479-853ed32a6378 verbose: DispatchMiddleware: Dispatching request...
2025-09-01T11:04:13.501Z d8ea7302-579b-4131-b479-853ed32a6378 info: DispatchMiddleware: Operation=Blob_Delete
2025-09-01T11:04:13.501Z d8ea7302-579b-4131-b479-853ed32a6378 verbose: AuthenticationMiddlewareFactory:createAuthenticationMiddleware() Validating authentications.
2025-09-01T11:04:13.501Z d8ea7302-579b-4131-b479-853ed32a6378 info: PublicAccessAuthenticator:validate() Start validation against public access.
2025-09-01T11:04:13.501Z d8ea7302-579b-4131-b479-853ed32a6378 debug: PublicAccessAuthenticator:validate() Getting account properties...
2025-09-01T11:04:13.501Z d8ea7302-579b-4131-b479-853ed32a6378 debug: PublicAccessAuthenticator:validate() Retrieved account name from context: devstoreaccount1, container: quality-docs, blob: welding/ticket.pdf
2025-09-01T11:04:13.501Z d8ea7302-579b-4131-b479-853ed32a6378 debug: PublicAccessAuthenticator:validate() Public access type for container quality-docs is "container"
2025-09-01T11:04:13.501Z d8ea7302-579b-4131-b479-853ed32a6378 debug: PublicAccessAuthenticator:validate() Operation Blob_Delete is not in container neither blob level public access list. Validation failed.
2025-09-01T11:04:13.501Z d8ea7302-579b-4131-b479-853ed32a6378 info: BlobSharedKeyAuthenticator:validate() Start validation against account shared key authentication.
2025-09-01T11:04:13.502Z d8ea7302-579b-4131-b479-853ed32a6378 info: BlobSharedKeyAuthenticator:validate() [STRING TO SIGN]:"DELETE\n\n\n\n\n\n\n\n\n\n\n\nx-ms-client-request-id:a9b48bfb-8d95-455d-9047-ecf480d39bfa\nx-ms-date:Mon, 01 Sep 2025 11:04:13 GMT\nx-ms-version:2025-07-05\n/devstoreaccount1/devstoreaccount1/quality-docs/welding/ticket.pdf"
2025-09-01T11:04:13.502Z d8ea7302-579b-4131-b479-853ed32a6378 info: BlobSharedKeyAuthenticator:validate() Calculated authentication header based on key1: SharedKey devstoreaccount1:KwgdTkpxRyZKxRciX5R/mUvTLpwstCvTweXR7zpX7FA=
2025-09-01T11:04:13.502Z d8ea7302-579b-4131-b479-853ed32a6378 info: BlobSharedKeyAuthenticator:validate() Signature 1 matched.
2025-09-01T11:04:13.502Z d8ea7302-579b-4131-b479-853ed32a6378 verbose: DeserializerMiddleware: Start deserializing...
2025-09-01T11:04:13.502Z d8ea7302-579b-4131-b479-853ed32a6378 info: HandlerMiddleware: DeserializedParameters={"options":{"requestId":"a9b48bfb-8d95-455d-9047-ecf480d39bfa","leaseAccessConditions":{},"modifiedAccessConditions":{}},"version":"2025-07-05"}
2025-09-01T11:04:13.502Z d8ea7302-579b-4131-b479-853ed32a6378 error: ErrorMiddleware: Received a MiddlewareError, fill error information to HTTP response
2025-09-01T11:04:13.502Z d8ea7302-579b-4131-b479-853ed32a6378 error: ErrorMiddleware: ErrorName=StorageError ErrorMessage=The specified blob does not exist.  ErrorHTTPStatusCode=404 ErrorHTTPStatusMessage=The specified blob does not exist. ErrorHTTPHeaders={"x-ms-error-code":"BlobNotFound","x-ms-request-id":"d8ea7302-579b-4131-b479-853ed32a6378"} ErrorHTTPBody="<?xml version=\"1.0\" encoding=\"UTF-8\" standalone=\"yes\"?>\n<Error>\n  <Code>BlobNotFound</Code>\n  <Message>The specified blob does not exist.\nRequestId:d8ea7302-579b-4131-b479-853ed32a6378\nTime:2025-09-01T11:04:13.502Z</Message>\n</Error>" ErrorStack="StorageError: The specified blob does not exist.\n    at StorageErrorFactory.getBlobNotFound (C:\\QR Portal\\node_modules\\azurite\\dist\\src\\blob\\errors\\StorageErrorFactory.js:29:16)\n    at LokiBlobMetadataStore.deleteBlob (C:\\QR Portal\\node_modules\\azurite\\dist\\src\\blob\\persistence\\LokiBlobMetadataStore.js:899:49)\n    at process.processTicksAndRejections (node:internal/process/task_queues:105:5)\n    at async BlobHandler.delete (C:\\QR Portal\\node_modules\\azurite\\dist\\src\\blob\\handlers\\BlobHandler.js:125:9)"
2025-09-01T11:04:13.502Z d8ea7302-579b-4131-b479-853ed32a6378 error: ErrorMiddleware: Set HTTP code: 404
2025-09-01T11:04:13.502Z d8ea7302-579b-4131-b479-853ed32a6378 error: ErrorMiddleware: Set HTTP status message: The specified blob does not exist.
2025-09-01T11:04:13.502Z d8ea7302-579b-4131-b479-853ed32a6378 error: ErrorMiddleware: Set HTTP Header: x-ms-error-code=BlobNotFound
2025-09-01T11:04:13.502Z d8ea7302-579b-4131-b479-853ed32a6378 error: ErrorMiddleware: Set HTTP Header: x-ms-request-id=d8ea7302-579b-4131-b479-853ed32a6378
2025-09-01T11:04:13.502Z d8ea7302-579b-4131-b479-853ed32a6378 error: ErrorMiddleware: Set content type: application/xml
2025-09-01T11:04:13.502Z d8ea7302-579b-4131-b479-853ed32a6378 error: ErrorMiddleware: Set HTTP body: "<?xml version=\"1.0\" encoding=\"UTF-8\" standalone=\"yes\"?>\n<Error>\n  <Code>BlobNotFound</Code>\n  <Message>The specified blob does not exist.\nRequestId:d8ea7302-579b-4131-b479-853ed32a6378\nTime:2025-09-01T11:04:13.502Z</Message>\n</Error>"
2025-09-01T11:04:13.502Z d8ea7302-579b-4131-b479-853ed32a6378 verbose: Send Blob telemetry: B_Blob_Delete
2025-09-01T11:04:13.502Z d8ea7302-579b-4131-b479-853ed32a6378 info: EndMiddleware: End response. TotalTimeInMS=1 StatusCode=404 StatusMessage=The specified blob does not exist. Headers={"server":"Azurite-Blob/3.35.0","x-ms-error-code":"BlobNotFound","x-ms-request-id":"d8ea7302-579b-4131-b479-853ed32a6378","content-type":"application/xml"}
2025-09-01T11:04:13.504Z efe44203-6c6b-47cb-9a6a-e0c942c9f406 info: BlobStorageContextMiddleware: RequestMethod=DELETE RequestURL=http://127.0.0.1/devstoreaccount1/quality-docs/welding/ticket.pdf RequestHeaders:{"x-ms-version":"2025-07-05","accept":"application/xml","user-agent":"azsdk-js-azure-storage-blob/12.28.0 core-rest-pipeline/1.22.0 Node/22.18.0 OS/(x64-Windows_NT-10.0.26100)","x-ms-client-request-id":"04083bb6-a380-4a87-a022-1da680e6bbb7","x-ms-date":"Mon, 01 Sep 2025 11:04:13 GMT","authorization":"SharedKey devstoreaccount1:fMXie+zyh/Q0IvrVVShcgIffDVChvfwKSfiWLlDImRE=","host":"127.0.0.1:10000","connection":"keep-alive"} ClientIP=127.0.0.1 Protocol=http HTTPVersion=1.1
2025-09-01T11:04:13.504Z efe44203-6c6b-47cb-9a6a-e0c942c9f406 info: BlobStorageContextMiddleware: Account=devstoreaccount1 Container=quality-docs Blob=welding/ticket.pdf
2025-09-01T11:04:13.504Z efe44203-6c6b-47cb-9a6a-e0c942c9f406 verbose: DispatchMiddleware: Dispatching request...
2025-09-01T11:04:13.505Z efe44203-6c6b-47cb-9a6a-e0c942c9f406 info: DispatchMiddleware: Operation=Blob_Delete
2025-09-01T11:04:13.505Z efe44203-6c6b-47cb-9a6a-e0c942c9f406 verbose: AuthenticationMiddlewareFactory:createAuthenticationMiddleware() Validating authentications.
2025-09-01T11:04:13.505Z efe44203-6c6b-47cb-9a6a-e0c942c9f406 info: PublicAccessAuthenticator:validate() Start validation against public access.
2025-09-01T11:04:13.505Z efe44203-6c6b-47cb-9a6a-e0c942c9f406 debug: PublicAccessAuthenticator:validate() Getting account properties...
2025-09-01T11:04:13.505Z efe44203-6c6b-47cb-9a6a-e0c942c9f406 debug: PublicAccessAuthenticator:validate() Retrieved account name from context: devstoreaccount1, container: quality-docs, blob: welding/ticket.pdf
2025-09-01T11:04:13.505Z efe44203-6c6b-47cb-9a6a-e0c942c9f406 debug: PublicAccessAuthenticator:validate() Public access type for container quality-docs is "container"
2025-09-01T11:04:13.505Z efe44203-6c6b-47cb-9a6a-e0c942c9f406 debug: PublicAccessAuthenticator:validate() Operation Blob_Delete is not in container neither blob level public access list. Validation failed.
2025-09-01T11:04:13.505Z efe44203-6c6b-47cb-9a6a-e0c942c9f406 info: BlobSharedKeyAuthenticator:validate() Start validation against account shared key authentication.
2025-09-01T11:04:13.505Z efe44203-6c6b-47cb-9a6a-e0c942c9f406 info: BlobSharedKeyAuthenticator:validate() [STRING TO SIGN]:"DELETE\n\n\n\n\n\n\n\n\n\n\n\nx-ms-client-request-id:04083bb6-a380-4a87-a022-1da680e6bbb7\nx-ms-date:Mon, 01 Sep 2025 11:04:13 GMT\nx-ms-version:2025-07-05\n/devstoreaccount1/devstoreaccount1/quality-docs/welding/ticket.pdf"
2025-09-01T11:04:13.505Z efe44203-6c6b-47cb-9a6a-e0c942c9f406 info: BlobSharedKeyAuthenticator:validate() Calculated authentication header based on key1: SharedKey devstoreaccount1:fMXie+zyh/Q0IvrVVShcgIffDVChvfwKSfiWLlDImRE=
2025-09-01T11:04:13.505Z efe44203-6c6b-47cb-9a6a-e0c942c9f406 info: BlobSharedKeyAuthenticator:validate() Signature 1 matched.
2025-09-01T11:04:13.505Z efe44203-6c6b-47cb-9a6a-e0c942c9f406 verbose: DeserializerMiddleware: Start deserializing...
2025-09-01T11:04:13.505Z efe44203-6c6b-47cb-9a6a-e0c942c9f406 info: HandlerMiddleware: DeserializedParameters={"options":{"requestId":"04083bb6-a380-4a87-a022-1da680e6bbb7","leaseAccessConditions":{},"modifiedAccessConditions":{}},"version":"2025-07-05"}
2025-09-01T11:04:13.506Z efe44203-6c6b-47cb-9a6a-e0c942c9f406 error: ErrorMiddleware: Received a MiddlewareError, fill error information to HTTP response
2025-09-01T11:04:13.506Z efe44203-6c6b-47cb-9a6a-e0c942c9f406 error: ErrorMiddleware: ErrorName=StorageError ErrorMessage=The specified blob does not exist.  ErrorHTTPStatusCode=404 ErrorHTTPStatusMessage=The specified blob does not exist. ErrorHTTPHeaders={"x-ms-error-code":"BlobNotFound","x-ms-request-id":"efe44203-6c6b-47cb-9a6a-e0c942c9f406"} ErrorHTTPBody="<?xml version=\"1.0\" encoding=\"UTF-8\" standalone=\"yes\"?>\n<Error>\n  <Code>BlobNotFound</Code>\n  <Message>The specified blob does not exist.\nRequestId:efe44203-6c6b-47cb-9a6a-e0c942c9f406\nTime:2025-09-01T11:04:13.505Z</Message>\n</Error>" ErrorStack="StorageError: The specified blob does not exist.\n    at StorageErrorFactory.getBlobNotFound (C:\\QR Portal\\node_modules\\azurite\\dist\\src\\blob\\errors\\StorageErrorFactory.js:29:16)\n    at LokiBlobMetadataStore.deleteBlob (C:\\QR Portal\\node_modules\\azurite\\dist\\src\\blob\\persistence\\LokiBlobMetadataStore.js:899:49)\n    at process.processTicksAndRejections (node:internal/process/task_queues:105:5)\n    at async BlobHandler.delete (C:\\QR Portal\\node_modules\\azurite\\dist\\src\\blob\\handlers\\BlobHandler.js:125:9)"
2025-09-01T11:04:13.506Z efe44203-6c6b-47cb-9a6a-e0c942c9f406 error: ErrorMiddleware: Set HTTP code: 404
2025-09-01T11:04:13.506Z efe44203-6c6b-47cb-9a6a-e0c942c9f406 error: ErrorMiddleware: Set HTTP status message: The specified blob does not exist.
2025-09-01T11:04:13.506Z efe44203-6c6b-47cb-9a6a-e0c942c9f406 error: ErrorMiddleware: Set HTTP Header: x-ms-error-code=BlobNotFound
2025-09-01T11:04:13.506Z efe44203-6c6b-47cb-9a6a-e0c942c9f406 error: ErrorMiddleware: Set HTTP Header: x-ms-request-id=efe44203-6c6b-47cb-9a6a-e0c942c9f406
2025-09-01T11:04:13.506Z efe44203-6c6b-47cb-9a6a-e0c942c9f406 error: ErrorMiddleware: Set content type: application/xml
2025-09-01T11:04:13.506Z efe44203-6c6b-47cb-9a6a-e0c942c9f406 error: ErrorMiddleware: Set HTTP body: "<?xml version=\"1.0\" encoding=\"UTF-8\" standalone=\"yes\"?>\n<Error>\n  <Code>BlobNotFound</Code>\n  <Message>The specified blob does not exist.\nRequestId:efe44203-6c6b-47cb-9a6a-e0c942c9f406\nTime:2025-09-01T11:04:13.505Z</Message>\n</Error>"
2025-09-01T11:04:13.506Z efe44203-6c6b-47cb-9a6a-e0c942c9f406 verbose: Send Blob telemetry: B_Blob_Delete
2025-09-01T11:04:13.506Z efe44203-6c6b-47cb-9a6a-e0c942c9f406 info: EndMiddleware: End response. TotalTimeInMS=2 StatusCode=404 StatusMessage=The specified blob does not exist. Headers={"server":"Azurite-Blob/3.35.0","x-ms-error-code":"BlobNotFound","x-ms-request-id":"efe44203-6c6b-47cb-9a6a-e0c942c9f406","content-type":"application/xml"}
2025-09-01T11:04:14.625Z 	 info: AccountDataStore:init() Refresh accounts from environment variable AZURITE_ACCOUNTS with value undefined
2025-09-01T11:04:14.625Z 	 info: AccountDataStore:init() Fallback to default emulator account devstoreaccount1.
2025-09-01T11:04:14.671Z 	 info: AccountDataStore:init() Refresh accounts from environment variable AZURITE_ACCOUNTS with value undefined
2025-09-01T11:04:14.671Z 	 info: AccountDataStore:init() Fallback to default emulator account devstoreaccount1.
2025-09-01T11:04:14.716Z 	 info: QueueGCManager:markSweepLoop() Start new mark and sweep.
2025-09-01T11:04:14.716Z 	 info: QueueGCManger:markSweep() Get all extents.
2025-09-01T11:04:14.716Z 	 info: QueueGCManager:marksweep() Get 0 extents.
2025-09-01T11:04:14.716Z 	 info: QueueGCManager:markSweep() Get referred extents, then remove from allExtents.
2025-09-01T11:04:14.717Z 	 info: QueueGCManager:markSweep() Got referred extents, unreferenced extents count is 0.
2025-09-01T11:04:14.717Z 	 info: QueueGCManager:markSweepLoop() Mark and sweep finished, take 1ms.
2025-09-01T11:04:14.717Z 	 info: QueueGCManager:markSweepLoop() Sleep for 60000
2025-09-01T11:04:14.717Z 	 info: AccountDataStore:init() Refresh accounts from environment variable AZURITE_ACCOUNTS with value undefined
2025-09-01T11:04:14.717Z 	 info: AccountDataStore:init() Fallback to default emulator account devstoreaccount1.
2025-09-01T11:05:14.633Z 	 info: AccountDataStore:init() Refresh accounts from environment variable AZURITE_ACCOUNTS with value undefined
2025-09-01T11:05:14.633Z 	 info: AccountDataStore:init() Fallback to default emulator account devstoreaccount1.
2025-09-01T11:05:14.679Z 	 info: AccountDataStore:init() Refresh accounts from environment variable AZURITE_ACCOUNTS with value undefined
2025-09-01T11:05:14.679Z 	 info: AccountDataStore:init() Fallback to default emulator account devstoreaccount1.
2025-09-01T11:05:14.726Z 	 info: QueueGCManager:markSweepLoop() Start new mark and sweep.
2025-09-01T11:05:14.726Z 	 info: QueueGCManger:markSweep() Get all extents.
2025-09-01T11:05:14.726Z 	 info: QueueGCManager:marksweep() Get 0 extents.
2025-09-01T11:05:14.726Z 	 info: QueueGCManager:markSweep() Get referred extents, then remove from allExtents.
2025-09-01T11:05:14.726Z 	 info: QueueGCManager:markSweep() Got referred extents, unreferenced extents count is 0.
2025-09-01T11:05:14.726Z 	 info: QueueGCManager:markSweepLoop() Mark and sweep finished, take 0ms.
2025-09-01T11:05:14.726Z 	 info: QueueGCManager:markSweepLoop() Sleep for 60000
2025-09-01T11:05:14.726Z 	 info: AccountDataStore:init() Refresh accounts from environment variable AZURITE_ACCOUNTS with value undefined
2025-09-01T11:05:14.726Z 	 info: AccountDataStore:init() Fallback to default emulator account devstoreaccount1.
2025-09-01T11:05:47.737Z e797326b-dd10-40c0-af40-8e10a8966320 info: BlobStorageContextMiddleware: RequestMethod=PUT RequestURL=http://127.0.0.1/devstoreaccount1/quality-docs/testing/ticket.pdf RequestHeaders:{"content-type":"application/octet-stream","x-ms-version":"2025-07-05","content-length":"199221","x-ms-blob-content-type":"application/pdf","accept":"application/xml","x-ms-blob-type":"BlockBlob","user-agent":"azsdk-js-azure-storage-blob/12.28.0 core-rest-pipeline/1.22.0 Node/22.18.0 OS/(x64-Windows_NT-10.0.26100)","x-ms-client-request-id":"6762b937-2690-4a92-849f-8cd3cdc596ec","x-ms-date":"Mon, 01 Sep 2025 11:05:47 GMT","authorization":"SharedKey devstoreaccount1:qKEG14LXQOYgYMB5ugI0zay95mmGwTGfim7Qg6gcWa8=","host":"127.0.0.1:10000","connection":"keep-alive"} ClientIP=127.0.0.1 Protocol=http HTTPVersion=1.1
2025-09-01T11:05:47.737Z e797326b-dd10-40c0-af40-8e10a8966320 info: BlobStorageContextMiddleware: Account=devstoreaccount1 Container=quality-docs Blob=testing/ticket.pdf
2025-09-01T11:05:47.737Z e797326b-dd10-40c0-af40-8e10a8966320 verbose: DispatchMiddleware: Dispatching request...
2025-09-01T11:05:47.738Z e797326b-dd10-40c0-af40-8e10a8966320 info: DispatchMiddleware: Operation=BlockBlob_Upload
2025-09-01T11:05:47.738Z e797326b-dd10-40c0-af40-8e10a8966320 verbose: AuthenticationMiddlewareFactory:createAuthenticationMiddleware() Validating authentications.
2025-09-01T11:05:47.738Z e797326b-dd10-40c0-af40-8e10a8966320 info: PublicAccessAuthenticator:validate() Start validation against public access.
2025-09-01T11:05:47.738Z e797326b-dd10-40c0-af40-8e10a8966320 debug: PublicAccessAuthenticator:validate() Getting account properties...
2025-09-01T11:05:47.738Z e797326b-dd10-40c0-af40-8e10a8966320 debug: PublicAccessAuthenticator:validate() Retrieved account name from context: devstoreaccount1, container: quality-docs, blob: testing/ticket.pdf
2025-09-01T11:05:47.738Z e797326b-dd10-40c0-af40-8e10a8966320 debug: PublicAccessAuthenticator:validate() Public access type for container quality-docs is "container"
2025-09-01T11:05:47.738Z e797326b-dd10-40c0-af40-8e10a8966320 debug: PublicAccessAuthenticator:validate() Operation BlockBlob_Upload is not in container neither blob level public access list. Validation failed.
2025-09-01T11:05:47.738Z e797326b-dd10-40c0-af40-8e10a8966320 info: BlobSharedKeyAuthenticator:validate() Start validation against account shared key authentication.
2025-09-01T11:05:47.739Z e797326b-dd10-40c0-af40-8e10a8966320 info: BlobSharedKeyAuthenticator:validate() [STRING TO SIGN]:"PUT\n\n\n199221\n\napplication/octet-stream\n\n\n\n\n\n\nx-ms-blob-content-type:application/pdf\nx-ms-blob-type:BlockBlob\nx-ms-client-request-id:6762b937-2690-4a92-849f-8cd3cdc596ec\nx-ms-date:Mon, 01 Sep 2025 11:05:47 GMT\nx-ms-version:2025-07-05\n/devstoreaccount1/devstoreaccount1/quality-docs/testing/ticket.pdf"
2025-09-01T11:05:47.739Z e797326b-dd10-40c0-af40-8e10a8966320 info: BlobSharedKeyAuthenticator:validate() Calculated authentication header based on key1: SharedKey devstoreaccount1:qKEG14LXQOYgYMB5ugI0zay95mmGwTGfim7Qg6gcWa8=
2025-09-01T11:05:47.739Z e797326b-dd10-40c0-af40-8e10a8966320 info: BlobSharedKeyAuthenticator:validate() Signature 1 matched.
2025-09-01T11:05:47.739Z e797326b-dd10-40c0-af40-8e10a8966320 verbose: DeserializerMiddleware: Start deserializing...
2025-09-01T11:05:47.739Z e797326b-dd10-40c0-af40-8e10a8966320 info: HandlerMiddleware: DeserializedParameters={"options":{"metadata":{},"requestId":"6762b937-2690-4a92-849f-8cd3cdc596ec","blobHTTPHeaders":{"blobContentType":"application/pdf"},"leaseAccessConditions":{},"cpkInfo":{},"cpkScopeInfo":{},"modifiedAccessConditions":{}},"contentLength":199221,"version":"2025-07-05","blobType":"BlockBlob","body":"ReadableStream"}
2025-09-01T11:05:47.739Z e797326b-dd10-40c0-af40-8e10a8966320 debug: OperationQueue.operate() Schedule incoming job b01a40a3-0f5b-46f9-b46b-7adf8f643736
2025-09-01T11:05:47.739Z e797326b-dd10-40c0-af40-8e10a8966320 debug: OperationQueue:execute() Current runningConcurrency:0 maxConcurrency:50 operations.length:1
2025-09-01T11:05:47.739Z e797326b-dd10-40c0-af40-8e10a8966320 info: FSExtentStore:appendExtent() Select extent from idle location for extent append operation. LocationId:1 extentId:4e550bc3-1e62-43e4-9d3d-6ba2361db643 offset:14274270 MAX_EXTENT_SIZE:67108864 
2025-09-01T11:05:47.739Z e797326b-dd10-40c0-af40-8e10a8966320 debug: FSExtentStore:appendExtent() Get fd:4 for extent:4e550bc3-1e62-43e4-9d3d-6ba2361db643 from cache.
2025-09-01T11:05:47.739Z e797326b-dd10-40c0-af40-8e10a8966320 debug: FSExtentStore:appendExtent() Created write stream for fd:4
2025-09-01T11:05:47.739Z e797326b-dd10-40c0-af40-8e10a8966320 debug: FSExtentStore:appendExtent() Start writing to extent 4e550bc3-1e62-43e4-9d3d-6ba2361db643
2025-09-01T11:05:47.739Z e797326b-dd10-40c0-af40-8e10a8966320 debug: FSExtentStore:streamPipe() Start piping data to write stream
2025-09-01T11:05:47.742Z e797326b-dd10-40c0-af40-8e10a8966320 debug: FSExtentStore:streamPipe() Readable stream triggers close event, 199221 bytes piped
2025-09-01T11:05:47.742Z e797326b-dd10-40c0-af40-8e10a8966320 debug: FSExtentStore:streamPipe() Invoke write stream end()
2025-09-01T11:05:47.742Z e797326b-dd10-40c0-af40-8e10a8966320 debug: FSExtentStore:streamPipe() Readable stream triggers close event, 199221 bytes piped
2025-09-01T11:05:47.742Z e797326b-dd10-40c0-af40-8e10a8966320 debug: FSExtentStore:streamPipe() Writable stream triggers finish event, after 199221 bytes piped. Flush data to fd:4.
2025-09-01T11:05:47.745Z e797326b-dd10-40c0-af40-8e10a8966320 debug: FSExtentStore:streamPipe() Flush data to fd:4 successfully. Resolve streamPipe().
2025-09-01T11:05:47.745Z e797326b-dd10-40c0-af40-8e10a8966320 debug: FSExtentStore:appendExtent() Write finish, start updating extent metadata. extent:{"id":"4e550bc3-1e62-43e4-9d3d-6ba2361db643","locationId":"Default","path":"4e550bc3-1e62-43e4-9d3d-6ba2361db643","size":14473491,"lastModifiedInMS":1756724747745}
2025-09-01T11:05:47.745Z e797326b-dd10-40c0-af40-8e10a8966320 debug: FSExtentStore:appendExtent() Update extent metadata done. Resolve()
2025-09-01T11:05:47.745Z e797326b-dd10-40c0-af40-8e10a8966320 debug: OperationQueue.operate() Job b01a40a3-0f5b-46f9-b46b-7adf8f643736 completes callback, resolve.
2025-09-01T11:05:47.745Z e797326b-dd10-40c0-af40-8e10a8966320 debug: OperationQueue.operate() Schedule incoming job 399172b7-8b79-4f31-9c07-2b61847fe481
2025-09-01T11:05:47.745Z e797326b-dd10-40c0-af40-8e10a8966320 debug: OperationQueue:execute() Current runningConcurrency:0 maxConcurrency:100 operations.length:1
2025-09-01T11:05:47.745Z e797326b-dd10-40c0-af40-8e10a8966320 verbose: FSExtentStore:readExtent() Creating read stream. LocationId:Default extentId:4e550bc3-1e62-43e4-9d3d-6ba2361db643 path:azurite\__blobstorage__\4e550bc3-1e62-43e4-9d3d-6ba2361db643 offset:14274270 count:199221 end:14473490
2025-09-01T11:05:47.745Z e797326b-dd10-40c0-af40-8e10a8966320 debug: OperationQueue.operate() Job 399172b7-8b79-4f31-9c07-2b61847fe481 completes callback, resolve.
2025-09-01T11:05:47.745Z e797326b-dd10-40c0-af40-8e10a8966320 debug: OperationQueue:execute() Current runningConcurrency:0 maxConcurrency:50 operations.length:0
2025-09-01T11:05:47.745Z e797326b-dd10-40c0-af40-8e10a8966320 debug: OperationQueue:execute() return. Operation.length === 0
2025-09-01T11:05:47.745Z e797326b-dd10-40c0-af40-8e10a8966320 debug: OperationQueue:execute() Current runningConcurrency:0 maxConcurrency:100 operations.length:0
2025-09-01T11:05:47.745Z e797326b-dd10-40c0-af40-8e10a8966320 debug: OperationQueue:execute() return. Operation.length === 0
2025-09-01T11:05:47.768Z e797326b-dd10-40c0-af40-8e10a8966320 verbose: SerializerMiddleware: Start serializing...
2025-09-01T11:05:47.769Z e797326b-dd10-40c0-af40-8e10a8966320 verbose: Send Blob telemetry: B_BlockBlob_Upload
2025-09-01T11:05:47.769Z e797326b-dd10-40c0-af40-8e10a8966320 info: EndMiddleware: End response. TotalTimeInMS=32 StatusCode=201 StatusMessage=undefined Headers={"server":"Azurite-Blob/3.35.0","etag":"\"0x1DDB73064AA6B20\"","last-modified":"Mon, 01 Sep 2025 11:05:47 GMT","content-md5":"aiwW2KQTKd9XZKBWuYb6xw==","x-ms-client-request-id":"6762b937-2690-4a92-849f-8cd3cdc596ec","x-ms-request-id":"e797326b-dd10-40c0-af40-8e10a8966320","x-ms-version":"2025-11-05","date":"Mon, 01 Sep 2025 11:05:47 GMT","x-ms-request-server-encrypted":"true"}
2025-09-01T11:05:47.769Z e797326b-dd10-40c0-af40-8e10a8966320 verbose: FSExtentStore:readExtent() Read stream closed. LocationId:Default extentId:4e550bc3-1e62-43e4-9d3d-6ba2361db643 path:azurite\__blobstorage__\4e550bc3-1e62-43e4-9d3d-6ba2361db643 offset:14274270 count:199221 end:14473490
2025-09-01T11:06:14.393Z 	 info: BlobGCManager:markSweepLoop() Start next mark and sweep.
2025-09-01T11:06:14.393Z 	 info: BlobGCManager:markSweep() Get all extents.
2025-09-01T11:06:14.393Z 	 info: BlobGCManager:markSweep() Got 0 extents.
2025-09-01T11:06:14.393Z 	 info: BlobGCManager:markSweep() Get referred extents.
2025-09-01T11:06:14.394Z 	 info: BlobGCManager:markSweep() Got referred extents, unreferenced extents count is 0.
2025-09-01T11:06:14.394Z 	 info: BlobGCManager:markSweepLoop() Mark and sweep finished, taken 1ms.
2025-09-01T11:06:14.394Z 	 info: BlobGCManager:markSweepLoop() Sleep for 600000ms.
2025-09-01T11:06:14.644Z 	 info: AccountDataStore:init() Refresh accounts from environment variable AZURITE_ACCOUNTS with value undefined
2025-09-01T11:06:14.644Z 	 info: AccountDataStore:init() Fallback to default emulator account devstoreaccount1.
2025-09-01T11:06:14.692Z 	 info: AccountDataStore:init() Refresh accounts from environment variable AZURITE_ACCOUNTS with value undefined
2025-09-01T11:06:14.692Z 	 info: AccountDataStore:init() Fallback to default emulator account devstoreaccount1.
2025-09-01T11:06:14.740Z 	 info: QueueGCManager:markSweepLoop() Start new mark and sweep.
2025-09-01T11:06:14.740Z 	 info: QueueGCManger:markSweep() Get all extents.
2025-09-01T11:06:14.740Z 	 info: QueueGCManager:marksweep() Get 0 extents.
2025-09-01T11:06:14.740Z 	 info: QueueGCManager:markSweep() Get referred extents, then remove from allExtents.
2025-09-01T11:06:14.740Z 	 info: QueueGCManager:markSweep() Got referred extents, unreferenced extents count is 0.
2025-09-01T11:06:14.740Z 	 info: QueueGCManager:markSweepLoop() Mark and sweep finished, take 0ms.
2025-09-01T11:06:14.740Z 	 info: QueueGCManager:markSweepLoop() Sleep for 60000
2025-09-01T11:06:14.741Z 	 info: AccountDataStore:init() Refresh accounts from environment variable AZURITE_ACCOUNTS with value undefined
2025-09-01T11:06:14.741Z 	 info: AccountDataStore:init() Fallback to default emulator account devstoreaccount1.
2025-09-01T11:07:14.653Z 	 info: AccountDataStore:init() Refresh accounts from environment variable AZURITE_ACCOUNTS with value undefined
2025-09-01T11:07:14.653Z 	 info: AccountDataStore:init() Fallback to default emulator account devstoreaccount1.
2025-09-01T11:07:14.699Z 	 info: AccountDataStore:init() Refresh accounts from environment variable AZURITE_ACCOUNTS with value undefined
2025-09-01T11:07:14.699Z 	 info: AccountDataStore:init() Fallback to default emulator account devstoreaccount1.
2025-09-01T11:07:14.746Z 	 info: QueueGCManager:markSweepLoop() Start new mark and sweep.
2025-09-01T11:07:14.746Z 	 info: QueueGCManger:markSweep() Get all extents.
2025-09-01T11:07:14.746Z 	 info: QueueGCManager:marksweep() Get 0 extents.
2025-09-01T11:07:14.746Z 	 info: QueueGCManager:markSweep() Get referred extents, then remove from allExtents.
2025-09-01T11:07:14.746Z 	 info: QueueGCManager:markSweep() Got referred extents, unreferenced extents count is 0.
2025-09-01T11:07:14.746Z 	 info: QueueGCManager:markSweepLoop() Mark and sweep finished, take 0ms.
2025-09-01T11:07:14.746Z 	 info: QueueGCManager:markSweepLoop() Sleep for 60000
2025-09-01T11:07:14.746Z 	 info: AccountDataStore:init() Refresh accounts from environment variable AZURITE_ACCOUNTS with value undefined
2025-09-01T11:07:14.746Z 	 info: AccountDataStore:init() Fallback to default emulator account devstoreaccount1.
2025-09-01T11:08:14.666Z 	 info: AccountDataStore:init() Refresh accounts from environment variable AZURITE_ACCOUNTS with value undefined
2025-09-01T11:08:14.666Z 	 info: AccountDataStore:init() Fallback to default emulator account devstoreaccount1.
2025-09-01T11:08:14.713Z 	 info: AccountDataStore:init() Refresh accounts from environment variable AZURITE_ACCOUNTS with value undefined
2025-09-01T11:08:14.714Z 	 info: AccountDataStore:init() Fallback to default emulator account devstoreaccount1.
2025-09-01T11:08:14.761Z 	 info: QueueGCManager:markSweepLoop() Start new mark and sweep.
2025-09-01T11:08:14.761Z 	 info: QueueGCManger:markSweep() Get all extents.
2025-09-01T11:08:14.761Z 	 info: QueueGCManager:marksweep() Get 0 extents.
2025-09-01T11:08:14.761Z 	 info: QueueGCManager:markSweep() Get referred extents, then remove from allExtents.
2025-09-01T11:08:14.761Z 	 info: QueueGCManager:markSweep() Got referred extents, unreferenced extents count is 0.
2025-09-01T11:08:14.761Z 	 info: QueueGCManager:markSweepLoop() Mark and sweep finished, take 0ms.
2025-09-01T11:08:14.761Z 	 info: QueueGCManager:markSweepLoop() Sleep for 60000
2025-09-01T11:08:14.761Z 	 info: AccountDataStore:init() Refresh accounts from environment variable AZURITE_ACCOUNTS with value undefined
2025-09-01T11:08:14.761Z 	 info: AccountDataStore:init() Fallback to default emulator account devstoreaccount1.
2025-09-01T11:09:14.671Z 	 info: AccountDataStore:init() Refresh accounts from environment variable AZURITE_ACCOUNTS with value undefined
2025-09-01T11:09:14.672Z 	 info: AccountDataStore:init() Fallback to default emulator account devstoreaccount1.
2025-09-01T11:09:14.717Z 	 info: AccountDataStore:init() Refresh accounts from environment variable AZURITE_ACCOUNTS with value undefined
2025-09-01T11:09:14.718Z 	 info: AccountDataStore:init() Fallback to default emulator account devstoreaccount1.
2025-09-01T11:09:14.763Z 	 info: QueueGCManager:markSweepLoop() Start new mark and sweep.
2025-09-01T11:09:14.764Z 	 info: QueueGCManger:markSweep() Get all extents.
2025-09-01T11:09:14.764Z 	 info: QueueGCManager:marksweep() Get 0 extents.
2025-09-01T11:09:14.764Z 	 info: QueueGCManager:markSweep() Get referred extents, then remove from allExtents.
2025-09-01T11:09:14.764Z 	 info: QueueGCManager:markSweep() Got referred extents, unreferenced extents count is 0.
2025-09-01T11:09:14.764Z 	 info: QueueGCManager:markSweepLoop() Mark and sweep finished, take 0ms.
2025-09-01T11:09:14.764Z 	 info: QueueGCManager:markSweepLoop() Sleep for 60000
2025-09-01T11:09:14.764Z 	 info: AccountDataStore:init() Refresh accounts from environment variable AZURITE_ACCOUNTS with value undefined
2025-09-01T11:09:14.764Z 	 info: AccountDataStore:init() Fallback to default emulator account devstoreaccount1.
2025-09-01T11:10:14.679Z 	 info: AccountDataStore:init() Refresh accounts from environment variable AZURITE_ACCOUNTS with value undefined
2025-09-01T11:10:14.679Z 	 info: AccountDataStore:init() Fallback to default emulator account devstoreaccount1.
2025-09-01T11:10:14.726Z 	 info: AccountDataStore:init() Refresh accounts from environment variable AZURITE_ACCOUNTS with value undefined
2025-09-01T11:10:14.726Z 	 info: AccountDataStore:init() Fallback to default emulator account devstoreaccount1.
2025-09-01T11:10:14.772Z 	 info: QueueGCManager:markSweepLoop() Start new mark and sweep.
2025-09-01T11:10:14.772Z 	 info: QueueGCManger:markSweep() Get all extents.
2025-09-01T11:10:14.772Z 	 info: QueueGCManager:marksweep() Get 0 extents.
2025-09-01T11:10:14.772Z 	 info: QueueGCManager:markSweep() Get referred extents, then remove from allExtents.
2025-09-01T11:10:14.772Z 	 info: QueueGCManager:markSweep() Got referred extents, unreferenced extents count is 0.
2025-09-01T11:10:14.772Z 	 info: QueueGCManager:markSweepLoop() Mark and sweep finished, take 0ms.
2025-09-01T11:10:14.772Z 	 info: QueueGCManager:markSweepLoop() Sleep for 60000
2025-09-01T11:10:14.773Z 	 info: AccountDataStore:init() Refresh accounts from environment variable AZURITE_ACCOUNTS with value undefined
2025-09-01T11:10:14.773Z 	 info: AccountDataStore:init() Fallback to default emulator account devstoreaccount1.
2025-09-01T11:11:14.692Z 	 info: AccountDataStore:init() Refresh accounts from environment variable AZURITE_ACCOUNTS with value undefined
2025-09-01T11:11:14.692Z 	 info: AccountDataStore:init() Fallback to default emulator account devstoreaccount1.
2025-09-01T11:11:14.739Z 	 info: AccountDataStore:init() Refresh accounts from environment variable AZURITE_ACCOUNTS with value undefined
2025-09-01T11:11:14.739Z 	 info: AccountDataStore:init() Fallback to default emulator account devstoreaccount1.
2025-09-01T11:11:14.787Z 	 info: QueueGCManager:markSweepLoop() Start new mark and sweep.
2025-09-01T11:11:14.787Z 	 info: QueueGCManger:markSweep() Get all extents.
2025-09-01T11:11:14.787Z 	 info: QueueGCManager:marksweep() Get 0 extents.
2025-09-01T11:11:14.787Z 	 info: QueueGCManager:markSweep() Get referred extents, then remove from allExtents.
2025-09-01T11:11:14.787Z 	 info: QueueGCManager:markSweep() Got referred extents, unreferenced extents count is 0.
2025-09-01T11:11:14.787Z 	 info: QueueGCManager:markSweepLoop() Mark and sweep finished, take 0ms.
2025-09-01T11:11:14.787Z 	 info: QueueGCManager:markSweepLoop() Sleep for 60000
2025-09-01T11:11:14.787Z 	 info: AccountDataStore:init() Refresh accounts from environment variable AZURITE_ACCOUNTS with value undefined
2025-09-01T11:11:14.787Z 	 info: AccountDataStore:init() Fallback to default emulator account devstoreaccount1.
2025-09-01T11:12:14.708Z 	 info: AccountDataStore:init() Refresh accounts from environment variable AZURITE_ACCOUNTS with value undefined
2025-09-01T11:12:14.708Z 	 info: AccountDataStore:init() Fallback to default emulator account devstoreaccount1.
2025-09-01T11:12:14.755Z 	 info: AccountDataStore:init() Refresh accounts from environment variable AZURITE_ACCOUNTS with value undefined
2025-09-01T11:12:14.755Z 	 info: AccountDataStore:init() Fallback to default emulator account devstoreaccount1.
2025-09-01T11:12:14.801Z 	 info: QueueGCManager:markSweepLoop() Start new mark and sweep.
2025-09-01T11:12:14.802Z 	 info: QueueGCManger:markSweep() Get all extents.
2025-09-01T11:12:14.802Z 	 info: QueueGCManager:marksweep() Get 0 extents.
2025-09-01T11:12:14.802Z 	 info: QueueGCManager:markSweep() Get referred extents, then remove from allExtents.
2025-09-01T11:12:14.802Z 	 info: QueueGCManager:markSweep() Got referred extents, unreferenced extents count is 0.
2025-09-01T11:12:14.802Z 	 info: QueueGCManager:markSweepLoop() Mark and sweep finished, take 0ms.
2025-09-01T11:12:14.802Z 	 info: QueueGCManager:markSweepLoop() Sleep for 60000
2025-09-01T11:12:14.802Z 	 info: AccountDataStore:init() Refresh accounts from environment variable AZURITE_ACCOUNTS with value undefined
2025-09-01T11:12:14.802Z 	 info: AccountDataStore:init() Fallback to default emulator account devstoreaccount1.
2025-09-01T11:13:14.719Z 	 info: AccountDataStore:init() Refresh accounts from environment variable AZURITE_ACCOUNTS with value undefined
2025-09-01T11:13:14.719Z 	 info: AccountDataStore:init() Fallback to default emulator account devstoreaccount1.
2025-09-01T11:13:14.764Z 	 info: AccountDataStore:init() Refresh accounts from environment variable AZURITE_ACCOUNTS with value undefined
2025-09-01T11:13:14.764Z 	 info: AccountDataStore:init() Fallback to default emulator account devstoreaccount1.
2025-09-01T11:13:14.811Z 	 info: QueueGCManager:markSweepLoop() Start new mark and sweep.
2025-09-01T11:13:14.811Z 	 info: QueueGCManger:markSweep() Get all extents.
2025-09-01T11:13:14.811Z 	 info: QueueGCManager:marksweep() Get 0 extents.
2025-09-01T11:13:14.811Z 	 info: QueueGCManager:markSweep() Get referred extents, then remove from allExtents.
2025-09-01T11:13:14.811Z 	 info: QueueGCManager:markSweep() Got referred extents, unreferenced extents count is 0.
2025-09-01T11:13:14.811Z 	 info: QueueGCManager:markSweepLoop() Mark and sweep finished, take 0ms.
2025-09-01T11:13:14.811Z 	 info: QueueGCManager:markSweepLoop() Sleep for 60000
2025-09-01T11:13:14.811Z 	 info: AccountDataStore:init() Refresh accounts from environment variable AZURITE_ACCOUNTS with value undefined
2025-09-01T11:13:14.811Z 	 info: AccountDataStore:init() Fallback to default emulator account devstoreaccount1.
2025-09-01T11:14:14.722Z 	 info: AccountDataStore:init() Refresh accounts from environment variable AZURITE_ACCOUNTS with value undefined
2025-09-01T11:14:14.723Z 	 info: AccountDataStore:init() Fallback to default emulator account devstoreaccount1.
2025-09-01T11:14:14.769Z 	 info: AccountDataStore:init() Refresh accounts from environment variable AZURITE_ACCOUNTS with value undefined
2025-09-01T11:14:14.769Z 	 info: AccountDataStore:init() Fallback to default emulator account devstoreaccount1.
2025-09-01T11:14:14.816Z 	 info: QueueGCManager:markSweepLoop() Start new mark and sweep.
2025-09-01T11:14:14.816Z 	 info: QueueGCManger:markSweep() Get all extents.
2025-09-01T11:14:14.816Z 	 info: QueueGCManager:marksweep() Get 0 extents.
2025-09-01T11:14:14.816Z 	 info: QueueGCManager:markSweep() Get referred extents, then remove from allExtents.
2025-09-01T11:14:14.816Z 	 info: QueueGCManager:markSweep() Got referred extents, unreferenced extents count is 0.
2025-09-01T11:14:14.816Z 	 info: QueueGCManager:markSweepLoop() Mark and sweep finished, take 0ms.
2025-09-01T11:14:14.816Z 	 info: QueueGCManager:markSweepLoop() Sleep for 60000
2025-09-01T11:14:14.816Z 	 info: AccountDataStore:init() Refresh accounts from environment variable AZURITE_ACCOUNTS with value undefined
2025-09-01T11:14:14.816Z 	 info: AccountDataStore:init() Fallback to default emulator account devstoreaccount1.
2025-09-01T11:15:14.724Z 	 info: AccountDataStore:init() Refresh accounts from environment variable AZURITE_ACCOUNTS with value undefined
2025-09-01T11:15:14.725Z 	 info: AccountDataStore:init() Fallback to default emulator account devstoreaccount1.
2025-09-01T11:15:14.770Z 	 info: AccountDataStore:init() Refresh accounts from environment variable AZURITE_ACCOUNTS with value undefined
2025-09-01T11:15:14.771Z 	 info: AccountDataStore:init() Fallback to default emulator account devstoreaccount1.
2025-09-01T11:15:14.831Z 	 info: QueueGCManager:markSweepLoop() Start new mark and sweep.
2025-09-01T11:15:14.831Z 	 info: QueueGCManger:markSweep() Get all extents.
2025-09-01T11:15:14.832Z 	 info: QueueGCManager:marksweep() Get 0 extents.
2025-09-01T11:15:14.832Z 	 info: QueueGCManager:markSweep() Get referred extents, then remove from allExtents.
2025-09-01T11:15:14.832Z 	 info: QueueGCManager:markSweep() Got referred extents, unreferenced extents count is 0.
2025-09-01T11:15:14.832Z 	 info: QueueGCManager:markSweepLoop() Mark and sweep finished, take 1ms.
2025-09-01T11:15:14.832Z 	 info: QueueGCManager:markSweepLoop() Sleep for 60000
2025-09-01T11:15:14.832Z 	 info: AccountDataStore:init() Refresh accounts from environment variable AZURITE_ACCOUNTS with value undefined
2025-09-01T11:15:14.832Z 	 info: AccountDataStore:init() Fallback to default emulator account devstoreaccount1.
2025-09-01T11:16:14.414Z 	 info: BlobGCManager:markSweepLoop() Start next mark and sweep.
2025-09-01T11:16:14.414Z 	 info: BlobGCManager:markSweep() Get all extents.
2025-09-01T11:16:14.414Z 	 info: BlobGCManager:markSweep() Got 1 extents.
2025-09-01T11:16:14.415Z 	 info: BlobGCManager:markSweep() Get referred extents.
2025-09-01T11:16:14.415Z 	 info: BlobGCManager:markSweep() Got referred extents, unreferenced extents count is 0.
2025-09-01T11:16:14.415Z 	 info: BlobGCManager:markSweepLoop() Mark and sweep finished, taken 1ms.
2025-09-01T11:16:14.415Z 	 info: BlobGCManager:markSweepLoop() Sleep for 600000ms.
2025-09-01T11:16:14.727Z 	 info: AccountDataStore:init() Refresh accounts from environment variable AZURITE_ACCOUNTS with value undefined
2025-09-01T11:16:14.727Z 	 info: AccountDataStore:init() Fallback to default emulator account devstoreaccount1.
2025-09-01T11:16:14.772Z 	 info: AccountDataStore:init() Refresh accounts from environment variable AZURITE_ACCOUNTS with value undefined
2025-09-01T11:16:14.772Z 	 info: AccountDataStore:init() Fallback to default emulator account devstoreaccount1.
2025-09-01T11:16:14.835Z 	 info: QueueGCManager:markSweepLoop() Start new mark and sweep.
2025-09-01T11:16:14.835Z 	 info: QueueGCManger:markSweep() Get all extents.
2025-09-01T11:16:14.835Z 	 info: QueueGCManager:marksweep() Get 0 extents.
2025-09-01T11:16:14.835Z 	 info: QueueGCManager:markSweep() Get referred extents, then remove from allExtents.
2025-09-01T11:16:14.835Z 	 info: QueueGCManager:markSweep() Got referred extents, unreferenced extents count is 0.
2025-09-01T11:16:14.835Z 	 info: QueueGCManager:markSweepLoop() Mark and sweep finished, take 0ms.
2025-09-01T11:16:14.835Z 	 info: QueueGCManager:markSweepLoop() Sleep for 60000
2025-09-01T11:16:14.835Z 	 info: AccountDataStore:init() Refresh accounts from environment variable AZURITE_ACCOUNTS with value undefined
2025-09-01T11:16:14.835Z 	 info: AccountDataStore:init() Fallback to default emulator account devstoreaccount1.
2025-09-01T11:17:14.741Z 	 info: AccountDataStore:init() Refresh accounts from environment variable AZURITE_ACCOUNTS with value undefined
2025-09-01T11:17:14.741Z 	 info: AccountDataStore:init() Fallback to default emulator account devstoreaccount1.
2025-09-01T11:17:14.787Z 	 info: AccountDataStore:init() Refresh accounts from environment variable AZURITE_ACCOUNTS with value undefined
2025-09-01T11:17:14.787Z 	 info: AccountDataStore:init() Fallback to default emulator account devstoreaccount1.
2025-09-01T11:17:14.849Z 	 info: QueueGCManager:markSweepLoop() Start new mark and sweep.
2025-09-01T11:17:14.849Z 	 info: QueueGCManger:markSweep() Get all extents.
2025-09-01T11:17:14.849Z 	 info: QueueGCManager:marksweep() Get 0 extents.
2025-09-01T11:17:14.849Z 	 info: QueueGCManager:markSweep() Get referred extents, then remove from allExtents.
2025-09-01T11:17:14.849Z 	 info: QueueGCManager:markSweep() Got referred extents, unreferenced extents count is 0.
2025-09-01T11:17:14.849Z 	 info: QueueGCManager:markSweepLoop() Mark and sweep finished, take 0ms.
2025-09-01T11:17:14.849Z 	 info: QueueGCManager:markSweepLoop() Sleep for 60000
2025-09-01T11:17:14.850Z 	 info: AccountDataStore:init() Refresh accounts from environment variable AZURITE_ACCOUNTS with value undefined
2025-09-01T11:17:14.850Z 	 info: AccountDataStore:init() Fallback to default emulator account devstoreaccount1.
2025-09-01T11:18:14.742Z 	 info: AccountDataStore:init() Refresh accounts from environment variable AZURITE_ACCOUNTS with value undefined
2025-09-01T11:18:14.742Z 	 info: AccountDataStore:init() Fallback to default emulator account devstoreaccount1.
2025-09-01T11:18:14.789Z 	 info: AccountDataStore:init() Refresh accounts from environment variable AZURITE_ACCOUNTS with value undefined
2025-09-01T11:18:14.789Z 	 info: AccountDataStore:init() Fallback to default emulator account devstoreaccount1.
2025-09-01T11:18:14.851Z 	 info: QueueGCManager:markSweepLoop() Start new mark and sweep.
2025-09-01T11:18:14.852Z 	 info: QueueGCManger:markSweep() Get all extents.
2025-09-01T11:18:14.852Z 	 info: QueueGCManager:marksweep() Get 0 extents.
2025-09-01T11:18:14.852Z 	 info: QueueGCManager:markSweep() Get referred extents, then remove from allExtents.
2025-09-01T11:18:14.852Z 	 info: QueueGCManager:markSweep() Got referred extents, unreferenced extents count is 0.
2025-09-01T11:18:14.852Z 	 info: QueueGCManager:markSweepLoop() Mark and sweep finished, take 0ms.
2025-09-01T11:18:14.852Z 	 info: QueueGCManager:markSweepLoop() Sleep for 60000
2025-09-01T11:18:14.852Z 	 info: AccountDataStore:init() Refresh accounts from environment variable AZURITE_ACCOUNTS with value undefined
2025-09-01T11:18:14.852Z 	 info: AccountDataStore:init() Fallback to default emulator account devstoreaccount1.
2025-09-01T11:19:14.748Z 	 info: AccountDataStore:init() Refresh accounts from environment variable AZURITE_ACCOUNTS with value undefined
2025-09-01T11:19:14.748Z 	 info: AccountDataStore:init() Fallback to default emulator account devstoreaccount1.
2025-09-01T11:19:14.795Z 	 info: AccountDataStore:init() Refresh accounts from environment variable AZURITE_ACCOUNTS with value undefined
2025-09-01T11:19:14.795Z 	 info: AccountDataStore:init() Fallback to default emulator account devstoreaccount1.
2025-09-01T11:19:14.858Z 	 info: QueueGCManager:markSweepLoop() Start new mark and sweep.
2025-09-01T11:19:14.858Z 	 info: QueueGCManger:markSweep() Get all extents.
2025-09-01T11:19:14.858Z 	 info: QueueGCManager:marksweep() Get 0 extents.
2025-09-01T11:19:14.858Z 	 info: QueueGCManager:markSweep() Get referred extents, then remove from allExtents.
2025-09-01T11:19:14.858Z 	 info: QueueGCManager:markSweep() Got referred extents, unreferenced extents count is 0.
2025-09-01T11:19:14.858Z 	 info: QueueGCManager:markSweepLoop() Mark and sweep finished, take 0ms.
2025-09-01T11:19:14.858Z 	 info: QueueGCManager:markSweepLoop() Sleep for 60000
2025-09-01T11:19:14.858Z 	 info: AccountDataStore:init() Refresh accounts from environment variable AZURITE_ACCOUNTS with value undefined
2025-09-01T11:19:14.858Z 	 info: AccountDataStore:init() Fallback to default emulator account devstoreaccount1.
2025-09-01T11:20:14.755Z 	 info: AccountDataStore:init() Refresh accounts from environment variable AZURITE_ACCOUNTS with value undefined
2025-09-01T11:20:14.755Z 	 info: AccountDataStore:init() Fallback to default emulator account devstoreaccount1.
2025-09-01T11:20:14.803Z 	 info: AccountDataStore:init() Refresh accounts from environment variable AZURITE_ACCOUNTS with value undefined
2025-09-01T11:20:14.803Z 	 info: AccountDataStore:init() Fallback to default emulator account devstoreaccount1.
2025-09-01T11:20:14.864Z 	 info: QueueGCManager:markSweepLoop() Start new mark and sweep.
2025-09-01T11:20:14.864Z 	 info: QueueGCManger:markSweep() Get all extents.
2025-09-01T11:20:14.864Z 	 info: QueueGCManager:marksweep() Get 0 extents.
2025-09-01T11:20:14.864Z 	 info: QueueGCManager:markSweep() Get referred extents, then remove from allExtents.
2025-09-01T11:20:14.864Z 	 info: QueueGCManager:markSweep() Got referred extents, unreferenced extents count is 0.
2025-09-01T11:20:14.864Z 	 info: QueueGCManager:markSweepLoop() Mark and sweep finished, take 0ms.
2025-09-01T11:20:14.864Z 	 info: QueueGCManager:markSweepLoop() Sleep for 60000
2025-09-01T11:20:14.865Z 	 info: AccountDataStore:init() Refresh accounts from environment variable AZURITE_ACCOUNTS with value undefined
2025-09-01T11:20:14.865Z 	 info: AccountDataStore:init() Fallback to default emulator account devstoreaccount1.
2025-09-01T11:21:14.758Z 	 info: AccountDataStore:init() Refresh accounts from environment variable AZURITE_ACCOUNTS with value undefined
2025-09-01T11:21:14.758Z 	 info: AccountDataStore:init() Fallback to default emulator account devstoreaccount1.
2025-09-01T11:21:14.805Z 	 info: AccountDataStore:init() Refresh accounts from environment variable AZURITE_ACCOUNTS with value undefined
2025-09-01T11:21:14.806Z 	 info: AccountDataStore:init() Fallback to default emulator account devstoreaccount1.
2025-09-01T11:21:14.867Z 	 info: QueueGCManager:markSweepLoop() Start new mark and sweep.
2025-09-01T11:21:14.867Z 	 info: QueueGCManger:markSweep() Get all extents.
2025-09-01T11:21:14.867Z 	 info: QueueGCManager:marksweep() Get 0 extents.
2025-09-01T11:21:14.867Z 	 info: QueueGCManager:markSweep() Get referred extents, then remove from allExtents.
2025-09-01T11:21:14.867Z 	 info: QueueGCManager:markSweep() Got referred extents, unreferenced extents count is 0.
2025-09-01T11:21:14.867Z 	 info: QueueGCManager:markSweepLoop() Mark and sweep finished, take 0ms.
2025-09-01T11:21:14.867Z 	 info: QueueGCManager:markSweepLoop() Sleep for 60000
2025-09-01T11:21:14.867Z 	 info: AccountDataStore:init() Refresh accounts from environment variable AZURITE_ACCOUNTS with value undefined
2025-09-01T11:21:14.867Z 	 info: AccountDataStore:init() Fallback to default emulator account devstoreaccount1.
2025-09-01T11:22:14.759Z 	 info: AccountDataStore:init() Refresh accounts from environment variable AZURITE_ACCOUNTS with value undefined
2025-09-01T11:22:14.760Z 	 info: AccountDataStore:init() Fallback to default emulator account devstoreaccount1.
2025-09-01T11:22:14.821Z 	 info: AccountDataStore:init() Refresh accounts from environment variable AZURITE_ACCOUNTS with value undefined
2025-09-01T11:22:14.822Z 	 info: AccountDataStore:init() Fallback to default emulator account devstoreaccount1.
2025-09-01T11:22:14.868Z 	 info: QueueGCManager:markSweepLoop() Start new mark and sweep.
2025-09-01T11:22:14.868Z 	 info: QueueGCManger:markSweep() Get all extents.
2025-09-01T11:22:14.868Z 	 info: QueueGCManager:marksweep() Get 0 extents.
2025-09-01T11:22:14.868Z 	 info: QueueGCManager:markSweep() Get referred extents, then remove from allExtents.
2025-09-01T11:22:14.868Z 	 info: QueueGCManager:markSweep() Got referred extents, unreferenced extents count is 0.
2025-09-01T11:22:14.868Z 	 info: QueueGCManager:markSweepLoop() Mark and sweep finished, take 0ms.
2025-09-01T11:22:14.868Z 	 info: QueueGCManager:markSweepLoop() Sleep for 60000
2025-09-01T11:22:14.868Z 	 info: AccountDataStore:init() Refresh accounts from environment variable AZURITE_ACCOUNTS with value undefined
2025-09-01T11:22:14.868Z 	 info: AccountDataStore:init() Fallback to default emulator account devstoreaccount1.
2025-09-01T11:23:14.767Z 	 info: AccountDataStore:init() Refresh accounts from environment variable AZURITE_ACCOUNTS with value undefined
2025-09-01T11:23:14.767Z 	 info: AccountDataStore:init() Fallback to default emulator account devstoreaccount1.
2025-09-01T11:23:14.829Z 	 info: AccountDataStore:init() Refresh accounts from environment variable AZURITE_ACCOUNTS with value undefined
2025-09-01T11:23:14.829Z 	 info: AccountDataStore:init() Fallback to default emulator account devstoreaccount1.
2025-09-01T11:23:14.875Z 	 info: QueueGCManager:markSweepLoop() Start new mark and sweep.
2025-09-01T11:23:14.876Z 	 info: QueueGCManger:markSweep() Get all extents.
2025-09-01T11:23:14.876Z 	 info: QueueGCManager:marksweep() Get 0 extents.
2025-09-01T11:23:14.876Z 	 info: QueueGCManager:markSweep() Get referred extents, then remove from allExtents.
2025-09-01T11:23:14.876Z 	 info: QueueGCManager:markSweep() Got referred extents, unreferenced extents count is 0.
2025-09-01T11:23:14.877Z 	 info: QueueGCManager:markSweepLoop() Mark and sweep finished, take 1ms.
2025-09-01T11:23:14.877Z 	 info: QueueGCManager:markSweepLoop() Sleep for 60000
2025-09-01T11:23:14.877Z 	 info: AccountDataStore:init() Refresh accounts from environment variable AZURITE_ACCOUNTS with value undefined
2025-09-01T11:23:14.877Z 	 info: AccountDataStore:init() Fallback to default emulator account devstoreaccount1.
2025-09-01T11:24:14.779Z 	 info: AccountDataStore:init() Refresh accounts from environment variable AZURITE_ACCOUNTS with value undefined
2025-09-01T11:24:14.779Z 	 info: AccountDataStore:init() Fallback to default emulator account devstoreaccount1.
2025-09-01T11:24:14.841Z 	 info: AccountDataStore:init() Refresh accounts from environment variable AZURITE_ACCOUNTS with value undefined
2025-09-01T11:24:14.841Z 	 info: AccountDataStore:init() Fallback to default emulator account devstoreaccount1.
2025-09-01T11:24:14.888Z 	 info: QueueGCManager:markSweepLoop() Start new mark and sweep.
2025-09-01T11:24:14.888Z 	 info: QueueGCManger:markSweep() Get all extents.
2025-09-01T11:24:14.888Z 	 info: QueueGCManager:marksweep() Get 0 extents.
2025-09-01T11:24:14.888Z 	 info: QueueGCManager:markSweep() Get referred extents, then remove from allExtents.
2025-09-01T11:24:14.888Z 	 info: QueueGCManager:markSweep() Got referred extents, unreferenced extents count is 0.
2025-09-01T11:24:14.888Z 	 info: QueueGCManager:markSweepLoop() Mark and sweep finished, take 0ms.
2025-09-01T11:24:14.888Z 	 info: QueueGCManager:markSweepLoop() Sleep for 60000
2025-09-01T11:24:14.888Z 	 info: AccountDataStore:init() Refresh accounts from environment variable AZURITE_ACCOUNTS with value undefined
2025-09-01T11:24:14.888Z 	 info: AccountDataStore:init() Fallback to default emulator account devstoreaccount1.
2025-09-01T11:25:14.784Z 	 info: AccountDataStore:init() Refresh accounts from environment variable AZURITE_ACCOUNTS with value undefined
2025-09-01T11:25:14.784Z 	 info: AccountDataStore:init() Fallback to default emulator account devstoreaccount1.
2025-09-01T11:25:14.846Z 	 info: AccountDataStore:init() Refresh accounts from environment variable AZURITE_ACCOUNTS with value undefined
2025-09-01T11:25:14.846Z 	 info: AccountDataStore:init() Fallback to default emulator account devstoreaccount1.
2025-09-01T11:25:14.892Z 	 info: QueueGCManager:markSweepLoop() Start new mark and sweep.
2025-09-01T11:25:14.892Z 	 info: QueueGCManger:markSweep() Get all extents.
2025-09-01T11:25:14.892Z 	 info: QueueGCManager:marksweep() Get 0 extents.
2025-09-01T11:25:14.892Z 	 info: QueueGCManager:markSweep() Get referred extents, then remove from allExtents.
2025-09-01T11:25:14.892Z 	 info: QueueGCManager:markSweep() Got referred extents, unreferenced extents count is 0.
2025-09-01T11:25:14.892Z 	 info: QueueGCManager:markSweepLoop() Mark and sweep finished, take 0ms.
2025-09-01T11:25:14.892Z 	 info: QueueGCManager:markSweepLoop() Sleep for 60000
2025-09-01T11:25:14.892Z 	 info: AccountDataStore:init() Refresh accounts from environment variable AZURITE_ACCOUNTS with value undefined
2025-09-01T11:25:14.892Z 	 info: AccountDataStore:init() Fallback to default emulator account devstoreaccount1.
2025-09-01T11:26:14.424Z 	 info: BlobGCManager:markSweepLoop() Start next mark and sweep.
2025-09-01T11:26:14.424Z 	 info: BlobGCManager:markSweep() Get all extents.
2025-09-01T11:26:14.425Z 	 info: BlobGCManager:markSweep() Got 1 extents.
2025-09-01T11:26:14.425Z 	 info: BlobGCManager:markSweep() Get referred extents.
2025-09-01T11:26:14.425Z 	 info: BlobGCManager:markSweep() Got referred extents, unreferenced extents count is 0.
2025-09-01T11:26:14.425Z 	 info: BlobGCManager:markSweepLoop() Mark and sweep finished, taken 1ms.
2025-09-01T11:26:14.425Z 	 info: BlobGCManager:markSweepLoop() Sleep for 600000ms.
2025-09-01T11:26:14.799Z 	 info: AccountDataStore:init() Refresh accounts from environment variable AZURITE_ACCOUNTS with value undefined
2025-09-01T11:26:14.799Z 	 info: AccountDataStore:init() Fallback to default emulator account devstoreaccount1.
2025-09-01T11:26:14.860Z 	 info: AccountDataStore:init() Refresh accounts from environment variable AZURITE_ACCOUNTS with value undefined
2025-09-01T11:26:14.861Z 	 info: AccountDataStore:init() Fallback to default emulator account devstoreaccount1.
2025-09-01T11:26:14.907Z 	 info: QueueGCManager:markSweepLoop() Start new mark and sweep.
2025-09-01T11:26:14.907Z 	 info: QueueGCManger:markSweep() Get all extents.
2025-09-01T11:26:14.907Z 	 info: QueueGCManager:marksweep() Get 0 extents.
2025-09-01T11:26:14.907Z 	 info: QueueGCManager:markSweep() Get referred extents, then remove from allExtents.
2025-09-01T11:26:14.907Z 	 info: QueueGCManager:markSweep() Got referred extents, unreferenced extents count is 0.
2025-09-01T11:26:14.907Z 	 info: QueueGCManager:markSweepLoop() Mark and sweep finished, take 0ms.
2025-09-01T11:26:14.907Z 	 info: QueueGCManager:markSweepLoop() Sleep for 60000
2025-09-01T11:26:14.907Z 	 info: AccountDataStore:init() Refresh accounts from environment variable AZURITE_ACCOUNTS with value undefined
2025-09-01T11:26:14.907Z 	 info: AccountDataStore:init() Fallback to default emulator account devstoreaccount1.
2025-09-01T11:27:14.804Z 	 info: AccountDataStore:init() Refresh accounts from environment variable AZURITE_ACCOUNTS with value undefined
2025-09-01T11:27:14.804Z 	 info: AccountDataStore:init() Fallback to default emulator account devstoreaccount1.
2025-09-01T11:27:14.866Z 	 info: AccountDataStore:init() Refresh accounts from environment variable AZURITE_ACCOUNTS with value undefined
2025-09-01T11:27:14.866Z 	 info: AccountDataStore:init() Fallback to default emulator account devstoreaccount1.
2025-09-01T11:27:14.912Z 	 info: QueueGCManager:markSweepLoop() Start new mark and sweep.
2025-09-01T11:27:14.912Z 	 info: QueueGCManger:markSweep() Get all extents.
2025-09-01T11:27:14.912Z 	 info: QueueGCManager:marksweep() Get 0 extents.
2025-09-01T11:27:14.912Z 	 info: QueueGCManager:markSweep() Get referred extents, then remove from allExtents.
2025-09-01T11:27:14.912Z 	 info: QueueGCManager:markSweep() Got referred extents, unreferenced extents count is 0.
2025-09-01T11:27:14.912Z 	 info: QueueGCManager:markSweepLoop() Mark and sweep finished, take 0ms.
2025-09-01T11:27:14.912Z 	 info: QueueGCManager:markSweepLoop() Sleep for 60000
2025-09-01T11:27:14.912Z 	 info: AccountDataStore:init() Refresh accounts from environment variable AZURITE_ACCOUNTS with value undefined
2025-09-01T11:27:14.912Z 	 info: AccountDataStore:init() Fallback to default emulator account devstoreaccount1.
2025-09-01T11:28:14.811Z 	 info: AccountDataStore:init() Refresh accounts from environment variable AZURITE_ACCOUNTS with value undefined
2025-09-01T11:28:14.812Z 	 info: AccountDataStore:init() Fallback to default emulator account devstoreaccount1.
2025-09-01T11:28:14.874Z 	 info: AccountDataStore:init() Refresh accounts from environment variable AZURITE_ACCOUNTS with value undefined
2025-09-01T11:28:14.874Z 	 info: AccountDataStore:init() Fallback to default emulator account devstoreaccount1.
2025-09-01T11:28:14.920Z 	 info: QueueGCManager:markSweepLoop() Start new mark and sweep.
2025-09-01T11:28:14.920Z 	 info: QueueGCManger:markSweep() Get all extents.
2025-09-01T11:28:14.920Z 	 info: QueueGCManager:marksweep() Get 0 extents.
2025-09-01T11:28:14.920Z 	 info: QueueGCManager:markSweep() Get referred extents, then remove from allExtents.
2025-09-01T11:28:14.920Z 	 info: QueueGCManager:markSweep() Got referred extents, unreferenced extents count is 0.
2025-09-01T11:28:14.920Z 	 info: QueueGCManager:markSweepLoop() Mark and sweep finished, take 0ms.
2025-09-01T11:28:14.920Z 	 info: QueueGCManager:markSweepLoop() Sleep for 60000
2025-09-01T11:28:14.920Z 	 info: AccountDataStore:init() Refresh accounts from environment variable AZURITE_ACCOUNTS with value undefined
2025-09-01T11:28:14.920Z 	 info: AccountDataStore:init() Fallback to default emulator account devstoreaccount1.
2025-09-01T11:29:14.822Z 	 info: AccountDataStore:init() Refresh accounts from environment variable AZURITE_ACCOUNTS with value undefined
2025-09-01T11:29:14.822Z 	 info: AccountDataStore:init() Fallback to default emulator account devstoreaccount1.
2025-09-01T11:29:14.885Z 	 info: AccountDataStore:init() Refresh accounts from environment variable AZURITE_ACCOUNTS with value undefined
2025-09-01T11:29:14.885Z 	 info: AccountDataStore:init() Fallback to default emulator account devstoreaccount1.
2025-09-01T11:29:14.932Z 	 info: QueueGCManager:markSweepLoop() Start new mark and sweep.
2025-09-01T11:29:14.932Z 	 info: QueueGCManger:markSweep() Get all extents.
2025-09-01T11:29:14.932Z 	 info: QueueGCManager:marksweep() Get 0 extents.
2025-09-01T11:29:14.932Z 	 info: QueueGCManager:markSweep() Get referred extents, then remove from allExtents.
2025-09-01T11:29:14.932Z 	 info: QueueGCManager:markSweep() Got referred extents, unreferenced extents count is 0.
2025-09-01T11:29:14.932Z 	 info: QueueGCManager:markSweepLoop() Mark and sweep finished, take 0ms.
2025-09-01T11:29:14.932Z 	 info: QueueGCManager:markSweepLoop() Sleep for 60000
2025-09-01T11:29:14.932Z 	 info: AccountDataStore:init() Refresh accounts from environment variable AZURITE_ACCOUNTS with value undefined
2025-09-01T11:29:14.932Z 	 info: AccountDataStore:init() Fallback to default emulator account devstoreaccount1.
2025-09-01T11:30:14.837Z 	 info: AccountDataStore:init() Refresh accounts from environment variable AZURITE_ACCOUNTS with value undefined
2025-09-01T11:30:14.838Z 	 info: AccountDataStore:init() Fallback to default emulator account devstoreaccount1.
2025-09-01T11:30:14.899Z 	 info: AccountDataStore:init() Refresh accounts from environment variable AZURITE_ACCOUNTS with value undefined
2025-09-01T11:30:14.899Z 	 info: AccountDataStore:init() Fallback to default emulator account devstoreaccount1.
2025-09-01T11:30:14.945Z 	 info: QueueGCManager:markSweepLoop() Start new mark and sweep.
2025-09-01T11:30:14.946Z 	 info: QueueGCManger:markSweep() Get all extents.
2025-09-01T11:30:14.946Z 	 info: QueueGCManager:marksweep() Get 0 extents.
2025-09-01T11:30:14.946Z 	 info: QueueGCManager:markSweep() Get referred extents, then remove from allExtents.
2025-09-01T11:30:14.946Z 	 info: QueueGCManager:markSweep() Got referred extents, unreferenced extents count is 0.
2025-09-01T11:30:14.946Z 	 info: QueueGCManager:markSweepLoop() Mark and sweep finished, take 0ms.
2025-09-01T11:30:14.946Z 	 info: QueueGCManager:markSweepLoop() Sleep for 60000
2025-09-01T11:30:14.946Z 	 info: AccountDataStore:init() Refresh accounts from environment variable AZURITE_ACCOUNTS with value undefined
2025-09-01T11:30:14.946Z 	 info: AccountDataStore:init() Fallback to default emulator account devstoreaccount1.
2025-09-01T11:31:14.844Z 	 info: AccountDataStore:init() Refresh accounts from environment variable AZURITE_ACCOUNTS with value undefined
2025-09-01T11:31:14.844Z 	 info: AccountDataStore:init() Fallback to default emulator account devstoreaccount1.
2025-09-01T11:31:14.906Z 	 info: AccountDataStore:init() Refresh accounts from environment variable AZURITE_ACCOUNTS with value undefined
2025-09-01T11:31:14.906Z 	 info: AccountDataStore:init() Fallback to default emulator account devstoreaccount1.
2025-09-01T11:31:14.953Z 	 info: QueueGCManager:markSweepLoop() Start new mark and sweep.
2025-09-01T11:31:14.953Z 	 info: QueueGCManger:markSweep() Get all extents.
2025-09-01T11:31:14.953Z 	 info: QueueGCManager:marksweep() Get 0 extents.
2025-09-01T11:31:14.953Z 	 info: QueueGCManager:markSweep() Get referred extents, then remove from allExtents.
2025-09-01T11:31:14.953Z 	 info: QueueGCManager:markSweep() Got referred extents, unreferenced extents count is 0.
2025-09-01T11:31:14.953Z 	 info: QueueGCManager:markSweepLoop() Mark and sweep finished, take 0ms.
2025-09-01T11:31:14.953Z 	 info: QueueGCManager:markSweepLoop() Sleep for 60000
2025-09-01T11:31:14.953Z 	 info: AccountDataStore:init() Refresh accounts from environment variable AZURITE_ACCOUNTS with value undefined
2025-09-01T11:31:14.953Z 	 info: AccountDataStore:init() Fallback to default emulator account devstoreaccount1.
2025-09-01T11:32:14.852Z 	 info: AccountDataStore:init() Refresh accounts from environment variable AZURITE_ACCOUNTS with value undefined
2025-09-01T11:32:14.852Z 	 info: AccountDataStore:init() Fallback to default emulator account devstoreaccount1.
2025-09-01T11:32:14.914Z 	 info: AccountDataStore:init() Refresh accounts from environment variable AZURITE_ACCOUNTS with value undefined
2025-09-01T11:32:14.914Z 	 info: AccountDataStore:init() Fallback to default emulator account devstoreaccount1.
2025-09-01T11:32:14.960Z 	 info: QueueGCManager:markSweepLoop() Start new mark and sweep.
2025-09-01T11:32:14.960Z 	 info: QueueGCManger:markSweep() Get all extents.
2025-09-01T11:32:14.960Z 	 info: QueueGCManager:marksweep() Get 0 extents.
2025-09-01T11:32:14.960Z 	 info: QueueGCManager:markSweep() Get referred extents, then remove from allExtents.
2025-09-01T11:32:14.960Z 	 info: QueueGCManager:markSweep() Got referred extents, unreferenced extents count is 0.
2025-09-01T11:32:14.960Z 	 info: QueueGCManager:markSweepLoop() Mark and sweep finished, take 0ms.
2025-09-01T11:32:14.960Z 	 info: QueueGCManager:markSweepLoop() Sleep for 60000
2025-09-01T11:32:14.960Z 	 info: AccountDataStore:init() Refresh accounts from environment variable AZURITE_ACCOUNTS with value undefined
2025-09-01T11:32:14.960Z 	 info: AccountDataStore:init() Fallback to default emulator account devstoreaccount1.
2025-09-01T11:33:14.859Z 	 info: AccountDataStore:init() Refresh accounts from environment variable AZURITE_ACCOUNTS with value undefined
2025-09-01T11:33:14.859Z 	 info: AccountDataStore:init() Fallback to default emulator account devstoreaccount1.
2025-09-01T11:33:14.920Z 	 info: AccountDataStore:init() Refresh accounts from environment variable AZURITE_ACCOUNTS with value undefined
2025-09-01T11:33:14.920Z 	 info: AccountDataStore:init() Fallback to default emulator account devstoreaccount1.
2025-09-01T11:33:14.966Z 	 info: QueueGCManager:markSweepLoop() Start new mark and sweep.
2025-09-01T11:33:14.966Z 	 info: QueueGCManger:markSweep() Get all extents.
2025-09-01T11:33:14.966Z 	 info: QueueGCManager:marksweep() Get 0 extents.
2025-09-01T11:33:14.966Z 	 info: QueueGCManager:markSweep() Get referred extents, then remove from allExtents.
2025-09-01T11:33:14.966Z 	 info: QueueGCManager:markSweep() Got referred extents, unreferenced extents count is 0.
2025-09-01T11:33:14.966Z 	 info: QueueGCManager:markSweepLoop() Mark and sweep finished, take 0ms.
2025-09-01T11:33:14.966Z 	 info: QueueGCManager:markSweepLoop() Sleep for 60000
2025-09-01T11:33:14.966Z 	 info: AccountDataStore:init() Refresh accounts from environment variable AZURITE_ACCOUNTS with value undefined
2025-09-01T11:33:14.966Z 	 info: AccountDataStore:init() Fallback to default emulator account devstoreaccount1.
2025-09-01T11:34:14.875Z 	 info: AccountDataStore:init() Refresh accounts from environment variable AZURITE_ACCOUNTS with value undefined
2025-09-01T11:34:14.875Z 	 info: AccountDataStore:init() Fallback to default emulator account devstoreaccount1.
2025-09-01T11:34:14.920Z 	 info: AccountDataStore:init() Refresh accounts from environment variable AZURITE_ACCOUNTS with value undefined
2025-09-01T11:34:14.920Z 	 info: AccountDataStore:init() Fallback to default emulator account devstoreaccount1.
2025-09-01T11:34:14.967Z 	 info: QueueGCManager:markSweepLoop() Start new mark and sweep.
2025-09-01T11:34:14.968Z 	 info: QueueGCManger:markSweep() Get all extents.
2025-09-01T11:34:14.968Z 	 info: QueueGCManager:marksweep() Get 0 extents.
2025-09-01T11:34:14.968Z 	 info: QueueGCManager:markSweep() Get referred extents, then remove from allExtents.
2025-09-01T11:34:14.968Z 	 info: QueueGCManager:markSweep() Got referred extents, unreferenced extents count is 0.
2025-09-01T11:34:14.968Z 	 info: QueueGCManager:markSweepLoop() Mark and sweep finished, take 0ms.
2025-09-01T11:34:14.968Z 	 info: QueueGCManager:markSweepLoop() Sleep for 60000
2025-09-01T11:34:14.968Z 	 info: AccountDataStore:init() Refresh accounts from environment variable AZURITE_ACCOUNTS with value undefined
2025-09-01T11:34:14.968Z 	 info: AccountDataStore:init() Fallback to default emulator account devstoreaccount1.
2025-09-01T11:35:14.891Z 	 info: AccountDataStore:init() Refresh accounts from environment variable AZURITE_ACCOUNTS with value undefined
2025-09-01T11:35:14.891Z 	 info: AccountDataStore:init() Fallback to default emulator account devstoreaccount1.
2025-09-01T11:35:14.937Z 	 info: AccountDataStore:init() Refresh accounts from environment variable AZURITE_ACCOUNTS with value undefined
2025-09-01T11:35:14.937Z 	 info: AccountDataStore:init() Fallback to default emulator account devstoreaccount1.
2025-09-01T11:35:14.982Z 	 info: QueueGCManager:markSweepLoop() Start new mark and sweep.
2025-09-01T11:35:14.982Z 	 info: QueueGCManger:markSweep() Get all extents.
2025-09-01T11:35:14.983Z 	 info: QueueGCManager:marksweep() Get 0 extents.
2025-09-01T11:35:14.983Z 	 info: QueueGCManager:markSweep() Get referred extents, then remove from allExtents.
2025-09-01T11:35:14.983Z 	 info: QueueGCManager:markSweep() Got referred extents, unreferenced extents count is 0.
2025-09-01T11:35:14.983Z 	 info: QueueGCManager:markSweepLoop() Mark and sweep finished, take 1ms.
2025-09-01T11:35:14.983Z 	 info: QueueGCManager:markSweepLoop() Sleep for 60000
2025-09-01T11:35:14.983Z 	 info: AccountDataStore:init() Refresh accounts from environment variable AZURITE_ACCOUNTS with value undefined
2025-09-01T11:35:14.983Z 	 info: AccountDataStore:init() Fallback to default emulator account devstoreaccount1.
2025-09-01T11:36:14.447Z 	 info: BlobGCManager:markSweepLoop() Start next mark and sweep.
2025-09-01T11:36:14.447Z 	 info: BlobGCManager:markSweep() Get all extents.
2025-09-01T11:36:14.447Z 	 info: BlobGCManager:markSweep() Got 1 extents.
2025-09-01T11:36:14.447Z 	 info: BlobGCManager:markSweep() Get referred extents.
2025-09-01T11:36:14.447Z 	 info: BlobGCManager:markSweep() Got referred extents, unreferenced extents count is 0.
2025-09-01T11:36:14.447Z 	 info: BlobGCManager:markSweepLoop() Mark and sweep finished, taken 0ms.
2025-09-01T11:36:14.447Z 	 info: BlobGCManager:markSweepLoop() Sleep for 600000ms.
2025-09-01T11:36:14.896Z 	 info: AccountDataStore:init() Refresh accounts from environment variable AZURITE_ACCOUNTS with value undefined
2025-09-01T11:36:14.896Z 	 info: AccountDataStore:init() Fallback to default emulator account devstoreaccount1.
2025-09-01T11:36:14.943Z 	 info: AccountDataStore:init() Refresh accounts from environment variable AZURITE_ACCOUNTS with value undefined
2025-09-01T11:36:14.943Z 	 info: AccountDataStore:init() Fallback to default emulator account devstoreaccount1.
2025-09-01T11:36:14.990Z 	 info: QueueGCManager:markSweepLoop() Start new mark and sweep.
2025-09-01T11:36:14.990Z 	 info: QueueGCManger:markSweep() Get all extents.
2025-09-01T11:36:14.990Z 	 info: QueueGCManager:marksweep() Get 0 extents.
2025-09-01T11:36:14.990Z 	 info: QueueGCManager:markSweep() Get referred extents, then remove from allExtents.
2025-09-01T11:36:14.990Z 	 info: QueueGCManager:markSweep() Got referred extents, unreferenced extents count is 0.
2025-09-01T11:36:14.990Z 	 info: QueueGCManager:markSweepLoop() Mark and sweep finished, take 0ms.
2025-09-01T11:36:14.990Z 	 info: QueueGCManager:markSweepLoop() Sleep for 60000
2025-09-01T11:36:14.990Z 	 info: AccountDataStore:init() Refresh accounts from environment variable AZURITE_ACCOUNTS with value undefined
2025-09-01T11:36:14.990Z 	 info: AccountDataStore:init() Fallback to default emulator account devstoreaccount1.
2025-09-01T11:37:14.907Z 	 info: AccountDataStore:init() Refresh accounts from environment variable AZURITE_ACCOUNTS with value undefined
2025-09-01T11:37:14.907Z 	 info: AccountDataStore:init() Fallback to default emulator account devstoreaccount1.
2025-09-01T11:37:14.954Z 	 info: AccountDataStore:init() Refresh accounts from environment variable AZURITE_ACCOUNTS with value undefined
2025-09-01T11:37:14.954Z 	 info: AccountDataStore:init() Fallback to default emulator account devstoreaccount1.
2025-09-01T11:37:15.001Z 	 info: QueueGCManager:markSweepLoop() Start new mark and sweep.
2025-09-01T11:37:15.001Z 	 info: QueueGCManger:markSweep() Get all extents.
2025-09-01T11:37:15.002Z 	 info: QueueGCManager:marksweep() Get 0 extents.
2025-09-01T11:37:15.002Z 	 info: QueueGCManager:markSweep() Get referred extents, then remove from allExtents.
2025-09-01T11:37:15.002Z 	 info: QueueGCManager:markSweep() Got referred extents, unreferenced extents count is 0.
2025-09-01T11:37:15.002Z 	 info: QueueGCManager:markSweepLoop() Mark and sweep finished, take 1ms.
2025-09-01T11:37:15.002Z 	 info: QueueGCManager:markSweepLoop() Sleep for 60000
2025-09-01T11:37:15.002Z 	 info: AccountDataStore:init() Refresh accounts from environment variable AZURITE_ACCOUNTS with value undefined
2025-09-01T11:37:15.002Z 	 info: AccountDataStore:init() Fallback to default emulator account devstoreaccount1.
2025-09-01T11:38:14.918Z 	 info: AccountDataStore:init() Refresh accounts from environment variable AZURITE_ACCOUNTS with value undefined
2025-09-01T11:38:14.918Z 	 info: AccountDataStore:init() Fallback to default emulator account devstoreaccount1.
2025-09-01T11:38:14.965Z 	 info: AccountDataStore:init() Refresh accounts from environment variable AZURITE_ACCOUNTS with value undefined
2025-09-01T11:38:14.965Z 	 info: AccountDataStore:init() Fallback to default emulator account devstoreaccount1.
2025-09-01T11:38:15.012Z 	 info: QueueGCManager:markSweepLoop() Start new mark and sweep.
2025-09-01T11:38:15.012Z 	 info: QueueGCManger:markSweep() Get all extents.
2025-09-01T11:38:15.012Z 	 info: QueueGCManager:marksweep() Get 0 extents.
2025-09-01T11:38:15.012Z 	 info: QueueGCManager:markSweep() Get referred extents, then remove from allExtents.
2025-09-01T11:38:15.012Z 	 info: QueueGCManager:markSweep() Got referred extents, unreferenced extents count is 0.
2025-09-01T11:38:15.012Z 	 info: QueueGCManager:markSweepLoop() Mark and sweep finished, take 0ms.
2025-09-01T11:38:15.012Z 	 info: QueueGCManager:markSweepLoop() Sleep for 60000
2025-09-01T11:38:15.012Z 	 info: AccountDataStore:init() Refresh accounts from environment variable AZURITE_ACCOUNTS with value undefined
2025-09-01T11:38:15.012Z 	 info: AccountDataStore:init() Fallback to default emulator account devstoreaccount1.
2025-09-01T11:39:14.922Z 	 info: AccountDataStore:init() Refresh accounts from environment variable AZURITE_ACCOUNTS with value undefined
2025-09-01T11:39:14.923Z 	 info: AccountDataStore:init() Fallback to default emulator account devstoreaccount1.
2025-09-01T11:39:14.969Z 	 info: AccountDataStore:init() Refresh accounts from environment variable AZURITE_ACCOUNTS with value undefined
2025-09-01T11:39:14.970Z 	 info: AccountDataStore:init() Fallback to default emulator account devstoreaccount1.
2025-09-01T11:39:15.016Z 	 info: QueueGCManager:markSweepLoop() Start new mark and sweep.
2025-09-01T11:39:15.016Z 	 info: QueueGCManger:markSweep() Get all extents.
2025-09-01T11:39:15.017Z 	 info: QueueGCManager:marksweep() Get 0 extents.
2025-09-01T11:39:15.017Z 	 info: QueueGCManager:markSweep() Get referred extents, then remove from allExtents.
2025-09-01T11:39:15.017Z 	 info: QueueGCManager:markSweep() Got referred extents, unreferenced extents count is 0.
2025-09-01T11:39:15.017Z 	 info: QueueGCManager:markSweepLoop() Mark and sweep finished, take 1ms.
2025-09-01T11:39:15.017Z 	 info: QueueGCManager:markSweepLoop() Sleep for 60000
2025-09-01T11:39:15.017Z 	 info: AccountDataStore:init() Refresh accounts from environment variable AZURITE_ACCOUNTS with value undefined
2025-09-01T11:39:15.017Z 	 info: AccountDataStore:init() Fallback to default emulator account devstoreaccount1.
2025-09-01T11:40:14.926Z 	 info: AccountDataStore:init() Refresh accounts from environment variable AZURITE_ACCOUNTS with value undefined
2025-09-01T11:40:14.926Z 	 info: AccountDataStore:init() Fallback to default emulator account devstoreaccount1.
2025-09-01T11:40:14.971Z 	 info: AccountDataStore:init() Refresh accounts from environment variable AZURITE_ACCOUNTS with value undefined
2025-09-01T11:40:14.972Z 	 info: AccountDataStore:init() Fallback to default emulator account devstoreaccount1.
2025-09-01T11:40:15.017Z 	 info: QueueGCManager:markSweepLoop() Start new mark and sweep.
2025-09-01T11:40:15.017Z 	 info: QueueGCManger:markSweep() Get all extents.
2025-09-01T11:40:15.018Z 	 info: QueueGCManager:marksweep() Get 0 extents.
2025-09-01T11:40:15.018Z 	 info: QueueGCManager:markSweep() Get referred extents, then remove from allExtents.
2025-09-01T11:40:15.018Z 	 info: QueueGCManager:markSweep() Got referred extents, unreferenced extents count is 0.
2025-09-01T11:40:15.018Z 	 info: QueueGCManager:markSweepLoop() Mark and sweep finished, take 1ms.
2025-09-01T11:40:15.018Z 	 info: QueueGCManager:markSweepLoop() Sleep for 60000
2025-09-01T11:40:15.018Z 	 info: AccountDataStore:init() Refresh accounts from environment variable AZURITE_ACCOUNTS with value undefined
2025-09-01T11:40:15.018Z 	 info: AccountDataStore:init() Fallback to default emulator account devstoreaccount1.
2025-09-01T11:41:14.929Z 	 info: AccountDataStore:init() Refresh accounts from environment variable AZURITE_ACCOUNTS with value undefined
2025-09-01T11:41:14.929Z 	 info: AccountDataStore:init() Fallback to default emulator account devstoreaccount1.
2025-09-01T11:41:14.976Z 	 info: AccountDataStore:init() Refresh accounts from environment variable AZURITE_ACCOUNTS with value undefined
2025-09-01T11:41:14.977Z 	 info: AccountDataStore:init() Fallback to default emulator account devstoreaccount1.
2025-09-01T11:41:15.022Z 	 info: QueueGCManager:markSweepLoop() Start new mark and sweep.
2025-09-01T11:41:15.022Z 	 info: QueueGCManger:markSweep() Get all extents.
2025-09-01T11:41:15.022Z 	 info: QueueGCManager:marksweep() Get 0 extents.
2025-09-01T11:41:15.022Z 	 info: QueueGCManager:markSweep() Get referred extents, then remove from allExtents.
2025-09-01T11:41:15.022Z 	 info: QueueGCManager:markSweep() Got referred extents, unreferenced extents count is 0.
2025-09-01T11:41:15.022Z 	 info: QueueGCManager:markSweepLoop() Mark and sweep finished, take 0ms.
2025-09-01T11:41:15.022Z 	 info: QueueGCManager:markSweepLoop() Sleep for 60000
2025-09-01T11:41:15.022Z 	 info: AccountDataStore:init() Refresh accounts from environment variable AZURITE_ACCOUNTS with value undefined
2025-09-01T11:41:15.022Z 	 info: AccountDataStore:init() Fallback to default emulator account devstoreaccount1.
2025-09-01T11:42:14.934Z 	 info: AccountDataStore:init() Refresh accounts from environment variable AZURITE_ACCOUNTS with value undefined
2025-09-01T11:42:14.934Z 	 info: AccountDataStore:init() Fallback to default emulator account devstoreaccount1.
2025-09-01T11:42:14.980Z 	 info: AccountDataStore:init() Refresh accounts from environment variable AZURITE_ACCOUNTS with value undefined
2025-09-01T11:42:14.980Z 	 info: AccountDataStore:init() Fallback to default emulator account devstoreaccount1.
2025-09-01T11:42:15.026Z 	 info: QueueGCManager:markSweepLoop() Start new mark and sweep.
2025-09-01T11:42:15.026Z 	 info: QueueGCManger:markSweep() Get all extents.
2025-09-01T11:42:15.027Z 	 info: QueueGCManager:marksweep() Get 0 extents.
2025-09-01T11:42:15.027Z 	 info: QueueGCManager:markSweep() Get referred extents, then remove from allExtents.
2025-09-01T11:42:15.027Z 	 info: QueueGCManager:markSweep() Got referred extents, unreferenced extents count is 0.
2025-09-01T11:42:15.027Z 	 info: QueueGCManager:markSweepLoop() Mark and sweep finished, take 1ms.
2025-09-01T11:42:15.027Z 	 info: QueueGCManager:markSweepLoop() Sleep for 60000
2025-09-01T11:42:15.027Z 	 info: AccountDataStore:init() Refresh accounts from environment variable AZURITE_ACCOUNTS with value undefined
2025-09-01T11:42:15.027Z 	 info: AccountDataStore:init() Fallback to default emulator account devstoreaccount1.
2025-09-01T11:43:14.947Z 	 info: AccountDataStore:init() Refresh accounts from environment variable AZURITE_ACCOUNTS with value undefined
2025-09-01T11:43:14.947Z 	 info: AccountDataStore:init() Fallback to default emulator account devstoreaccount1.
2025-09-01T11:43:14.993Z 	 info: AccountDataStore:init() Refresh accounts from environment variable AZURITE_ACCOUNTS with value undefined
2025-09-01T11:43:14.993Z 	 info: AccountDataStore:init() Fallback to default emulator account devstoreaccount1.
2025-09-01T11:43:15.039Z 	 info: QueueGCManager:markSweepLoop() Start new mark and sweep.
2025-09-01T11:43:15.039Z 	 info: QueueGCManger:markSweep() Get all extents.
2025-09-01T11:43:15.039Z 	 info: QueueGCManager:marksweep() Get 0 extents.
2025-09-01T11:43:15.040Z 	 info: QueueGCManager:markSweep() Get referred extents, then remove from allExtents.
2025-09-01T11:43:15.040Z 	 info: QueueGCManager:markSweep() Got referred extents, unreferenced extents count is 0.
2025-09-01T11:43:15.040Z 	 info: QueueGCManager:markSweepLoop() Mark and sweep finished, take 1ms.
2025-09-01T11:43:15.040Z 	 info: QueueGCManager:markSweepLoop() Sleep for 60000
2025-09-01T11:43:15.040Z 	 info: AccountDataStore:init() Refresh accounts from environment variable AZURITE_ACCOUNTS with value undefined
2025-09-01T11:43:15.040Z 	 info: AccountDataStore:init() Fallback to default emulator account devstoreaccount1.
2025-09-01T11:44:14.958Z 	 info: AccountDataStore:init() Refresh accounts from environment variable AZURITE_ACCOUNTS with value undefined
2025-09-01T11:44:14.958Z 	 info: AccountDataStore:init() Fallback to default emulator account devstoreaccount1.
2025-09-01T11:44:15.005Z 	 info: AccountDataStore:init() Refresh accounts from environment variable AZURITE_ACCOUNTS with value undefined
2025-09-01T11:44:15.005Z 	 info: AccountDataStore:init() Fallback to default emulator account devstoreaccount1.
2025-09-01T11:44:15.050Z 	 info: QueueGCManager:markSweepLoop() Start new mark and sweep.
2025-09-01T11:44:15.051Z 	 info: QueueGCManger:markSweep() Get all extents.
2025-09-01T11:44:15.051Z 	 info: QueueGCManager:marksweep() Get 0 extents.
2025-09-01T11:44:15.051Z 	 info: QueueGCManager:markSweep() Get referred extents, then remove from allExtents.
2025-09-01T11:44:15.051Z 	 info: QueueGCManager:markSweep() Got referred extents, unreferenced extents count is 0.
2025-09-01T11:44:15.051Z 	 info: QueueGCManager:markSweepLoop() Mark and sweep finished, take 0ms.
2025-09-01T11:44:15.051Z 	 info: QueueGCManager:markSweepLoop() Sleep for 60000
2025-09-01T11:44:15.051Z 	 info: AccountDataStore:init() Refresh accounts from environment variable AZURITE_ACCOUNTS with value undefined
2025-09-01T11:44:15.051Z 	 info: AccountDataStore:init() Fallback to default emulator account devstoreaccount1.
2025-09-01T11:45:14.960Z 	 info: AccountDataStore:init() Refresh accounts from environment variable AZURITE_ACCOUNTS with value undefined
2025-09-01T11:45:14.960Z 	 info: AccountDataStore:init() Fallback to default emulator account devstoreaccount1.
2025-09-01T11:45:15.008Z 	 info: AccountDataStore:init() Refresh accounts from environment variable AZURITE_ACCOUNTS with value undefined
2025-09-01T11:45:15.008Z 	 info: AccountDataStore:init() Fallback to default emulator account devstoreaccount1.
2025-09-01T11:45:15.055Z 	 info: QueueGCManager:markSweepLoop() Start new mark and sweep.
2025-09-01T11:45:15.055Z 	 info: QueueGCManger:markSweep() Get all extents.
2025-09-01T11:45:15.055Z 	 info: QueueGCManager:marksweep() Get 0 extents.
2025-09-01T11:45:15.055Z 	 info: QueueGCManager:markSweep() Get referred extents, then remove from allExtents.
2025-09-01T11:45:15.055Z 	 info: QueueGCManager:markSweep() Got referred extents, unreferenced extents count is 0.
2025-09-01T11:45:15.055Z 	 info: QueueGCManager:markSweepLoop() Mark and sweep finished, take 0ms.
2025-09-01T11:45:15.056Z 	 info: QueueGCManager:markSweepLoop() Sleep for 60000
2025-09-01T11:45:15.056Z 	 info: AccountDataStore:init() Refresh accounts from environment variable AZURITE_ACCOUNTS with value undefined
2025-09-01T11:45:15.056Z 	 info: AccountDataStore:init() Fallback to default emulator account devstoreaccount1.
2025-09-01T11:46:14.461Z 	 info: BlobGCManager:markSweepLoop() Start next mark and sweep.
2025-09-01T11:46:14.461Z 	 info: BlobGCManager:markSweep() Get all extents.
2025-09-01T11:46:14.461Z 	 info: BlobGCManager:markSweep() Got 1 extents.
2025-09-01T11:46:14.461Z 	 info: BlobGCManager:markSweep() Get referred extents.
2025-09-01T11:46:14.461Z 	 info: BlobGCManager:markSweep() Got referred extents, unreferenced extents count is 0.
2025-09-01T11:46:14.461Z 	 info: BlobGCManager:markSweepLoop() Mark and sweep finished, taken 0ms.
2025-09-01T11:46:14.461Z 	 info: BlobGCManager:markSweepLoop() Sleep for 600000ms.
2025-09-01T11:46:14.971Z 	 info: AccountDataStore:init() Refresh accounts from environment variable AZURITE_ACCOUNTS with value undefined
2025-09-01T11:46:14.971Z 	 info: AccountDataStore:init() Fallback to default emulator account devstoreaccount1.
2025-09-01T11:46:15.017Z 	 info: AccountDataStore:init() Refresh accounts from environment variable AZURITE_ACCOUNTS with value undefined
2025-09-01T11:46:15.017Z 	 info: AccountDataStore:init() Fallback to default emulator account devstoreaccount1.
2025-09-01T11:46:15.064Z 	 info: QueueGCManager:markSweepLoop() Start new mark and sweep.
2025-09-01T11:46:15.064Z 	 info: QueueGCManger:markSweep() Get all extents.
2025-09-01T11:46:15.064Z 	 info: QueueGCManager:marksweep() Get 0 extents.
2025-09-01T11:46:15.064Z 	 info: QueueGCManager:markSweep() Get referred extents, then remove from allExtents.
2025-09-01T11:46:15.064Z 	 info: QueueGCManager:markSweep() Got referred extents, unreferenced extents count is 0.
2025-09-01T11:46:15.064Z 	 info: QueueGCManager:markSweepLoop() Mark and sweep finished, take 0ms.
2025-09-01T11:46:15.064Z 	 info: QueueGCManager:markSweepLoop() Sleep for 60000
2025-09-01T11:46:15.064Z 	 info: AccountDataStore:init() Refresh accounts from environment variable AZURITE_ACCOUNTS with value undefined
2025-09-01T11:46:15.064Z 	 info: AccountDataStore:init() Fallback to default emulator account devstoreaccount1.
2025-09-01T11:47:14.982Z 	 info: AccountDataStore:init() Refresh accounts from environment variable AZURITE_ACCOUNTS with value undefined
2025-09-01T11:47:14.982Z 	 info: AccountDataStore:init() Fallback to default emulator account devstoreaccount1.
2025-09-01T11:47:15.028Z 	 info: AccountDataStore:init() Refresh accounts from environment variable AZURITE_ACCOUNTS with value undefined
2025-09-01T11:47:15.028Z 	 info: AccountDataStore:init() Fallback to default emulator account devstoreaccount1.
2025-09-01T11:47:15.074Z 	 info: QueueGCManager:markSweepLoop() Start new mark and sweep.
2025-09-01T11:47:15.074Z 	 info: QueueGCManger:markSweep() Get all extents.
2025-09-01T11:47:15.074Z 	 info: QueueGCManager:marksweep() Get 0 extents.
2025-09-01T11:47:15.074Z 	 info: QueueGCManager:markSweep() Get referred extents, then remove from allExtents.
2025-09-01T11:47:15.074Z 	 info: QueueGCManager:markSweep() Got referred extents, unreferenced extents count is 0.
2025-09-01T11:47:15.074Z 	 info: QueueGCManager:markSweepLoop() Mark and sweep finished, take 0ms.
2025-09-01T11:47:15.074Z 	 info: QueueGCManager:markSweepLoop() Sleep for 60000
2025-09-01T11:47:15.074Z 	 info: AccountDataStore:init() Refresh accounts from environment variable AZURITE_ACCOUNTS with value undefined
2025-09-01T11:47:15.074Z 	 info: AccountDataStore:init() Fallback to default emulator account devstoreaccount1.
2025-09-01T11:48:14.989Z 	 info: AccountDataStore:init() Refresh accounts from environment variable AZURITE_ACCOUNTS with value undefined
2025-09-01T11:48:14.989Z 	 info: AccountDataStore:init() Fallback to default emulator account devstoreaccount1.
2025-09-01T11:48:15.035Z 	 info: AccountDataStore:init() Refresh accounts from environment variable AZURITE_ACCOUNTS with value undefined
2025-09-01T11:48:15.035Z 	 info: AccountDataStore:init() Fallback to default emulator account devstoreaccount1.
2025-09-01T11:48:15.082Z 	 info: QueueGCManager:markSweepLoop() Start new mark and sweep.
2025-09-01T11:48:15.082Z 	 info: QueueGCManger:markSweep() Get all extents.
2025-09-01T11:48:15.082Z 	 info: QueueGCManager:marksweep() Get 0 extents.
2025-09-01T11:48:15.082Z 	 info: QueueGCManager:markSweep() Get referred extents, then remove from allExtents.
2025-09-01T11:48:15.082Z 	 info: QueueGCManager:markSweep() Got referred extents, unreferenced extents count is 0.
2025-09-01T11:48:15.082Z 	 info: QueueGCManager:markSweepLoop() Mark and sweep finished, take 0ms.
2025-09-01T11:48:15.082Z 	 info: QueueGCManager:markSweepLoop() Sleep for 60000
2025-09-01T11:48:15.082Z 	 info: AccountDataStore:init() Refresh accounts from environment variable AZURITE_ACCOUNTS with value undefined
2025-09-01T11:48:15.083Z 	 info: AccountDataStore:init() Fallback to default emulator account devstoreaccount1.
2025-09-01T11:48:15.113Z d9fb52bb-ffb1-4e51-9d70-0015af557abf info: BlobStorageContextMiddleware: RequestMethod=GET RequestURL=http://127.0.0.1/devstoreaccount1/quality-docs/testing/ticket.pdf RequestHeaders:{"host":"127.0.0.1:10000","connection":"keep-alive","upgrade-insecure-requests":"1","user-agent":"Mozilla/5.0 (Windows NT 10.0; Win64; x64) AppleWebKit/537.36 (KHTML, like Gecko) Chrome/139.0.0.0 Safari/537.36","accept":"text/html,application/xhtml+xml,application/xml;q=0.9,image/avif,image/webp,image/apng,*/*;q=0.8,application/signed-exchange;v=b3;q=0.7","sec-fetch-site":"cross-site","sec-fetch-mode":"navigate","sec-fetch-user":"?1","sec-fetch-dest":"document","sec-ch-ua":"\"Not;A=Brand\";v=\"99\", \"Google Chrome\";v=\"139\", \"Chromium\";v=\"139\"","sec-ch-ua-mobile":"?0","sec-ch-ua-platform":"\"Windows\"","accept-encoding":"gzip, deflate, br, zstd","accept-language":"en-US,en;q=0.9"} ClientIP=127.0.0.1 Protocol=http HTTPVersion=1.1
2025-09-01T11:48:15.113Z d9fb52bb-ffb1-4e51-9d70-0015af557abf info: BlobStorageContextMiddleware: Account=devstoreaccount1 Container=quality-docs Blob=testing/ticket.pdf
2025-09-01T11:48:15.113Z d9fb52bb-ffb1-4e51-9d70-0015af557abf verbose: DispatchMiddleware: Dispatching request...
2025-09-01T11:48:15.114Z d9fb52bb-ffb1-4e51-9d70-0015af557abf info: DispatchMiddleware: Operation=Blob_Download
2025-09-01T11:48:15.114Z d9fb52bb-ffb1-4e51-9d70-0015af557abf verbose: AuthenticationMiddlewareFactory:createAuthenticationMiddleware() Validating authentications.
2025-09-01T11:48:15.114Z d9fb52bb-ffb1-4e51-9d70-0015af557abf info: PublicAccessAuthenticator:validate() Start validation against public access.
2025-09-01T11:48:15.114Z d9fb52bb-ffb1-4e51-9d70-0015af557abf debug: PublicAccessAuthenticator:validate() Getting account properties...
2025-09-01T11:48:15.114Z d9fb52bb-ffb1-4e51-9d70-0015af557abf debug: PublicAccessAuthenticator:validate() Retrieved account name from context: devstoreaccount1, container: quality-docs, blob: testing/ticket.pdf
2025-09-01T11:48:15.114Z d9fb52bb-ffb1-4e51-9d70-0015af557abf debug: PublicAccessAuthenticator:validate() Public access type for container quality-docs is "container"
2025-09-01T11:48:15.114Z d9fb52bb-ffb1-4e51-9d70-0015af557abf debug: PublicAccessAuthenticator:validate() Operation Blob_Download is in container level public access list. Validation passed.
2025-09-01T11:48:15.114Z d9fb52bb-ffb1-4e51-9d70-0015af557abf verbose: DeserializerMiddleware: Start deserializing...
2025-09-01T11:48:15.115Z d9fb52bb-ffb1-4e51-9d70-0015af557abf info: HandlerMiddleware: DeserializedParameters={"options":{"leaseAccessConditions":{},"cpkInfo":{},"modifiedAccessConditions":{}}}
2025-09-01T11:48:15.115Z d9fb52bb-ffb1-4e51-9d70-0015af557abf info: BlobHandler:downloadBlockBlobOrAppendBlob() NormalizedDownloadRange=bytes=0-199220 RequiredContentLength=199221
2025-09-01T11:48:15.115Z d9fb52bb-ffb1-4e51-9d70-0015af557abf debug: OperationQueue.operate() Schedule incoming job 140acb01-7155-4604-b887-ebff94b4bee5
2025-09-01T11:48:15.115Z d9fb52bb-ffb1-4e51-9d70-0015af557abf debug: OperationQueue:execute() Current runningConcurrency:0 maxConcurrency:100 operations.length:1
2025-09-01T11:48:15.115Z d9fb52bb-ffb1-4e51-9d70-0015af557abf verbose: FSExtentStore:readExtent() Creating read stream. LocationId:Default extentId:4e550bc3-1e62-43e4-9d3d-6ba2361db643 path:azurite\__blobstorage__\4e550bc3-1e62-43e4-9d3d-6ba2361db643 offset:14274270 count:199221 end:14473490
2025-09-01T11:48:15.115Z d9fb52bb-ffb1-4e51-9d70-0015af557abf debug: OperationQueue.operate() Job 140acb01-7155-4604-b887-ebff94b4bee5 completes callback, resolve.
2025-09-01T11:48:15.115Z d9fb52bb-ffb1-4e51-9d70-0015af557abf verbose: SerializerMiddleware: Start serializing...
2025-09-01T11:48:15.117Z d9fb52bb-ffb1-4e51-9d70-0015af557abf info: Serializer: Start returning stream body.
2025-09-01T11:48:15.117Z d9fb52bb-ffb1-4e51-9d70-0015af557abf debug: OperationQueue:execute() Current runningConcurrency:0 maxConcurrency:100 operations.length:0
2025-09-01T11:48:15.117Z d9fb52bb-ffb1-4e51-9d70-0015af557abf debug: OperationQueue:execute() return. Operation.length === 0
2025-09-01T11:48:15.121Z d9fb52bb-ffb1-4e51-9d70-0015af557abf verbose: Send Blob telemetry: B_Blob_Download
2025-09-01T11:48:15.121Z d9fb52bb-ffb1-4e51-9d70-0015af557abf info: EndMiddleware: End response. TotalTimeInMS=8 StatusCode=200 StatusMessage=OK Headers={"server":"Azurite-Blob/3.35.0","last-modified":"Mon, 01 Sep 2025 11:05:47 GMT","x-ms-creation-time":"Mon, 01 Sep 2025 11:05:47 GMT","content-length":"199221","content-type":"application/pdf","etag":"\"0x1DDB73064AA6B20\"","content-md5":"aiwW2KQTKd9XZKBWuYb6xw==","x-ms-blob-type":"BlockBlob","x-ms-lease-state":"available","x-ms-lease-status":"unlocked","x-ms-request-id":"d9fb52bb-ffb1-4e51-9d70-0015af557abf","x-ms-version":"2025-11-05","accept-ranges":"bytes","date":"Mon, 01 Sep 2025 11:48:15 GMT","x-ms-server-encrypted":"true","x-ms-blob-content-md5":"aiwW2KQTKd9XZKBWuYb6xw=="}
2025-09-01T11:48:15.121Z d9fb52bb-ffb1-4e51-9d70-0015af557abf verbose: FSExtentStore:readExtent() Read stream closed. LocationId:Default extentId:4e550bc3-1e62-43e4-9d3d-6ba2361db643 path:azurite\__blobstorage__\4e550bc3-1e62-43e4-9d3d-6ba2361db643 offset:14274270 count:199221 end:14473490
2025-09-01T11:48:15.406Z 9a7c9298-3178-40a8-a749-192855b3ea6b info: BlobStorageContextMiddleware: RequestMethod=GET RequestURL=http://127.0.0.1/favicon.ico RequestHeaders:{"host":"127.0.0.1:10000","connection":"keep-alive","sec-ch-ua-platform":"\"Windows\"","user-agent":"Mozilla/5.0 (Windows NT 10.0; Win64; x64) AppleWebKit/537.36 (KHTML, like Gecko) Chrome/139.0.0.0 Safari/537.36","sec-ch-ua":"\"Not;A=Brand\";v=\"99\", \"Google Chrome\";v=\"139\", \"Chromium\";v=\"139\"","sec-ch-ua-mobile":"?0","accept":"image/avif,image/webp,image/apng,image/svg+xml,image/*,*/*;q=0.8","sec-fetch-site":"same-origin","sec-fetch-mode":"no-cors","sec-fetch-dest":"image","referer":"http://127.0.0.1:10000/devstoreaccount1/quality-docs/testing/ticket.pdf","accept-encoding":"gzip, deflate, br, zstd","accept-language":"en-US,en;q=0.9"} ClientIP=127.0.0.1 Protocol=http HTTPVersion=1.1
2025-09-01T11:48:15.406Z 9a7c9298-3178-40a8-a749-192855b3ea6b info: BlobStorageContextMiddleware: Account=favicon.ico Container=undefined Blob=
2025-09-01T11:48:15.407Z 9a7c9298-3178-40a8-a749-192855b3ea6b verbose: DispatchMiddleware: Dispatching request...
2025-09-01T11:48:15.407Z 9a7c9298-3178-40a8-a749-192855b3ea6b error: DispatchMiddleware: Incoming URL doesn't match any of swagger defined request patterns.
2025-09-01T11:48:15.408Z 9a7c9298-3178-40a8-a749-192855b3ea6b error: ErrorMiddleware: Received a MiddlewareError, fill error information to HTTP response
2025-09-01T11:48:15.408Z 9a7c9298-3178-40a8-a749-192855b3ea6b error: ErrorMiddleware: ErrorName=UnsupportedRequestError ErrorMessage=Incoming URL doesn't match any of swagger defined request patterns.  ErrorHTTPStatusCode=400 ErrorHTTPStatusMessage=undefined ErrorHTTPHeaders=undefined ErrorHTTPBody=undefined ErrorStack="UnsupportedRequestError: Incoming URL doesn't match any of swagger defined request patterns.\n    at dispatchMiddleware (C:\\QR Portal\\node_modules\\azurite\\dist\\src\\blob\\generated\\middleware\\dispatch.middleware.js:41:30)\n    at C:\\QR Portal\\node_modules\\azurite\\dist\\src\\blob\\generated\\ExpressMiddlewareFactory.js:50:47\n    at Layer.handle [as handle_request] (C:\\QR Portal\\node_modules\\azurite\\node_modules\\express\\lib\\router\\layer.js:95:5)\n    at trim_prefix (C:\\QR Portal\\node_modules\\azurite\\node_modules\\express\\lib\\router\\index.js:328:13)\n    at C:\\QR Portal\\node_modules\\azurite\\node_modules\\express\\lib\\router\\index.js:286:9\n    at Function.process_params (C:\\QR Portal\\node_modules\\azurite\\node_modules\\express\\lib\\router\\index.js:346:12)\n    at next (C:\\QR Portal\\node_modules\\azurite\\node_modules\\express\\lib\\router\\index.js:280:10)\n    at blobStorageContextMiddleware (C:\\QR Portal\\node_modules\\azurite\\dist\\src\\blob\\middlewares\\blobStorageContext.middleware.js:137:5)\n    at C:\\QR Portal\\node_modules\\azurite\\dist\\src\\blob\\middlewares\\blobStorageContext.middleware.js:15:16\n    at Layer.handle [as handle_request] (C:\\QR Portal\\node_modules\\azurite\\node_modules\\express\\lib\\router\\layer.js:95:5)"
2025-09-01T11:48:15.408Z 9a7c9298-3178-40a8-a749-192855b3ea6b error: ErrorMiddleware: Set HTTP code: 400
2025-09-01T11:48:15.408Z 9a7c9298-3178-40a8-a749-192855b3ea6b error: ErrorMiddleware: Set HTTP body: undefined
2025-09-01T11:48:15.408Z 9a7c9298-3178-40a8-a749-192855b3ea6b verbose: Send Blob telemetry: B_Service_SetProperties
2025-09-01T11:48:15.408Z 9a7c9298-3178-40a8-a749-192855b3ea6b info: EndMiddleware: End response. TotalTimeInMS=2 StatusCode=400 StatusMessage=undefined Headers={"server":"Azurite-Blob/3.35.0"}
2025-09-01T11:48:19.165Z 9f7d9b60-19a6-4a05-8c8e-2906a1d575bc info: BlobStorageContextMiddleware: RequestMethod=GET RequestURL=http://127.0.0.1/devstoreaccount1/ctq-docs/welding/20036753---MESH.pdf RequestHeaders:{"host":"127.0.0.1:10000","connection":"keep-alive","upgrade-insecure-requests":"1","user-agent":"Mozilla/5.0 (Windows NT 10.0; Win64; x64) AppleWebKit/537.36 (KHTML, like Gecko) Chrome/139.0.0.0 Safari/537.36","accept":"text/html,application/xhtml+xml,application/xml;q=0.9,image/avif,image/webp,image/apng,*/*;q=0.8,application/signed-exchange;v=b3;q=0.7","sec-fetch-site":"cross-site","sec-fetch-mode":"navigate","sec-fetch-user":"?1","sec-fetch-dest":"document","sec-ch-ua":"\"Not;A=Brand\";v=\"99\", \"Google Chrome\";v=\"139\", \"Chromium\";v=\"139\"","sec-ch-ua-mobile":"?0","sec-ch-ua-platform":"\"Windows\"","accept-encoding":"gzip, deflate, br, zstd","accept-language":"en-US,en;q=0.9"} ClientIP=127.0.0.1 Protocol=http HTTPVersion=1.1
2025-09-01T11:48:19.166Z 9f7d9b60-19a6-4a05-8c8e-2906a1d575bc info: BlobStorageContextMiddleware: Account=devstoreaccount1 Container=ctq-docs Blob=welding/20036753---MESH.pdf
2025-09-01T11:48:19.166Z 9f7d9b60-19a6-4a05-8c8e-2906a1d575bc verbose: DispatchMiddleware: Dispatching request...
2025-09-01T11:48:19.166Z 9f7d9b60-19a6-4a05-8c8e-2906a1d575bc info: DispatchMiddleware: Operation=Blob_Download
2025-09-01T11:48:19.166Z 9f7d9b60-19a6-4a05-8c8e-2906a1d575bc verbose: AuthenticationMiddlewareFactory:createAuthenticationMiddleware() Validating authentications.
2025-09-01T11:48:19.166Z 9f7d9b60-19a6-4a05-8c8e-2906a1d575bc info: PublicAccessAuthenticator:validate() Start validation against public access.
2025-09-01T11:48:19.166Z 9f7d9b60-19a6-4a05-8c8e-2906a1d575bc debug: PublicAccessAuthenticator:validate() Getting account properties...
2025-09-01T11:48:19.166Z 9f7d9b60-19a6-4a05-8c8e-2906a1d575bc debug: PublicAccessAuthenticator:validate() Retrieved account name from context: devstoreaccount1, container: ctq-docs, blob: welding/20036753---MESH.pdf
2025-09-01T11:48:19.166Z 9f7d9b60-19a6-4a05-8c8e-2906a1d575bc debug: PublicAccessAuthenticator:validate() Public access type for container ctq-docs is "container"
2025-09-01T11:48:19.166Z 9f7d9b60-19a6-4a05-8c8e-2906a1d575bc debug: PublicAccessAuthenticator:validate() Operation Blob_Download is in container level public access list. Validation passed.
2025-09-01T11:48:19.166Z 9f7d9b60-19a6-4a05-8c8e-2906a1d575bc verbose: DeserializerMiddleware: Start deserializing...
2025-09-01T11:48:19.166Z 9f7d9b60-19a6-4a05-8c8e-2906a1d575bc info: HandlerMiddleware: DeserializedParameters={"options":{"leaseAccessConditions":{},"cpkInfo":{},"modifiedAccessConditions":{}}}
2025-09-01T11:48:19.166Z 9f7d9b60-19a6-4a05-8c8e-2906a1d575bc info: BlobHandler:downloadBlockBlobOrAppendBlob() NormalizedDownloadRange=bytes=0-1533017 RequiredContentLength=1533018
2025-09-01T11:48:19.166Z 9f7d9b60-19a6-4a05-8c8e-2906a1d575bc debug: OperationQueue.operate() Schedule incoming job 03196b03-8699-4a16-9c40-c89d576546a1
2025-09-01T11:48:19.166Z 9f7d9b60-19a6-4a05-8c8e-2906a1d575bc debug: OperationQueue:execute() Current runningConcurrency:0 maxConcurrency:100 operations.length:1
2025-09-01T11:48:19.166Z 9f7d9b60-19a6-4a05-8c8e-2906a1d575bc verbose: FSExtentStore:readExtent() Creating read stream. LocationId:Default extentId:4e550bc3-1e62-43e4-9d3d-6ba2361db643 path:azurite\__blobstorage__\4e550bc3-1e62-43e4-9d3d-6ba2361db643 offset:0 count:1533018 end:1533017
2025-09-01T11:48:19.166Z 9f7d9b60-19a6-4a05-8c8e-2906a1d575bc debug: OperationQueue.operate() Job 03196b03-8699-4a16-9c40-c89d576546a1 completes callback, resolve.
2025-09-01T11:48:19.166Z 9f7d9b60-19a6-4a05-8c8e-2906a1d575bc verbose: SerializerMiddleware: Start serializing...
2025-09-01T11:48:19.166Z 9f7d9b60-19a6-4a05-8c8e-2906a1d575bc info: Serializer: Start returning stream body.
2025-09-01T11:48:19.167Z 9f7d9b60-19a6-4a05-8c8e-2906a1d575bc debug: OperationQueue:execute() Current runningConcurrency:0 maxConcurrency:100 operations.length:0
2025-09-01T11:48:19.167Z 9f7d9b60-19a6-4a05-8c8e-2906a1d575bc debug: OperationQueue:execute() return. Operation.length === 0
2025-09-01T11:48:19.175Z 9f7d9b60-19a6-4a05-8c8e-2906a1d575bc verbose: Send Blob telemetry: B_Blob_Download
2025-09-01T11:48:19.175Z 9f7d9b60-19a6-4a05-8c8e-2906a1d575bc info: EndMiddleware: End response. TotalTimeInMS=10 StatusCode=200 StatusMessage=OK Headers={"server":"Azurite-Blob/3.35.0","last-modified":"Mon, 01 Sep 2025 10:31:53 GMT","x-ms-creation-time":"Mon, 01 Sep 2025 10:31:53 GMT","content-length":"1533018","content-type":"application/pdf","etag":"\"0x251D337625B8720\"","content-md5":"m1BO+2mHKqPIh66dtQOQfA==","x-ms-blob-type":"BlockBlob","x-ms-lease-state":"available","x-ms-lease-status":"unlocked","x-ms-request-id":"9f7d9b60-19a6-4a05-8c8e-2906a1d575bc","x-ms-version":"2025-11-05","accept-ranges":"bytes","date":"Mon, 01 Sep 2025 11:48:19 GMT","x-ms-server-encrypted":"true","x-ms-blob-content-md5":"m1BO+2mHKqPIh66dtQOQfA=="}
2025-09-01T11:48:19.175Z 9f7d9b60-19a6-4a05-8c8e-2906a1d575bc verbose: FSExtentStore:readExtent() Read stream closed. LocationId:Default extentId:4e550bc3-1e62-43e4-9d3d-6ba2361db643 path:azurite\__blobstorage__\4e550bc3-1e62-43e4-9d3d-6ba2361db643 offset:0 count:1533018 end:1533017
2025-09-01T11:48:19.437Z 367cefd8-8140-44a6-b45c-57f21106595e info: BlobStorageContextMiddleware: RequestMethod=GET RequestURL=http://127.0.0.1/favicon.ico RequestHeaders:{"host":"127.0.0.1:10000","connection":"keep-alive","sec-ch-ua-platform":"\"Windows\"","user-agent":"Mozilla/5.0 (Windows NT 10.0; Win64; x64) AppleWebKit/537.36 (KHTML, like Gecko) Chrome/139.0.0.0 Safari/537.36","sec-ch-ua":"\"Not;A=Brand\";v=\"99\", \"Google Chrome\";v=\"139\", \"Chromium\";v=\"139\"","sec-ch-ua-mobile":"?0","accept":"image/avif,image/webp,image/apng,image/svg+xml,image/*,*/*;q=0.8","sec-fetch-site":"same-origin","sec-fetch-mode":"no-cors","sec-fetch-dest":"image","referer":"http://127.0.0.1:10000/devstoreaccount1/ctq-docs/welding/20036753---MESH.pdf","accept-encoding":"gzip, deflate, br, zstd","accept-language":"en-US,en;q=0.9"} ClientIP=127.0.0.1 Protocol=http HTTPVersion=1.1
2025-09-01T11:48:19.437Z 367cefd8-8140-44a6-b45c-57f21106595e info: BlobStorageContextMiddleware: Account=favicon.ico Container=undefined Blob=
2025-09-01T11:48:19.437Z 367cefd8-8140-44a6-b45c-57f21106595e verbose: DispatchMiddleware: Dispatching request...
2025-09-01T11:48:19.437Z 367cefd8-8140-44a6-b45c-57f21106595e error: DispatchMiddleware: Incoming URL doesn't match any of swagger defined request patterns.
2025-09-01T11:48:19.437Z 367cefd8-8140-44a6-b45c-57f21106595e error: ErrorMiddleware: Received a MiddlewareError, fill error information to HTTP response
2025-09-01T11:48:19.437Z 367cefd8-8140-44a6-b45c-57f21106595e error: ErrorMiddleware: ErrorName=UnsupportedRequestError ErrorMessage=Incoming URL doesn't match any of swagger defined request patterns.  ErrorHTTPStatusCode=400 ErrorHTTPStatusMessage=undefined ErrorHTTPHeaders=undefined ErrorHTTPBody=undefined ErrorStack="UnsupportedRequestError: Incoming URL doesn't match any of swagger defined request patterns.\n    at dispatchMiddleware (C:\\QR Portal\\node_modules\\azurite\\dist\\src\\blob\\generated\\middleware\\dispatch.middleware.js:41:30)\n    at C:\\QR Portal\\node_modules\\azurite\\dist\\src\\blob\\generated\\ExpressMiddlewareFactory.js:50:47\n    at Layer.handle [as handle_request] (C:\\QR Portal\\node_modules\\azurite\\node_modules\\express\\lib\\router\\layer.js:95:5)\n    at trim_prefix (C:\\QR Portal\\node_modules\\azurite\\node_modules\\express\\lib\\router\\index.js:328:13)\n    at C:\\QR Portal\\node_modules\\azurite\\node_modules\\express\\lib\\router\\index.js:286:9\n    at Function.process_params (C:\\QR Portal\\node_modules\\azurite\\node_modules\\express\\lib\\router\\index.js:346:12)\n    at next (C:\\QR Portal\\node_modules\\azurite\\node_modules\\express\\lib\\router\\index.js:280:10)\n    at blobStorageContextMiddleware (C:\\QR Portal\\node_modules\\azurite\\dist\\src\\blob\\middlewares\\blobStorageContext.middleware.js:137:5)\n    at C:\\QR Portal\\node_modules\\azurite\\dist\\src\\blob\\middlewares\\blobStorageContext.middleware.js:15:16\n    at Layer.handle [as handle_request] (C:\\QR Portal\\node_modules\\azurite\\node_modules\\express\\lib\\router\\layer.js:95:5)"
2025-09-01T11:48:19.437Z 367cefd8-8140-44a6-b45c-57f21106595e error: ErrorMiddleware: Set HTTP code: 400
2025-09-01T11:48:19.437Z 367cefd8-8140-44a6-b45c-57f21106595e error: ErrorMiddleware: Set HTTP body: undefined
2025-09-01T11:48:19.438Z 367cefd8-8140-44a6-b45c-57f21106595e verbose: Send Blob telemetry: B_Service_SetProperties
2025-09-01T11:48:19.438Z 367cefd8-8140-44a6-b45c-57f21106595e info: EndMiddleware: End response. TotalTimeInMS=1 StatusCode=400 StatusMessage=undefined Headers={"server":"Azurite-Blob/3.35.0"}
2025-09-01T11:49:14.991Z 	 info: AccountDataStore:init() Refresh accounts from environment variable AZURITE_ACCOUNTS with value undefined
2025-09-01T11:49:14.992Z 	 info: AccountDataStore:init() Fallback to default emulator account devstoreaccount1.
2025-09-01T11:49:15.039Z 	 info: AccountDataStore:init() Refresh accounts from environment variable AZURITE_ACCOUNTS with value undefined
2025-09-01T11:49:15.039Z 	 info: AccountDataStore:init() Fallback to default emulator account devstoreaccount1.
2025-09-01T11:49:15.086Z 	 info: QueueGCManager:markSweepLoop() Start new mark and sweep.
2025-09-01T11:49:15.086Z 	 info: QueueGCManger:markSweep() Get all extents.
2025-09-01T11:49:15.086Z 	 info: QueueGCManager:marksweep() Get 0 extents.
2025-09-01T11:49:15.086Z 	 info: QueueGCManager:markSweep() Get referred extents, then remove from allExtents.
2025-09-01T11:49:15.086Z 	 info: QueueGCManager:markSweep() Got referred extents, unreferenced extents count is 0.
2025-09-01T11:49:15.086Z 	 info: QueueGCManager:markSweepLoop() Mark and sweep finished, take 0ms.
2025-09-01T11:49:15.086Z 	 info: QueueGCManager:markSweepLoop() Sleep for 60000
2025-09-01T11:49:15.086Z 	 info: AccountDataStore:init() Refresh accounts from environment variable AZURITE_ACCOUNTS with value undefined
2025-09-01T11:49:15.086Z 	 info: AccountDataStore:init() Fallback to default emulator account devstoreaccount1.
2025-09-01T11:50:15.004Z 	 info: AccountDataStore:init() Refresh accounts from environment variable AZURITE_ACCOUNTS with value undefined
2025-09-01T11:50:15.004Z 	 info: AccountDataStore:init() Fallback to default emulator account devstoreaccount1.
2025-09-01T11:50:15.051Z 	 info: AccountDataStore:init() Refresh accounts from environment variable AZURITE_ACCOUNTS with value undefined
2025-09-01T11:50:15.051Z 	 info: AccountDataStore:init() Fallback to default emulator account devstoreaccount1.
2025-09-01T11:50:15.098Z 	 info: QueueGCManager:markSweepLoop() Start new mark and sweep.
2025-09-01T11:50:15.098Z 	 info: QueueGCManger:markSweep() Get all extents.
2025-09-01T11:50:15.098Z 	 info: QueueGCManager:marksweep() Get 0 extents.
2025-09-01T11:50:15.098Z 	 info: QueueGCManager:markSweep() Get referred extents, then remove from allExtents.
2025-09-01T11:50:15.098Z 	 info: QueueGCManager:markSweep() Got referred extents, unreferenced extents count is 0.
2025-09-01T11:50:15.098Z 	 info: QueueGCManager:markSweepLoop() Mark and sweep finished, take 0ms.
2025-09-01T11:50:15.098Z 	 info: QueueGCManager:markSweepLoop() Sleep for 60000
2025-09-01T11:50:15.098Z 	 info: AccountDataStore:init() Refresh accounts from environment variable AZURITE_ACCOUNTS with value undefined
2025-09-01T11:50:15.098Z 	 info: AccountDataStore:init() Fallback to default emulator account devstoreaccount1.
2025-09-01T11:51:15.007Z 	 info: AccountDataStore:init() Refresh accounts from environment variable AZURITE_ACCOUNTS with value undefined
2025-09-01T11:51:15.007Z 	 info: AccountDataStore:init() Fallback to default emulator account devstoreaccount1.
2025-09-01T11:51:15.053Z 	 info: AccountDataStore:init() Refresh accounts from environment variable AZURITE_ACCOUNTS with value undefined
2025-09-01T11:51:15.053Z 	 info: AccountDataStore:init() Fallback to default emulator account devstoreaccount1.
2025-09-01T11:51:15.099Z 	 info: QueueGCManager:markSweepLoop() Start new mark and sweep.
2025-09-01T11:51:15.099Z 	 info: QueueGCManger:markSweep() Get all extents.
2025-09-01T11:51:15.099Z 	 info: QueueGCManager:marksweep() Get 0 extents.
2025-09-01T11:51:15.099Z 	 info: QueueGCManager:markSweep() Get referred extents, then remove from allExtents.
2025-09-01T11:51:15.099Z 	 info: QueueGCManager:markSweep() Got referred extents, unreferenced extents count is 0.
2025-09-01T11:51:15.099Z 	 info: QueueGCManager:markSweepLoop() Mark and sweep finished, take 0ms.
2025-09-01T11:51:15.099Z 	 info: QueueGCManager:markSweepLoop() Sleep for 60000
2025-09-01T11:51:15.099Z 	 info: AccountDataStore:init() Refresh accounts from environment variable AZURITE_ACCOUNTS with value undefined
2025-09-01T11:51:15.099Z 	 info: AccountDataStore:init() Fallback to default emulator account devstoreaccount1.
2025-09-01T11:52:15.017Z 	 info: AccountDataStore:init() Refresh accounts from environment variable AZURITE_ACCOUNTS with value undefined
2025-09-01T11:52:15.017Z 	 info: AccountDataStore:init() Fallback to default emulator account devstoreaccount1.
2025-09-01T11:52:15.065Z 	 info: AccountDataStore:init() Refresh accounts from environment variable AZURITE_ACCOUNTS with value undefined
2025-09-01T11:52:15.065Z 	 info: AccountDataStore:init() Fallback to default emulator account devstoreaccount1.
2025-09-01T11:52:15.112Z 	 info: QueueGCManager:markSweepLoop() Start new mark and sweep.
2025-09-01T11:52:15.112Z 	 info: QueueGCManger:markSweep() Get all extents.
2025-09-01T11:52:15.112Z 	 info: QueueGCManager:marksweep() Get 0 extents.
2025-09-01T11:52:15.112Z 	 info: QueueGCManager:markSweep() Get referred extents, then remove from allExtents.
2025-09-01T11:52:15.112Z 	 info: QueueGCManager:markSweep() Got referred extents, unreferenced extents count is 0.
2025-09-01T11:52:15.112Z 	 info: QueueGCManager:markSweepLoop() Mark and sweep finished, take 0ms.
2025-09-01T11:52:15.112Z 	 info: QueueGCManager:markSweepLoop() Sleep for 60000
2025-09-01T11:52:15.112Z 	 info: AccountDataStore:init() Refresh accounts from environment variable AZURITE_ACCOUNTS with value undefined
2025-09-01T11:52:15.112Z 	 info: AccountDataStore:init() Fallback to default emulator account devstoreaccount1.
2025-09-01T11:53:15.032Z 	 info: AccountDataStore:init() Refresh accounts from environment variable AZURITE_ACCOUNTS with value undefined
2025-09-01T11:53:15.032Z 	 info: AccountDataStore:init() Fallback to default emulator account devstoreaccount1.
2025-09-01T11:53:15.078Z 	 info: AccountDataStore:init() Refresh accounts from environment variable AZURITE_ACCOUNTS with value undefined
2025-09-01T11:53:15.078Z 	 info: AccountDataStore:init() Fallback to default emulator account devstoreaccount1.
2025-09-01T11:53:15.124Z 	 info: QueueGCManager:markSweepLoop() Start new mark and sweep.
2025-09-01T11:53:15.124Z 	 info: QueueGCManger:markSweep() Get all extents.
2025-09-01T11:53:15.124Z 	 info: QueueGCManager:marksweep() Get 0 extents.
2025-09-01T11:53:15.124Z 	 info: QueueGCManager:markSweep() Get referred extents, then remove from allExtents.
2025-09-01T11:53:15.124Z 	 info: QueueGCManager:markSweep() Got referred extents, unreferenced extents count is 0.
2025-09-01T11:53:15.124Z 	 info: QueueGCManager:markSweepLoop() Mark and sweep finished, take 0ms.
2025-09-01T11:53:15.124Z 	 info: QueueGCManager:markSweepLoop() Sleep for 60000
2025-09-01T11:53:15.124Z 	 info: AccountDataStore:init() Refresh accounts from environment variable AZURITE_ACCOUNTS with value undefined
2025-09-01T11:53:15.124Z 	 info: AccountDataStore:init() Fallback to default emulator account devstoreaccount1.
2025-09-01T11:54:15.034Z 	 info: AccountDataStore:init() Refresh accounts from environment variable AZURITE_ACCOUNTS with value undefined
2025-09-01T11:54:15.034Z 	 info: AccountDataStore:init() Fallback to default emulator account devstoreaccount1.
2025-09-01T11:54:15.080Z 	 info: AccountDataStore:init() Refresh accounts from environment variable AZURITE_ACCOUNTS with value undefined
2025-09-01T11:54:15.080Z 	 info: AccountDataStore:init() Fallback to default emulator account devstoreaccount1.
2025-09-01T11:54:15.127Z 	 info: QueueGCManager:markSweepLoop() Start new mark and sweep.
2025-09-01T11:54:15.127Z 	 info: QueueGCManger:markSweep() Get all extents.
2025-09-01T11:54:15.127Z 	 info: QueueGCManager:marksweep() Get 0 extents.
2025-09-01T11:54:15.127Z 	 info: QueueGCManager:markSweep() Get referred extents, then remove from allExtents.
2025-09-01T11:54:15.127Z 	 info: QueueGCManager:markSweep() Got referred extents, unreferenced extents count is 0.
2025-09-01T11:54:15.127Z 	 info: QueueGCManager:markSweepLoop() Mark and sweep finished, take 0ms.
2025-09-01T11:54:15.127Z 	 info: QueueGCManager:markSweepLoop() Sleep for 60000
2025-09-01T11:54:15.127Z 	 info: AccountDataStore:init() Refresh accounts from environment variable AZURITE_ACCOUNTS with value undefined
2025-09-01T11:54:15.127Z 	 info: AccountDataStore:init() Fallback to default emulator account devstoreaccount1.
2025-09-01T11:55:15.036Z 	 info: AccountDataStore:init() Refresh accounts from environment variable AZURITE_ACCOUNTS with value undefined
2025-09-01T11:55:15.036Z 	 info: AccountDataStore:init() Fallback to default emulator account devstoreaccount1.
2025-09-01T11:55:15.082Z 	 info: AccountDataStore:init() Refresh accounts from environment variable AZURITE_ACCOUNTS with value undefined
2025-09-01T11:55:15.083Z 	 info: AccountDataStore:init() Fallback to default emulator account devstoreaccount1.
2025-09-01T11:55:15.128Z 	 info: QueueGCManager:markSweepLoop() Start new mark and sweep.
2025-09-01T11:55:15.129Z 	 info: QueueGCManger:markSweep() Get all extents.
2025-09-01T11:55:15.129Z 	 info: QueueGCManager:marksweep() Get 0 extents.
2025-09-01T11:55:15.129Z 	 info: QueueGCManager:markSweep() Get referred extents, then remove from allExtents.
2025-09-01T11:55:15.129Z 	 info: QueueGCManager:markSweep() Got referred extents, unreferenced extents count is 0.
2025-09-01T11:55:15.129Z 	 info: QueueGCManager:markSweepLoop() Mark and sweep finished, take 0ms.
2025-09-01T11:55:15.129Z 	 info: QueueGCManager:markSweepLoop() Sleep for 60000
2025-09-01T11:55:15.129Z 	 info: AccountDataStore:init() Refresh accounts from environment variable AZURITE_ACCOUNTS with value undefined
2025-09-01T11:55:15.129Z 	 info: AccountDataStore:init() Fallback to default emulator account devstoreaccount1.
2025-09-01T11:56:14.477Z 	 info: BlobGCManager:markSweepLoop() Start next mark and sweep.
2025-09-01T11:56:14.477Z 	 info: BlobGCManager:markSweep() Get all extents.
2025-09-01T11:56:14.477Z 	 info: BlobGCManager:markSweep() Got 1 extents.
2025-09-01T11:56:14.477Z 	 info: BlobGCManager:markSweep() Get referred extents.
2025-09-01T11:56:14.478Z 	 info: BlobGCManager:markSweep() Got referred extents, unreferenced extents count is 0.
2025-09-01T11:56:14.478Z 	 info: BlobGCManager:markSweepLoop() Mark and sweep finished, taken 1ms.
2025-09-01T11:56:14.478Z 	 info: BlobGCManager:markSweepLoop() Sleep for 600000ms.
2025-09-01T11:56:15.051Z 	 info: AccountDataStore:init() Refresh accounts from environment variable AZURITE_ACCOUNTS with value undefined
2025-09-01T11:56:15.052Z 	 info: AccountDataStore:init() Fallback to default emulator account devstoreaccount1.
2025-09-01T11:56:15.083Z 	 info: AccountDataStore:init() Refresh accounts from environment variable AZURITE_ACCOUNTS with value undefined
2025-09-01T11:56:15.083Z 	 info: AccountDataStore:init() Fallback to default emulator account devstoreaccount1.
2025-09-01T11:56:15.130Z 	 info: QueueGCManager:markSweepLoop() Start new mark and sweep.
2025-09-01T11:56:15.131Z 	 info: QueueGCManger:markSweep() Get all extents.
2025-09-01T11:56:15.131Z 	 info: QueueGCManager:marksweep() Get 0 extents.
2025-09-01T11:56:15.131Z 	 info: QueueGCManager:markSweep() Get referred extents, then remove from allExtents.
2025-09-01T11:56:15.131Z 	 info: QueueGCManager:markSweep() Got referred extents, unreferenced extents count is 0.
2025-09-01T11:56:15.131Z 	 info: QueueGCManager:markSweepLoop() Mark and sweep finished, take 0ms.
2025-09-01T11:56:15.131Z 	 info: QueueGCManager:markSweepLoop() Sleep for 60000
2025-09-01T11:56:15.131Z 	 info: AccountDataStore:init() Refresh accounts from environment variable AZURITE_ACCOUNTS with value undefined
2025-09-01T11:56:15.131Z 	 info: AccountDataStore:init() Fallback to default emulator account devstoreaccount1.
2025-09-01T11:57:15.064Z 	 info: AccountDataStore:init() Refresh accounts from environment variable AZURITE_ACCOUNTS with value undefined
2025-09-01T11:57:15.065Z 	 info: AccountDataStore:init() Fallback to default emulator account devstoreaccount1.
2025-09-01T11:57:15.095Z 	 info: AccountDataStore:init() Refresh accounts from environment variable AZURITE_ACCOUNTS with value undefined
2025-09-01T11:57:15.095Z 	 info: AccountDataStore:init() Fallback to default emulator account devstoreaccount1.
2025-09-01T11:57:15.142Z 	 info: QueueGCManager:markSweepLoop() Start new mark and sweep.
2025-09-01T11:57:15.142Z 	 info: QueueGCManger:markSweep() Get all extents.
2025-09-01T11:57:15.142Z 	 info: QueueGCManager:marksweep() Get 0 extents.
2025-09-01T11:57:15.143Z 	 info: QueueGCManager:markSweep() Get referred extents, then remove from allExtents.
2025-09-01T11:57:15.143Z 	 info: QueueGCManager:markSweep() Got referred extents, unreferenced extents count is 0.
2025-09-01T11:57:15.143Z 	 info: QueueGCManager:markSweepLoop() Mark and sweep finished, take 1ms.
2025-09-01T11:57:15.143Z 	 info: QueueGCManager:markSweepLoop() Sleep for 60000
2025-09-01T11:57:15.143Z 	 info: AccountDataStore:init() Refresh accounts from environment variable AZURITE_ACCOUNTS with value undefined
2025-09-01T11:57:15.143Z 	 info: AccountDataStore:init() Fallback to default emulator account devstoreaccount1.
2025-09-01T11:58:15.076Z 	 info: AccountDataStore:init() Refresh accounts from environment variable AZURITE_ACCOUNTS with value undefined
2025-09-01T11:58:15.076Z 	 info: AccountDataStore:init() Fallback to default emulator account devstoreaccount1.
2025-09-01T11:58:15.106Z 	 info: AccountDataStore:init() Refresh accounts from environment variable AZURITE_ACCOUNTS with value undefined
2025-09-01T11:58:15.106Z 	 info: AccountDataStore:init() Fallback to default emulator account devstoreaccount1.
2025-09-01T11:58:15.152Z 	 info: QueueGCManager:markSweepLoop() Start new mark and sweep.
2025-09-01T11:58:15.152Z 	 info: QueueGCManger:markSweep() Get all extents.
2025-09-01T11:58:15.152Z 	 info: QueueGCManager:marksweep() Get 0 extents.
2025-09-01T11:58:15.152Z 	 info: QueueGCManager:markSweep() Get referred extents, then remove from allExtents.
2025-09-01T11:58:15.152Z 	 info: QueueGCManager:markSweep() Got referred extents, unreferenced extents count is 0.
2025-09-01T11:58:15.152Z 	 info: QueueGCManager:markSweepLoop() Mark and sweep finished, take 0ms.
2025-09-01T11:58:15.152Z 	 info: QueueGCManager:markSweepLoop() Sleep for 60000
2025-09-01T11:58:15.152Z 	 info: AccountDataStore:init() Refresh accounts from environment variable AZURITE_ACCOUNTS with value undefined
2025-09-01T11:58:15.152Z 	 info: AccountDataStore:init() Fallback to default emulator account devstoreaccount1.
2025-09-01T11:59:15.080Z 	 info: AccountDataStore:init() Refresh accounts from environment variable AZURITE_ACCOUNTS with value undefined
2025-09-01T11:59:15.080Z 	 info: AccountDataStore:init() Fallback to default emulator account devstoreaccount1.
2025-09-01T11:59:15.112Z 	 info: AccountDataStore:init() Refresh accounts from environment variable AZURITE_ACCOUNTS with value undefined
2025-09-01T11:59:15.112Z 	 info: AccountDataStore:init() Fallback to default emulator account devstoreaccount1.
2025-09-01T11:59:15.159Z 	 info: QueueGCManager:markSweepLoop() Start new mark and sweep.
2025-09-01T11:59:15.160Z 	 info: QueueGCManger:markSweep() Get all extents.
2025-09-01T11:59:15.160Z 	 info: QueueGCManager:marksweep() Get 0 extents.
2025-09-01T11:59:15.160Z 	 info: QueueGCManager:markSweep() Get referred extents, then remove from allExtents.
2025-09-01T11:59:15.160Z 	 info: QueueGCManager:markSweep() Got referred extents, unreferenced extents count is 0.
2025-09-01T11:59:15.160Z 	 info: QueueGCManager:markSweepLoop() Mark and sweep finished, take 0ms.
2025-09-01T11:59:15.160Z 	 info: QueueGCManager:markSweepLoop() Sleep for 60000
2025-09-01T11:59:15.160Z 	 info: AccountDataStore:init() Refresh accounts from environment variable AZURITE_ACCOUNTS with value undefined
2025-09-01T11:59:15.160Z 	 info: AccountDataStore:init() Fallback to default emulator account devstoreaccount1.
2025-09-01T11:59:55.944Z 7c470f5d-55b4-4d22-94e7-fed3127d7d3d info: BlobStorageContextMiddleware: RequestMethod=GET RequestURL=http://127.0.0.1/devstoreaccount1/quality-docs/testing/ticket.pdf RequestHeaders:{"host":"127.0.0.1:10000","connection":"keep-alive","upgrade-insecure-requests":"1","user-agent":"Mozilla/5.0 (Windows NT 10.0; Win64; x64) AppleWebKit/537.36 (KHTML, like Gecko) Chrome/139.0.0.0 Safari/537.36","accept":"text/html,application/xhtml+xml,application/xml;q=0.9,image/avif,image/webp,image/apng,*/*;q=0.8,application/signed-exchange;v=b3;q=0.7","sec-fetch-site":"cross-site","sec-fetch-mode":"navigate","sec-fetch-user":"?1","sec-fetch-dest":"document","sec-ch-ua":"\"Not;A=Brand\";v=\"99\", \"Google Chrome\";v=\"139\", \"Chromium\";v=\"139\"","sec-ch-ua-mobile":"?0","sec-ch-ua-platform":"\"Windows\"","accept-encoding":"gzip, deflate, br, zstd","accept-language":"en-US,en;q=0.9","if-none-match":"\"0x1DDB73064AA6B20\"","if-modified-since":"Mon, 01 Sep 2025 11:05:47 GMT"} ClientIP=127.0.0.1 Protocol=http HTTPVersion=1.1
2025-09-01T11:59:55.944Z 7c470f5d-55b4-4d22-94e7-fed3127d7d3d info: BlobStorageContextMiddleware: Account=devstoreaccount1 Container=quality-docs Blob=testing/ticket.pdf
2025-09-01T11:59:55.944Z 7c470f5d-55b4-4d22-94e7-fed3127d7d3d verbose: DispatchMiddleware: Dispatching request...
2025-09-01T11:59:55.944Z 7c470f5d-55b4-4d22-94e7-fed3127d7d3d info: DispatchMiddleware: Operation=Blob_Download
2025-09-01T11:59:55.944Z 7c470f5d-55b4-4d22-94e7-fed3127d7d3d verbose: AuthenticationMiddlewareFactory:createAuthenticationMiddleware() Validating authentications.
2025-09-01T11:59:55.944Z 7c470f5d-55b4-4d22-94e7-fed3127d7d3d info: PublicAccessAuthenticator:validate() Start validation against public access.
2025-09-01T11:59:55.944Z 7c470f5d-55b4-4d22-94e7-fed3127d7d3d debug: PublicAccessAuthenticator:validate() Getting account properties...
2025-09-01T11:59:55.944Z 7c470f5d-55b4-4d22-94e7-fed3127d7d3d debug: PublicAccessAuthenticator:validate() Retrieved account name from context: devstoreaccount1, container: quality-docs, blob: testing/ticket.pdf
2025-09-01T11:59:55.944Z 7c470f5d-55b4-4d22-94e7-fed3127d7d3d debug: PublicAccessAuthenticator:validate() Public access type for container quality-docs is "container"
2025-09-01T11:59:55.944Z 7c470f5d-55b4-4d22-94e7-fed3127d7d3d debug: PublicAccessAuthenticator:validate() Operation Blob_Download is in container level public access list. Validation passed.
2025-09-01T11:59:55.944Z 7c470f5d-55b4-4d22-94e7-fed3127d7d3d verbose: DeserializerMiddleware: Start deserializing...
2025-09-01T11:59:55.945Z 7c470f5d-55b4-4d22-94e7-fed3127d7d3d info: HandlerMiddleware: DeserializedParameters={"options":{"leaseAccessConditions":{},"cpkInfo":{},"modifiedAccessConditions":{"ifModifiedSince":"2025-09-01T11:05:47.000Z","ifNoneMatch":"\"0x1DDB73064AA6B20\""}}}
2025-09-01T11:59:55.946Z 7c470f5d-55b4-4d22-94e7-fed3127d7d3d error: ErrorMiddleware: Received a MiddlewareError, fill error information to HTTP response
2025-09-01T11:59:55.946Z 7c470f5d-55b4-4d22-94e7-fed3127d7d3d error: ErrorMiddleware: ErrorName=StorageError ErrorMessage=The condition specified using HTTP conditional header(s) is not met.  ErrorHTTPStatusCode=304 ErrorHTTPStatusMessage=The condition specified using HTTP conditional header(s) is not met. ErrorHTTPHeaders={"x-ms-error-code":"ConditionNotMet","x-ms-request-id":"7c470f5d-55b4-4d22-94e7-fed3127d7d3d"} ErrorHTTPBody="<?xml version=\"1.0\" encoding=\"UTF-8\" standalone=\"yes\"?>\n<Error>\n  <Code>ConditionNotMet</Code>\n  <Message>The condition specified using HTTP conditional header(s) is not met.\nRequestId:7c470f5d-55b4-4d22-94e7-fed3127d7d3d\nTime:2025-09-01T11:59:55.945Z</Message>\n</Error>" ErrorStack="StorageError: The condition specified using HTTP conditional header(s) is not met.\n    at StorageErrorFactory.getNotModified (C:\\QR Portal\\node_modules\\azurite\\dist\\src\\blob\\errors\\StorageErrorFactory.js:214:16)\n    at ReadConditionalHeadersValidator.validate (C:\\QR Portal\\node_modules\\azurite\\dist\\src\\blob\\conditions\\ReadConditionalHeadersValidator.js:75:53)\n    at validateReadConditions (C:\\QR Portal\\node_modules\\azurite\\dist\\src\\blob\\conditions\\ReadConditionalHeadersValidator.js:10:43)\n    at LokiBlobMetadataStore.downloadBlob (C:\\QR Portal\\node_modules\\azurite\\dist\\src\\blob\\persistence\\LokiBlobMetadataStore.js:817:70)\n    at process.processTicksAndRejections (node:internal/process/task_queues:105:5)\n    at async BlobHandler.download (C:\\QR Portal\\node_modules\\azurite\\dist\\src\\blob\\handlers\\BlobHandler.js:43:22)"
2025-09-01T11:59:55.946Z 7c470f5d-55b4-4d22-94e7-fed3127d7d3d error: ErrorMiddleware: Set HTTP code: 304
2025-09-01T11:59:55.946Z 7c470f5d-55b4-4d22-94e7-fed3127d7d3d error: ErrorMiddleware: Set HTTP status message: The condition specified using HTTP conditional header(s) is not met.
2025-09-01T11:59:55.946Z 7c470f5d-55b4-4d22-94e7-fed3127d7d3d error: ErrorMiddleware: Set HTTP Header: x-ms-error-code=ConditionNotMet
2025-09-01T11:59:55.946Z 7c470f5d-55b4-4d22-94e7-fed3127d7d3d error: ErrorMiddleware: Set HTTP Header: x-ms-request-id=7c470f5d-55b4-4d22-94e7-fed3127d7d3d
2025-09-01T11:59:55.946Z 7c470f5d-55b4-4d22-94e7-fed3127d7d3d error: ErrorMiddleware: Set content type: application/xml
2025-09-01T11:59:55.946Z 7c470f5d-55b4-4d22-94e7-fed3127d7d3d error: ErrorMiddleware: Set HTTP body: "<?xml version=\"1.0\" encoding=\"UTF-8\" standalone=\"yes\"?>\n<Error>\n  <Code>ConditionNotMet</Code>\n  <Message>The condition specified using HTTP conditional header(s) is not met.\nRequestId:7c470f5d-55b4-4d22-94e7-fed3127d7d3d\nTime:2025-09-01T11:59:55.945Z</Message>\n</Error>"
2025-09-01T11:59:55.946Z 7c470f5d-55b4-4d22-94e7-fed3127d7d3d verbose: Send Blob telemetry: B_Blob_Download
2025-09-01T11:59:55.946Z 7c470f5d-55b4-4d22-94e7-fed3127d7d3d info: EndMiddleware: End response. TotalTimeInMS=2 StatusCode=304 StatusMessage=The condition specified using HTTP conditional header(s) is not met. Headers={"server":"Azurite-Blob/3.35.0","x-ms-error-code":"ConditionNotMet","x-ms-request-id":"7c470f5d-55b4-4d22-94e7-fed3127d7d3d","content-type":"application/xml"}
2025-09-01T11:59:56.091Z af681bab-5ca2-4411-9faa-8e3fa1e47d96 info: BlobStorageContextMiddleware: RequestMethod=GET RequestURL=http://127.0.0.1/favicon.ico RequestHeaders:{"host":"127.0.0.1:10000","connection":"keep-alive","sec-ch-ua-platform":"\"Windows\"","user-agent":"Mozilla/5.0 (Windows NT 10.0; Win64; x64) AppleWebKit/537.36 (KHTML, like Gecko) Chrome/139.0.0.0 Safari/537.36","sec-ch-ua":"\"Not;A=Brand\";v=\"99\", \"Google Chrome\";v=\"139\", \"Chromium\";v=\"139\"","sec-ch-ua-mobile":"?0","accept":"image/avif,image/webp,image/apng,image/svg+xml,image/*,*/*;q=0.8","sec-fetch-site":"same-origin","sec-fetch-mode":"no-cors","sec-fetch-dest":"image","referer":"http://127.0.0.1:10000/devstoreaccount1/quality-docs/testing/ticket.pdf","accept-encoding":"gzip, deflate, br, zstd","accept-language":"en-US,en;q=0.9"} ClientIP=127.0.0.1 Protocol=http HTTPVersion=1.1
2025-09-01T11:59:56.092Z af681bab-5ca2-4411-9faa-8e3fa1e47d96 info: BlobStorageContextMiddleware: Account=favicon.ico Container=undefined Blob=
2025-09-01T11:59:56.092Z af681bab-5ca2-4411-9faa-8e3fa1e47d96 verbose: DispatchMiddleware: Dispatching request...
2025-09-01T11:59:56.092Z af681bab-5ca2-4411-9faa-8e3fa1e47d96 error: DispatchMiddleware: Incoming URL doesn't match any of swagger defined request patterns.
2025-09-01T11:59:56.092Z af681bab-5ca2-4411-9faa-8e3fa1e47d96 error: ErrorMiddleware: Received a MiddlewareError, fill error information to HTTP response
2025-09-01T11:59:56.092Z af681bab-5ca2-4411-9faa-8e3fa1e47d96 error: ErrorMiddleware: ErrorName=UnsupportedRequestError ErrorMessage=Incoming URL doesn't match any of swagger defined request patterns.  ErrorHTTPStatusCode=400 ErrorHTTPStatusMessage=undefined ErrorHTTPHeaders=undefined ErrorHTTPBody=undefined ErrorStack="UnsupportedRequestError: Incoming URL doesn't match any of swagger defined request patterns.\n    at dispatchMiddleware (C:\\QR Portal\\node_modules\\azurite\\dist\\src\\blob\\generated\\middleware\\dispatch.middleware.js:41:30)\n    at C:\\QR Portal\\node_modules\\azurite\\dist\\src\\blob\\generated\\ExpressMiddlewareFactory.js:50:47\n    at Layer.handle [as handle_request] (C:\\QR Portal\\node_modules\\azurite\\node_modules\\express\\lib\\router\\layer.js:95:5)\n    at trim_prefix (C:\\QR Portal\\node_modules\\azurite\\node_modules\\express\\lib\\router\\index.js:328:13)\n    at C:\\QR Portal\\node_modules\\azurite\\node_modules\\express\\lib\\router\\index.js:286:9\n    at Function.process_params (C:\\QR Portal\\node_modules\\azurite\\node_modules\\express\\lib\\router\\index.js:346:12)\n    at next (C:\\QR Portal\\node_modules\\azurite\\node_modules\\express\\lib\\router\\index.js:280:10)\n    at blobStorageContextMiddleware (C:\\QR Portal\\node_modules\\azurite\\dist\\src\\blob\\middlewares\\blobStorageContext.middleware.js:137:5)\n    at C:\\QR Portal\\node_modules\\azurite\\dist\\src\\blob\\middlewares\\blobStorageContext.middleware.js:15:16\n    at Layer.handle [as handle_request] (C:\\QR Portal\\node_modules\\azurite\\node_modules\\express\\lib\\router\\layer.js:95:5)"
2025-09-01T11:59:56.092Z af681bab-5ca2-4411-9faa-8e3fa1e47d96 error: ErrorMiddleware: Set HTTP code: 400
2025-09-01T11:59:56.092Z af681bab-5ca2-4411-9faa-8e3fa1e47d96 error: ErrorMiddleware: Set HTTP body: undefined
2025-09-01T11:59:56.092Z af681bab-5ca2-4411-9faa-8e3fa1e47d96 verbose: Send Blob telemetry: B_Service_SetProperties
2025-09-01T11:59:56.092Z af681bab-5ca2-4411-9faa-8e3fa1e47d96 info: EndMiddleware: End response. TotalTimeInMS=1 StatusCode=400 StatusMessage=undefined Headers={"server":"Azurite-Blob/3.35.0"}
2025-09-01T12:00:00.061Z 79270262-879d-42d8-b0cf-645789a1380d info: BlobStorageContextMiddleware: RequestMethod=GET RequestURL=http://127.0.0.1/devstoreaccount1/quality-docs/testing/ticket.pdf RequestHeaders:{"host":"127.0.0.1:10000","connection":"keep-alive","upgrade-insecure-requests":"1","user-agent":"Mozilla/5.0 (Windows NT 10.0; Win64; x64) AppleWebKit/537.36 (KHTML, like Gecko) Chrome/139.0.0.0 Safari/537.36","accept":"text/html,application/xhtml+xml,application/xml;q=0.9,image/avif,image/webp,image/apng,*/*;q=0.8,application/signed-exchange;v=b3;q=0.7","sec-fetch-site":"none","sec-fetch-mode":"navigate","sec-fetch-user":"?1","sec-fetch-dest":"document","sec-ch-ua":"\"Not;A=Brand\";v=\"99\", \"Google Chrome\";v=\"139\", \"Chromium\";v=\"139\"","sec-ch-ua-mobile":"?0","sec-ch-ua-platform":"\"Windows\"","accept-encoding":"gzip, deflate, br, zstd","accept-language":"en-US,en;q=0.9"} ClientIP=127.0.0.1 Protocol=http HTTPVersion=1.1
2025-09-01T12:00:00.061Z 79270262-879d-42d8-b0cf-645789a1380d info: BlobStorageContextMiddleware: Account=devstoreaccount1 Container=quality-docs Blob=testing/ticket.pdf
2025-09-01T12:00:00.062Z 79270262-879d-42d8-b0cf-645789a1380d verbose: DispatchMiddleware: Dispatching request...
2025-09-01T12:00:00.062Z 79270262-879d-42d8-b0cf-645789a1380d info: DispatchMiddleware: Operation=Blob_Download
2025-09-01T12:00:00.062Z 79270262-879d-42d8-b0cf-645789a1380d verbose: AuthenticationMiddlewareFactory:createAuthenticationMiddleware() Validating authentications.
2025-09-01T12:00:00.062Z 79270262-879d-42d8-b0cf-645789a1380d info: PublicAccessAuthenticator:validate() Start validation against public access.
2025-09-01T12:00:00.062Z 79270262-879d-42d8-b0cf-645789a1380d debug: PublicAccessAuthenticator:validate() Getting account properties...
2025-09-01T12:00:00.062Z 79270262-879d-42d8-b0cf-645789a1380d debug: PublicAccessAuthenticator:validate() Retrieved account name from context: devstoreaccount1, container: quality-docs, blob: testing/ticket.pdf
2025-09-01T12:00:00.062Z 79270262-879d-42d8-b0cf-645789a1380d debug: PublicAccessAuthenticator:validate() Public access type for container quality-docs is "container"
2025-09-01T12:00:00.062Z 79270262-879d-42d8-b0cf-645789a1380d debug: PublicAccessAuthenticator:validate() Operation Blob_Download is in container level public access list. Validation passed.
2025-09-01T12:00:00.062Z 79270262-879d-42d8-b0cf-645789a1380d verbose: DeserializerMiddleware: Start deserializing...
2025-09-01T12:00:00.062Z 79270262-879d-42d8-b0cf-645789a1380d info: HandlerMiddleware: DeserializedParameters={"options":{"leaseAccessConditions":{},"cpkInfo":{},"modifiedAccessConditions":{}}}
2025-09-01T12:00:00.062Z 79270262-879d-42d8-b0cf-645789a1380d info: BlobHandler:downloadBlockBlobOrAppendBlob() NormalizedDownloadRange=bytes=0-199220 RequiredContentLength=199221
2025-09-01T12:00:00.062Z 79270262-879d-42d8-b0cf-645789a1380d debug: OperationQueue.operate() Schedule incoming job 906df994-a06b-4b45-b118-d48b4a90fc46
2025-09-01T12:00:00.062Z 79270262-879d-42d8-b0cf-645789a1380d debug: OperationQueue:execute() Current runningConcurrency:0 maxConcurrency:100 operations.length:1
2025-09-01T12:00:00.062Z 79270262-879d-42d8-b0cf-645789a1380d verbose: FSExtentStore:readExtent() Creating read stream. LocationId:Default extentId:4e550bc3-1e62-43e4-9d3d-6ba2361db643 path:azurite\__blobstorage__\4e550bc3-1e62-43e4-9d3d-6ba2361db643 offset:14274270 count:199221 end:14473490
2025-09-01T12:00:00.062Z 79270262-879d-42d8-b0cf-645789a1380d debug: OperationQueue.operate() Job 906df994-a06b-4b45-b118-d48b4a90fc46 completes callback, resolve.
2025-09-01T12:00:00.063Z 79270262-879d-42d8-b0cf-645789a1380d verbose: SerializerMiddleware: Start serializing...
2025-09-01T12:00:00.063Z 79270262-879d-42d8-b0cf-645789a1380d info: Serializer: Start returning stream body.
2025-09-01T12:00:00.063Z 79270262-879d-42d8-b0cf-645789a1380d debug: OperationQueue:execute() Current runningConcurrency:0 maxConcurrency:100 operations.length:0
2025-09-01T12:00:00.063Z 79270262-879d-42d8-b0cf-645789a1380d debug: OperationQueue:execute() return. Operation.length === 0
2025-09-01T12:00:00.065Z 79270262-879d-42d8-b0cf-645789a1380d verbose: Send Blob telemetry: B_Blob_Download
2025-09-01T12:00:00.065Z 79270262-879d-42d8-b0cf-645789a1380d info: EndMiddleware: End response. TotalTimeInMS=4 StatusCode=200 StatusMessage=OK Headers={"server":"Azurite-Blob/3.35.0","last-modified":"Mon, 01 Sep 2025 11:05:47 GMT","x-ms-creation-time":"Mon, 01 Sep 2025 11:05:47 GMT","content-length":"199221","content-type":"application/pdf","etag":"\"0x1DDB73064AA6B20\"","content-md5":"aiwW2KQTKd9XZKBWuYb6xw==","x-ms-blob-type":"BlockBlob","x-ms-lease-state":"available","x-ms-lease-status":"unlocked","x-ms-request-id":"79270262-879d-42d8-b0cf-645789a1380d","x-ms-version":"2025-11-05","accept-ranges":"bytes","date":"Mon, 01 Sep 2025 12:00:00 GMT","x-ms-server-encrypted":"true","x-ms-blob-content-md5":"aiwW2KQTKd9XZKBWuYb6xw=="}
2025-09-01T12:00:00.065Z 79270262-879d-42d8-b0cf-645789a1380d verbose: FSExtentStore:readExtent() Read stream closed. LocationId:Default extentId:4e550bc3-1e62-43e4-9d3d-6ba2361db643 path:azurite\__blobstorage__\4e550bc3-1e62-43e4-9d3d-6ba2361db643 offset:14274270 count:199221 end:14473490
2025-09-01T12:00:00.223Z edac4b1b-4462-46c1-81d4-0881fc1f5c24 info: BlobStorageContextMiddleware: RequestMethod=GET RequestURL=http://127.0.0.1/favicon.ico RequestHeaders:{"host":"127.0.0.1:10000","connection":"keep-alive","sec-ch-ua-platform":"\"Windows\"","user-agent":"Mozilla/5.0 (Windows NT 10.0; Win64; x64) AppleWebKit/537.36 (KHTML, like Gecko) Chrome/139.0.0.0 Safari/537.36","sec-ch-ua":"\"Not;A=Brand\";v=\"99\", \"Google Chrome\";v=\"139\", \"Chromium\";v=\"139\"","sec-ch-ua-mobile":"?0","accept":"image/avif,image/webp,image/apng,image/svg+xml,image/*,*/*;q=0.8","sec-fetch-site":"same-origin","sec-fetch-mode":"no-cors","sec-fetch-dest":"image","referer":"http://127.0.0.1:10000/devstoreaccount1/quality-docs/testing/ticket.pdf","accept-encoding":"gzip, deflate, br, zstd","accept-language":"en-US,en;q=0.9"} ClientIP=127.0.0.1 Protocol=http HTTPVersion=1.1
2025-09-01T12:00:00.223Z edac4b1b-4462-46c1-81d4-0881fc1f5c24 info: BlobStorageContextMiddleware: Account=favicon.ico Container=undefined Blob=
2025-09-01T12:00:00.223Z edac4b1b-4462-46c1-81d4-0881fc1f5c24 verbose: DispatchMiddleware: Dispatching request...
2025-09-01T12:00:00.224Z edac4b1b-4462-46c1-81d4-0881fc1f5c24 error: DispatchMiddleware: Incoming URL doesn't match any of swagger defined request patterns.
2025-09-01T12:00:00.224Z edac4b1b-4462-46c1-81d4-0881fc1f5c24 error: ErrorMiddleware: Received a MiddlewareError, fill error information to HTTP response
2025-09-01T12:00:00.224Z edac4b1b-4462-46c1-81d4-0881fc1f5c24 error: ErrorMiddleware: ErrorName=UnsupportedRequestError ErrorMessage=Incoming URL doesn't match any of swagger defined request patterns.  ErrorHTTPStatusCode=400 ErrorHTTPStatusMessage=undefined ErrorHTTPHeaders=undefined ErrorHTTPBody=undefined ErrorStack="UnsupportedRequestError: Incoming URL doesn't match any of swagger defined request patterns.\n    at dispatchMiddleware (C:\\QR Portal\\node_modules\\azurite\\dist\\src\\blob\\generated\\middleware\\dispatch.middleware.js:41:30)\n    at C:\\QR Portal\\node_modules\\azurite\\dist\\src\\blob\\generated\\ExpressMiddlewareFactory.js:50:47\n    at Layer.handle [as handle_request] (C:\\QR Portal\\node_modules\\azurite\\node_modules\\express\\lib\\router\\layer.js:95:5)\n    at trim_prefix (C:\\QR Portal\\node_modules\\azurite\\node_modules\\express\\lib\\router\\index.js:328:13)\n    at C:\\QR Portal\\node_modules\\azurite\\node_modules\\express\\lib\\router\\index.js:286:9\n    at Function.process_params (C:\\QR Portal\\node_modules\\azurite\\node_modules\\express\\lib\\router\\index.js:346:12)\n    at next (C:\\QR Portal\\node_modules\\azurite\\node_modules\\express\\lib\\router\\index.js:280:10)\n    at blobStorageContextMiddleware (C:\\QR Portal\\node_modules\\azurite\\dist\\src\\blob\\middlewares\\blobStorageContext.middleware.js:137:5)\n    at C:\\QR Portal\\node_modules\\azurite\\dist\\src\\blob\\middlewares\\blobStorageContext.middleware.js:15:16\n    at Layer.handle [as handle_request] (C:\\QR Portal\\node_modules\\azurite\\node_modules\\express\\lib\\router\\layer.js:95:5)"
2025-09-01T12:00:00.224Z edac4b1b-4462-46c1-81d4-0881fc1f5c24 error: ErrorMiddleware: Set HTTP code: 400
2025-09-01T12:00:00.224Z edac4b1b-4462-46c1-81d4-0881fc1f5c24 error: ErrorMiddleware: Set HTTP body: undefined
2025-09-01T12:00:00.224Z edac4b1b-4462-46c1-81d4-0881fc1f5c24 verbose: Send Blob telemetry: B_Service_SetProperties
2025-09-01T12:00:00.224Z edac4b1b-4462-46c1-81d4-0881fc1f5c24 info: EndMiddleware: End response. TotalTimeInMS=1 StatusCode=400 StatusMessage=undefined Headers={"server":"Azurite-Blob/3.35.0"}
2025-09-01T12:00:15.086Z 	 info: AccountDataStore:init() Refresh accounts from environment variable AZURITE_ACCOUNTS with value undefined
2025-09-01T12:00:15.086Z 	 info: AccountDataStore:init() Fallback to default emulator account devstoreaccount1.
2025-09-01T12:00:15.117Z 	 info: AccountDataStore:init() Refresh accounts from environment variable AZURITE_ACCOUNTS with value undefined
2025-09-01T12:00:15.117Z 	 info: AccountDataStore:init() Fallback to default emulator account devstoreaccount1.
2025-09-01T12:00:15.164Z 	 info: QueueGCManager:markSweepLoop() Start new mark and sweep.
2025-09-01T12:00:15.165Z 	 info: QueueGCManger:markSweep() Get all extents.
2025-09-01T12:00:15.165Z 	 info: QueueGCManager:marksweep() Get 0 extents.
2025-09-01T12:00:15.165Z 	 info: QueueGCManager:markSweep() Get referred extents, then remove from allExtents.
2025-09-01T12:00:15.165Z 	 info: QueueGCManager:markSweep() Got referred extents, unreferenced extents count is 0.
2025-09-01T12:00:15.165Z 	 info: QueueGCManager:markSweepLoop() Mark and sweep finished, take 0ms.
2025-09-01T12:00:15.165Z 	 info: QueueGCManager:markSweepLoop() Sleep for 60000
2025-09-01T12:00:15.165Z 	 info: AccountDataStore:init() Refresh accounts from environment variable AZURITE_ACCOUNTS with value undefined
2025-09-01T12:00:15.165Z 	 info: AccountDataStore:init() Fallback to default emulator account devstoreaccount1.
2025-09-01T12:01:15.101Z 	 info: AccountDataStore:init() Refresh accounts from environment variable AZURITE_ACCOUNTS with value undefined
2025-09-01T12:01:15.101Z 	 info: AccountDataStore:init() Fallback to default emulator account devstoreaccount1.
2025-09-01T12:01:15.131Z 	 info: AccountDataStore:init() Refresh accounts from environment variable AZURITE_ACCOUNTS with value undefined
2025-09-01T12:01:15.131Z 	 info: AccountDataStore:init() Fallback to default emulator account devstoreaccount1.
2025-09-01T12:01:15.178Z 	 info: QueueGCManager:markSweepLoop() Start new mark and sweep.
2025-09-01T12:01:15.178Z 	 info: QueueGCManger:markSweep() Get all extents.
2025-09-01T12:01:15.178Z 	 info: QueueGCManager:marksweep() Get 0 extents.
2025-09-01T12:01:15.178Z 	 info: QueueGCManager:markSweep() Get referred extents, then remove from allExtents.
2025-09-01T12:01:15.178Z 	 info: QueueGCManager:markSweep() Got referred extents, unreferenced extents count is 0.
2025-09-01T12:01:15.178Z 	 info: QueueGCManager:markSweepLoop() Mark and sweep finished, take 0ms.
2025-09-01T12:01:15.178Z 	 info: QueueGCManager:markSweepLoop() Sleep for 60000
2025-09-01T12:01:15.178Z 	 info: AccountDataStore:init() Refresh accounts from environment variable AZURITE_ACCOUNTS with value undefined
2025-09-01T12:01:15.178Z 	 info: AccountDataStore:init() Fallback to default emulator account devstoreaccount1.
2025-09-01T12:02:15.104Z 	 info: AccountDataStore:init() Refresh accounts from environment variable AZURITE_ACCOUNTS with value undefined
2025-09-01T12:02:15.104Z 	 info: AccountDataStore:init() Fallback to default emulator account devstoreaccount1.
2025-09-01T12:02:15.135Z 	 info: AccountDataStore:init() Refresh accounts from environment variable AZURITE_ACCOUNTS with value undefined
2025-09-01T12:02:15.135Z 	 info: AccountDataStore:init() Fallback to default emulator account devstoreaccount1.
2025-09-01T12:02:15.181Z 	 info: QueueGCManager:markSweepLoop() Start new mark and sweep.
2025-09-01T12:02:15.182Z 	 info: QueueGCManger:markSweep() Get all extents.
2025-09-01T12:02:15.182Z 	 info: QueueGCManager:marksweep() Get 0 extents.
2025-09-01T12:02:15.182Z 	 info: QueueGCManager:markSweep() Get referred extents, then remove from allExtents.
2025-09-01T12:02:15.182Z 	 info: QueueGCManager:markSweep() Got referred extents, unreferenced extents count is 0.
2025-09-01T12:02:15.182Z 	 info: QueueGCManager:markSweepLoop() Mark and sweep finished, take 0ms.
2025-09-01T12:02:15.182Z 	 info: QueueGCManager:markSweepLoop() Sleep for 60000
2025-09-01T12:02:15.182Z 	 info: AccountDataStore:init() Refresh accounts from environment variable AZURITE_ACCOUNTS with value undefined
2025-09-01T12:02:15.182Z 	 info: AccountDataStore:init() Fallback to default emulator account devstoreaccount1.
2025-09-01T12:03:15.117Z 	 info: AccountDataStore:init() Refresh accounts from environment variable AZURITE_ACCOUNTS with value undefined
2025-09-01T12:03:15.117Z 	 info: AccountDataStore:init() Fallback to default emulator account devstoreaccount1.
2025-09-01T12:03:15.148Z 	 info: AccountDataStore:init() Refresh accounts from environment variable AZURITE_ACCOUNTS with value undefined
2025-09-01T12:03:15.148Z 	 info: AccountDataStore:init() Fallback to default emulator account devstoreaccount1.
2025-09-01T12:03:15.194Z 	 info: QueueGCManager:markSweepLoop() Start new mark and sweep.
2025-09-01T12:03:15.194Z 	 info: QueueGCManger:markSweep() Get all extents.
2025-09-01T12:03:15.194Z 	 info: QueueGCManager:marksweep() Get 0 extents.
2025-09-01T12:03:15.194Z 	 info: QueueGCManager:markSweep() Get referred extents, then remove from allExtents.
2025-09-01T12:03:15.195Z 	 info: QueueGCManager:markSweep() Got referred extents, unreferenced extents count is 0.
2025-09-01T12:03:15.195Z 	 info: QueueGCManager:markSweepLoop() Mark and sweep finished, take 1ms.
2025-09-01T12:03:15.195Z 	 info: QueueGCManager:markSweepLoop() Sleep for 60000
2025-09-01T12:03:15.195Z 	 info: AccountDataStore:init() Refresh accounts from environment variable AZURITE_ACCOUNTS with value undefined
2025-09-01T12:03:15.195Z 	 info: AccountDataStore:init() Fallback to default emulator account devstoreaccount1.
2025-09-01T12:04:15.121Z 	 info: AccountDataStore:init() Refresh accounts from environment variable AZURITE_ACCOUNTS with value undefined
2025-09-01T12:04:15.121Z 	 info: AccountDataStore:init() Fallback to default emulator account devstoreaccount1.
2025-09-01T12:04:15.153Z 	 info: AccountDataStore:init() Refresh accounts from environment variable AZURITE_ACCOUNTS with value undefined
2025-09-01T12:04:15.153Z 	 info: AccountDataStore:init() Fallback to default emulator account devstoreaccount1.
2025-09-01T12:04:15.198Z 	 info: QueueGCManager:markSweepLoop() Start new mark and sweep.
2025-09-01T12:04:15.198Z 	 info: QueueGCManger:markSweep() Get all extents.
2025-09-01T12:04:15.198Z 	 info: QueueGCManager:marksweep() Get 0 extents.
2025-09-01T12:04:15.199Z 	 info: QueueGCManager:markSweep() Get referred extents, then remove from allExtents.
2025-09-01T12:04:15.199Z 	 info: QueueGCManager:markSweep() Got referred extents, unreferenced extents count is 0.
2025-09-01T12:04:15.199Z 	 info: QueueGCManager:markSweepLoop() Mark and sweep finished, take 1ms.
2025-09-01T12:04:15.199Z 	 info: QueueGCManager:markSweepLoop() Sleep for 60000
2025-09-01T12:04:15.199Z 	 info: AccountDataStore:init() Refresh accounts from environment variable AZURITE_ACCOUNTS with value undefined
2025-09-01T12:04:15.199Z 	 info: AccountDataStore:init() Fallback to default emulator account devstoreaccount1.
2025-09-01T12:05:15.122Z 	 info: AccountDataStore:init() Refresh accounts from environment variable AZURITE_ACCOUNTS with value undefined
2025-09-01T12:05:15.123Z 	 info: AccountDataStore:init() Fallback to default emulator account devstoreaccount1.
2025-09-01T12:05:15.153Z 	 info: AccountDataStore:init() Refresh accounts from environment variable AZURITE_ACCOUNTS with value undefined
2025-09-01T12:05:15.153Z 	 info: AccountDataStore:init() Fallback to default emulator account devstoreaccount1.
2025-09-01T12:05:15.200Z 	 info: QueueGCManager:markSweepLoop() Start new mark and sweep.
2025-09-01T12:05:15.200Z 	 info: QueueGCManger:markSweep() Get all extents.
2025-09-01T12:05:15.200Z 	 info: QueueGCManager:marksweep() Get 0 extents.
2025-09-01T12:05:15.200Z 	 info: QueueGCManager:markSweep() Get referred extents, then remove from allExtents.
2025-09-01T12:05:15.200Z 	 info: QueueGCManager:markSweep() Got referred extents, unreferenced extents count is 0.
2025-09-01T12:05:15.200Z 	 info: QueueGCManager:markSweepLoop() Mark and sweep finished, take 0ms.
2025-09-01T12:05:15.200Z 	 info: QueueGCManager:markSweepLoop() Sleep for 60000
2025-09-01T12:05:15.200Z 	 info: AccountDataStore:init() Refresh accounts from environment variable AZURITE_ACCOUNTS with value undefined
2025-09-01T12:05:15.200Z 	 info: AccountDataStore:init() Fallback to default emulator account devstoreaccount1.
2025-09-01T12:06:14.489Z 	 info: BlobGCManager:markSweepLoop() Start next mark and sweep.
2025-09-01T12:06:14.489Z 	 info: BlobGCManager:markSweep() Get all extents.
2025-09-01T12:06:14.489Z 	 info: BlobGCManager:markSweep() Got 1 extents.
2025-09-01T12:06:14.489Z 	 info: BlobGCManager:markSweep() Get referred extents.
2025-09-01T12:06:14.489Z 	 info: BlobGCManager:markSweep() Got referred extents, unreferenced extents count is 0.
2025-09-01T12:06:14.489Z 	 info: BlobGCManager:markSweepLoop() Mark and sweep finished, taken 0ms.
2025-09-01T12:06:14.489Z 	 info: BlobGCManager:markSweepLoop() Sleep for 600000ms.
2025-09-01T12:06:15.126Z 	 info: AccountDataStore:init() Refresh accounts from environment variable AZURITE_ACCOUNTS with value undefined
2025-09-01T12:06:15.127Z 	 info: AccountDataStore:init() Fallback to default emulator account devstoreaccount1.
2025-09-01T12:06:15.158Z 	 info: AccountDataStore:init() Refresh accounts from environment variable AZURITE_ACCOUNTS with value undefined
2025-09-01T12:06:15.158Z 	 info: AccountDataStore:init() Fallback to default emulator account devstoreaccount1.
2025-09-01T12:06:15.204Z 	 info: QueueGCManager:markSweepLoop() Start new mark and sweep.
2025-09-01T12:06:15.204Z 	 info: QueueGCManger:markSweep() Get all extents.
2025-09-01T12:06:15.204Z 	 info: QueueGCManager:marksweep() Get 0 extents.
2025-09-01T12:06:15.204Z 	 info: QueueGCManager:markSweep() Get referred extents, then remove from allExtents.
2025-09-01T12:06:15.204Z 	 info: QueueGCManager:markSweep() Got referred extents, unreferenced extents count is 0.
2025-09-01T12:06:15.204Z 	 info: QueueGCManager:markSweepLoop() Mark and sweep finished, take 0ms.
2025-09-01T12:06:15.204Z 	 info: QueueGCManager:markSweepLoop() Sleep for 60000
2025-09-01T12:06:15.204Z 	 info: AccountDataStore:init() Refresh accounts from environment variable AZURITE_ACCOUNTS with value undefined
2025-09-01T12:06:15.204Z 	 info: AccountDataStore:init() Fallback to default emulator account devstoreaccount1.
2025-09-01T12:07:15.130Z 	 info: AccountDataStore:init() Refresh accounts from environment variable AZURITE_ACCOUNTS with value undefined
2025-09-01T12:07:15.131Z 	 info: AccountDataStore:init() Fallback to default emulator account devstoreaccount1.
2025-09-01T12:07:15.161Z 	 info: AccountDataStore:init() Refresh accounts from environment variable AZURITE_ACCOUNTS with value undefined
2025-09-01T12:07:15.161Z 	 info: AccountDataStore:init() Fallback to default emulator account devstoreaccount1.
2025-09-01T12:07:15.207Z 	 info: QueueGCManager:markSweepLoop() Start new mark and sweep.
2025-09-01T12:07:15.207Z 	 info: QueueGCManger:markSweep() Get all extents.
2025-09-01T12:07:15.207Z 	 info: QueueGCManager:marksweep() Get 0 extents.
2025-09-01T12:07:15.207Z 	 info: QueueGCManager:markSweep() Get referred extents, then remove from allExtents.
2025-09-01T12:07:15.207Z 	 info: QueueGCManager:markSweep() Got referred extents, unreferenced extents count is 0.
2025-09-01T12:07:15.207Z 	 info: QueueGCManager:markSweepLoop() Mark and sweep finished, take 0ms.
2025-09-01T12:07:15.207Z 	 info: QueueGCManager:markSweepLoop() Sleep for 60000
2025-09-01T12:07:15.207Z 	 info: AccountDataStore:init() Refresh accounts from environment variable AZURITE_ACCOUNTS with value undefined
2025-09-01T12:07:15.207Z 	 info: AccountDataStore:init() Fallback to default emulator account devstoreaccount1.
2025-09-01T12:08:15.138Z 	 info: AccountDataStore:init() Refresh accounts from environment variable AZURITE_ACCOUNTS with value undefined
2025-09-01T12:08:15.138Z 	 info: AccountDataStore:init() Fallback to default emulator account devstoreaccount1.
2025-09-01T12:08:15.169Z 	 info: AccountDataStore:init() Refresh accounts from environment variable AZURITE_ACCOUNTS with value undefined
2025-09-01T12:08:15.169Z 	 info: AccountDataStore:init() Fallback to default emulator account devstoreaccount1.
2025-09-01T12:08:15.216Z 	 info: QueueGCManager:markSweepLoop() Start new mark and sweep.
2025-09-01T12:08:15.216Z 	 info: QueueGCManger:markSweep() Get all extents.
2025-09-01T12:08:15.216Z 	 info: QueueGCManager:marksweep() Get 0 extents.
2025-09-01T12:08:15.216Z 	 info: QueueGCManager:markSweep() Get referred extents, then remove from allExtents.
2025-09-01T12:08:15.216Z 	 info: QueueGCManager:markSweep() Got referred extents, unreferenced extents count is 0.
2025-09-01T12:08:15.216Z 	 info: QueueGCManager:markSweepLoop() Mark and sweep finished, take 0ms.
2025-09-01T12:08:15.216Z 	 info: QueueGCManager:markSweepLoop() Sleep for 60000
2025-09-01T12:08:15.216Z 	 info: AccountDataStore:init() Refresh accounts from environment variable AZURITE_ACCOUNTS with value undefined
2025-09-01T12:08:15.217Z 	 info: AccountDataStore:init() Fallback to default emulator account devstoreaccount1.
2025-09-01T12:09:15.147Z 	 info: AccountDataStore:init() Refresh accounts from environment variable AZURITE_ACCOUNTS with value undefined
2025-09-01T12:09:15.147Z 	 info: AccountDataStore:init() Fallback to default emulator account devstoreaccount1.
2025-09-01T12:09:15.177Z 	 info: AccountDataStore:init() Refresh accounts from environment variable AZURITE_ACCOUNTS with value undefined
2025-09-01T12:09:15.177Z 	 info: AccountDataStore:init() Fallback to default emulator account devstoreaccount1.
2025-09-01T12:09:15.224Z 	 info: QueueGCManager:markSweepLoop() Start new mark and sweep.
2025-09-01T12:09:15.224Z 	 info: QueueGCManger:markSweep() Get all extents.
2025-09-01T12:09:15.224Z 	 info: QueueGCManager:marksweep() Get 0 extents.
2025-09-01T12:09:15.224Z 	 info: QueueGCManager:markSweep() Get referred extents, then remove from allExtents.
2025-09-01T12:09:15.224Z 	 info: QueueGCManager:markSweep() Got referred extents, unreferenced extents count is 0.
2025-09-01T12:09:15.224Z 	 info: QueueGCManager:markSweepLoop() Mark and sweep finished, take 0ms.
2025-09-01T12:09:15.224Z 	 info: QueueGCManager:markSweepLoop() Sleep for 60000
2025-09-01T12:09:15.224Z 	 info: AccountDataStore:init() Refresh accounts from environment variable AZURITE_ACCOUNTS with value undefined
2025-09-01T12:09:15.224Z 	 info: AccountDataStore:init() Fallback to default emulator account devstoreaccount1.
2025-09-01T12:10:15.159Z 	 info: AccountDataStore:init() Refresh accounts from environment variable AZURITE_ACCOUNTS with value undefined
2025-09-01T12:10:15.159Z 	 info: AccountDataStore:init() Fallback to default emulator account devstoreaccount1.
2025-09-01T12:10:15.189Z 	 info: AccountDataStore:init() Refresh accounts from environment variable AZURITE_ACCOUNTS with value undefined
2025-09-01T12:10:15.190Z 	 info: AccountDataStore:init() Fallback to default emulator account devstoreaccount1.
2025-09-01T12:10:15.236Z 	 info: QueueGCManager:markSweepLoop() Start new mark and sweep.
2025-09-01T12:10:15.236Z 	 info: QueueGCManger:markSweep() Get all extents.
2025-09-01T12:10:15.237Z 	 info: QueueGCManager:marksweep() Get 0 extents.
2025-09-01T12:10:15.237Z 	 info: QueueGCManager:markSweep() Get referred extents, then remove from allExtents.
2025-09-01T12:10:15.237Z 	 info: QueueGCManager:markSweep() Got referred extents, unreferenced extents count is 0.
2025-09-01T12:10:15.237Z 	 info: QueueGCManager:markSweepLoop() Mark and sweep finished, take 1ms.
2025-09-01T12:10:15.237Z 	 info: QueueGCManager:markSweepLoop() Sleep for 60000
2025-09-01T12:10:15.237Z 	 info: AccountDataStore:init() Refresh accounts from environment variable AZURITE_ACCOUNTS with value undefined
2025-09-01T12:10:15.237Z 	 info: AccountDataStore:init() Fallback to default emulator account devstoreaccount1.
2025-09-01T12:11:15.168Z 	 info: AccountDataStore:init() Refresh accounts from environment variable AZURITE_ACCOUNTS with value undefined
2025-09-01T12:11:15.168Z 	 info: AccountDataStore:init() Fallback to default emulator account devstoreaccount1.
2025-09-01T12:11:15.198Z 	 info: AccountDataStore:init() Refresh accounts from environment variable AZURITE_ACCOUNTS with value undefined
2025-09-01T12:11:15.198Z 	 info: AccountDataStore:init() Fallback to default emulator account devstoreaccount1.
2025-09-01T12:11:15.245Z 	 info: QueueGCManager:markSweepLoop() Start new mark and sweep.
2025-09-01T12:11:15.245Z 	 info: QueueGCManger:markSweep() Get all extents.
2025-09-01T12:11:15.245Z 	 info: QueueGCManager:marksweep() Get 0 extents.
2025-09-01T12:11:15.245Z 	 info: QueueGCManager:markSweep() Get referred extents, then remove from allExtents.
2025-09-01T12:11:15.245Z 	 info: QueueGCManager:markSweep() Got referred extents, unreferenced extents count is 0.
2025-09-01T12:11:15.245Z 	 info: QueueGCManager:markSweepLoop() Mark and sweep finished, take 0ms.
2025-09-01T12:11:15.245Z 	 info: QueueGCManager:markSweepLoop() Sleep for 60000
2025-09-01T12:11:15.245Z 	 info: AccountDataStore:init() Refresh accounts from environment variable AZURITE_ACCOUNTS with value undefined
2025-09-01T12:11:15.245Z 	 info: AccountDataStore:init() Fallback to default emulator account devstoreaccount1.
2025-09-01T12:12:15.171Z 	 info: AccountDataStore:init() Refresh accounts from environment variable AZURITE_ACCOUNTS with value undefined
2025-09-01T12:12:15.172Z 	 info: AccountDataStore:init() Fallback to default emulator account devstoreaccount1.
2025-09-01T12:12:15.202Z 	 info: AccountDataStore:init() Refresh accounts from environment variable AZURITE_ACCOUNTS with value undefined
2025-09-01T12:12:15.203Z 	 info: AccountDataStore:init() Fallback to default emulator account devstoreaccount1.
2025-09-01T12:12:15.249Z 	 info: QueueGCManager:markSweepLoop() Start new mark and sweep.
2025-09-01T12:12:15.249Z 	 info: QueueGCManger:markSweep() Get all extents.
2025-09-01T12:12:15.249Z 	 info: QueueGCManager:marksweep() Get 0 extents.
2025-09-01T12:12:15.249Z 	 info: QueueGCManager:markSweep() Get referred extents, then remove from allExtents.
2025-09-01T12:12:15.249Z 	 info: QueueGCManager:markSweep() Got referred extents, unreferenced extents count is 0.
2025-09-01T12:12:15.249Z 	 info: QueueGCManager:markSweepLoop() Mark and sweep finished, take 0ms.
2025-09-01T12:12:15.249Z 	 info: QueueGCManager:markSweepLoop() Sleep for 60000
2025-09-01T12:12:15.249Z 	 info: AccountDataStore:init() Refresh accounts from environment variable AZURITE_ACCOUNTS with value undefined
2025-09-01T12:12:15.249Z 	 info: AccountDataStore:init() Fallback to default emulator account devstoreaccount1.
2025-09-01T12:13:15.173Z 	 info: AccountDataStore:init() Refresh accounts from environment variable AZURITE_ACCOUNTS with value undefined
2025-09-01T12:13:15.173Z 	 info: AccountDataStore:init() Fallback to default emulator account devstoreaccount1.
2025-09-01T12:13:15.204Z 	 info: AccountDataStore:init() Refresh accounts from environment variable AZURITE_ACCOUNTS with value undefined
2025-09-01T12:13:15.204Z 	 info: AccountDataStore:init() Fallback to default emulator account devstoreaccount1.
2025-09-01T12:13:15.251Z 	 info: QueueGCManager:markSweepLoop() Start new mark and sweep.
2025-09-01T12:13:15.252Z 	 info: QueueGCManger:markSweep() Get all extents.
2025-09-01T12:13:15.252Z 	 info: QueueGCManager:marksweep() Get 0 extents.
2025-09-01T12:13:15.252Z 	 info: QueueGCManager:markSweep() Get referred extents, then remove from allExtents.
2025-09-01T12:13:15.252Z 	 info: QueueGCManager:markSweep() Got referred extents, unreferenced extents count is 0.
2025-09-01T12:13:15.252Z 	 info: QueueGCManager:markSweepLoop() Mark and sweep finished, take 0ms.
2025-09-01T12:13:15.252Z 	 info: QueueGCManager:markSweepLoop() Sleep for 60000
2025-09-01T12:13:15.252Z 	 info: AccountDataStore:init() Refresh accounts from environment variable AZURITE_ACCOUNTS with value undefined
2025-09-01T12:13:15.252Z 	 info: AccountDataStore:init() Fallback to default emulator account devstoreaccount1.
2025-09-01T12:14:15.174Z 	 info: AccountDataStore:init() Refresh accounts from environment variable AZURITE_ACCOUNTS with value undefined
2025-09-01T12:14:15.174Z 	 info: AccountDataStore:init() Fallback to default emulator account devstoreaccount1.
2025-09-01T12:14:15.204Z 	 info: AccountDataStore:init() Refresh accounts from environment variable AZURITE_ACCOUNTS with value undefined
2025-09-01T12:14:15.205Z 	 info: AccountDataStore:init() Fallback to default emulator account devstoreaccount1.
2025-09-01T12:14:15.267Z 	 info: QueueGCManager:markSweepLoop() Start new mark and sweep.
2025-09-01T12:14:15.267Z 	 info: QueueGCManger:markSweep() Get all extents.
2025-09-01T12:14:15.267Z 	 info: QueueGCManager:marksweep() Get 0 extents.
2025-09-01T12:14:15.267Z 	 info: QueueGCManager:markSweep() Get referred extents, then remove from allExtents.
2025-09-01T12:14:15.267Z 	 info: QueueGCManager:markSweep() Got referred extents, unreferenced extents count is 0.
2025-09-01T12:14:15.267Z 	 info: QueueGCManager:markSweepLoop() Mark and sweep finished, take 0ms.
2025-09-01T12:14:15.267Z 	 info: QueueGCManager:markSweepLoop() Sleep for 60000
2025-09-01T12:14:15.267Z 	 info: AccountDataStore:init() Refresh accounts from environment variable AZURITE_ACCOUNTS with value undefined
2025-09-01T12:14:15.267Z 	 info: AccountDataStore:init() Fallback to default emulator account devstoreaccount1.
2025-09-01T12:15:15.189Z 	 info: AccountDataStore:init() Refresh accounts from environment variable AZURITE_ACCOUNTS with value undefined
2025-09-01T12:15:15.189Z 	 info: AccountDataStore:init() Fallback to default emulator account devstoreaccount1.
2025-09-01T12:15:15.220Z 	 info: AccountDataStore:init() Refresh accounts from environment variable AZURITE_ACCOUNTS with value undefined
2025-09-01T12:15:15.220Z 	 info: AccountDataStore:init() Fallback to default emulator account devstoreaccount1.
2025-09-01T12:15:15.282Z 	 info: QueueGCManager:markSweepLoop() Start new mark and sweep.
2025-09-01T12:15:15.282Z 	 info: QueueGCManger:markSweep() Get all extents.
2025-09-01T12:15:15.282Z 	 info: QueueGCManager:marksweep() Get 0 extents.
2025-09-01T12:15:15.282Z 	 info: QueueGCManager:markSweep() Get referred extents, then remove from allExtents.
2025-09-01T12:15:15.282Z 	 info: QueueGCManager:markSweep() Got referred extents, unreferenced extents count is 0.
2025-09-01T12:15:15.282Z 	 info: QueueGCManager:markSweepLoop() Mark and sweep finished, take 0ms.
2025-09-01T12:15:15.282Z 	 info: QueueGCManager:markSweepLoop() Sleep for 60000
2025-09-01T12:15:15.282Z 	 info: AccountDataStore:init() Refresh accounts from environment variable AZURITE_ACCOUNTS with value undefined
2025-09-01T12:15:15.282Z 	 info: AccountDataStore:init() Fallback to default emulator account devstoreaccount1.
2025-09-01T12:16:14.502Z 	 info: BlobGCManager:markSweepLoop() Start next mark and sweep.
2025-09-01T12:16:14.502Z 	 info: BlobGCManager:markSweep() Get all extents.
2025-09-01T12:16:14.502Z 	 info: BlobGCManager:markSweep() Got 1 extents.
2025-09-01T12:16:14.502Z 	 info: BlobGCManager:markSweep() Get referred extents.
2025-09-01T12:16:14.503Z 	 info: BlobGCManager:markSweep() Got referred extents, unreferenced extents count is 0.
2025-09-01T12:16:14.503Z 	 info: BlobGCManager:markSweepLoop() Mark and sweep finished, taken 1ms.
2025-09-01T12:16:14.503Z 	 info: BlobGCManager:markSweepLoop() Sleep for 600000ms.
2025-09-01T12:16:15.203Z 	 info: AccountDataStore:init() Refresh accounts from environment variable AZURITE_ACCOUNTS with value undefined
2025-09-01T12:16:15.203Z 	 info: AccountDataStore:init() Fallback to default emulator account devstoreaccount1.
2025-09-01T12:16:15.235Z 	 info: AccountDataStore:init() Refresh accounts from environment variable AZURITE_ACCOUNTS with value undefined
2025-09-01T12:16:15.235Z 	 info: AccountDataStore:init() Fallback to default emulator account devstoreaccount1.
2025-09-01T12:16:15.297Z 	 info: QueueGCManager:markSweepLoop() Start new mark and sweep.
2025-09-01T12:16:15.297Z 	 info: QueueGCManger:markSweep() Get all extents.
2025-09-01T12:16:15.297Z 	 info: QueueGCManager:marksweep() Get 0 extents.
2025-09-01T12:16:15.297Z 	 info: QueueGCManager:markSweep() Get referred extents, then remove from allExtents.
2025-09-01T12:16:15.298Z 	 info: QueueGCManager:markSweep() Got referred extents, unreferenced extents count is 0.
2025-09-01T12:16:15.298Z 	 info: QueueGCManager:markSweepLoop() Mark and sweep finished, take 1ms.
2025-09-01T12:16:15.298Z 	 info: QueueGCManager:markSweepLoop() Sleep for 60000
2025-09-01T12:16:15.298Z 	 info: AccountDataStore:init() Refresh accounts from environment variable AZURITE_ACCOUNTS with value undefined
2025-09-01T12:16:15.298Z 	 info: AccountDataStore:init() Fallback to default emulator account devstoreaccount1.
2025-09-01T12:17:15.210Z 	 info: AccountDataStore:init() Refresh accounts from environment variable AZURITE_ACCOUNTS with value undefined
2025-09-01T12:17:15.211Z 	 info: AccountDataStore:init() Fallback to default emulator account devstoreaccount1.
2025-09-01T12:17:15.241Z 	 info: AccountDataStore:init() Refresh accounts from environment variable AZURITE_ACCOUNTS with value undefined
2025-09-01T12:17:15.241Z 	 info: AccountDataStore:init() Fallback to default emulator account devstoreaccount1.
2025-09-01T12:17:15.304Z 	 info: QueueGCManager:markSweepLoop() Start new mark and sweep.
2025-09-01T12:17:15.304Z 	 info: QueueGCManger:markSweep() Get all extents.
2025-09-01T12:17:15.304Z 	 info: QueueGCManager:marksweep() Get 0 extents.
2025-09-01T12:17:15.304Z 	 info: QueueGCManager:markSweep() Get referred extents, then remove from allExtents.
2025-09-01T12:17:15.304Z 	 info: QueueGCManager:markSweep() Got referred extents, unreferenced extents count is 0.
2025-09-01T12:17:15.304Z 	 info: QueueGCManager:markSweepLoop() Mark and sweep finished, take 0ms.
2025-09-01T12:17:15.304Z 	 info: QueueGCManager:markSweepLoop() Sleep for 60000
2025-09-01T12:17:15.304Z 	 info: AccountDataStore:init() Refresh accounts from environment variable AZURITE_ACCOUNTS with value undefined
2025-09-01T12:17:15.304Z 	 info: AccountDataStore:init() Fallback to default emulator account devstoreaccount1.
2025-09-01T12:18:15.220Z 	 info: AccountDataStore:init() Refresh accounts from environment variable AZURITE_ACCOUNTS with value undefined
2025-09-01T12:18:15.220Z 	 info: AccountDataStore:init() Fallback to default emulator account devstoreaccount1.
2025-09-01T12:18:15.252Z 	 info: AccountDataStore:init() Refresh accounts from environment variable AZURITE_ACCOUNTS with value undefined
2025-09-01T12:18:15.252Z 	 info: AccountDataStore:init() Fallback to default emulator account devstoreaccount1.
2025-09-01T12:18:15.315Z 	 info: QueueGCManager:markSweepLoop() Start new mark and sweep.
2025-09-01T12:18:15.315Z 	 info: QueueGCManger:markSweep() Get all extents.
2025-09-01T12:18:15.315Z 	 info: QueueGCManager:marksweep() Get 0 extents.
2025-09-01T12:18:15.315Z 	 info: QueueGCManager:markSweep() Get referred extents, then remove from allExtents.
2025-09-01T12:18:15.315Z 	 info: QueueGCManager:markSweep() Got referred extents, unreferenced extents count is 0.
2025-09-01T12:18:15.315Z 	 info: QueueGCManager:markSweepLoop() Mark and sweep finished, take 0ms.
2025-09-01T12:18:15.315Z 	 info: QueueGCManager:markSweepLoop() Sleep for 60000
2025-09-01T12:18:15.315Z 	 info: AccountDataStore:init() Refresh accounts from environment variable AZURITE_ACCOUNTS with value undefined
2025-09-01T12:18:15.315Z 	 info: AccountDataStore:init() Fallback to default emulator account devstoreaccount1.
2025-09-01T12:19:15.236Z 	 info: AccountDataStore:init() Refresh accounts from environment variable AZURITE_ACCOUNTS with value undefined
2025-09-01T12:19:15.236Z 	 info: AccountDataStore:init() Fallback to default emulator account devstoreaccount1.
2025-09-01T12:19:15.267Z 	 info: AccountDataStore:init() Refresh accounts from environment variable AZURITE_ACCOUNTS with value undefined
2025-09-01T12:19:15.267Z 	 info: AccountDataStore:init() Fallback to default emulator account devstoreaccount1.
2025-09-01T12:19:15.328Z 	 info: QueueGCManager:markSweepLoop() Start new mark and sweep.
2025-09-01T12:19:15.328Z 	 info: QueueGCManger:markSweep() Get all extents.
2025-09-01T12:19:15.328Z 	 info: QueueGCManager:marksweep() Get 0 extents.
2025-09-01T12:19:15.328Z 	 info: QueueGCManager:markSweep() Get referred extents, then remove from allExtents.
2025-09-01T12:19:15.328Z 	 info: QueueGCManager:markSweep() Got referred extents, unreferenced extents count is 0.
2025-09-01T12:19:15.328Z 	 info: QueueGCManager:markSweepLoop() Mark and sweep finished, take 0ms.
2025-09-01T12:19:15.328Z 	 info: QueueGCManager:markSweepLoop() Sleep for 60000
2025-09-01T12:19:15.328Z 	 info: AccountDataStore:init() Refresh accounts from environment variable AZURITE_ACCOUNTS with value undefined
2025-09-01T12:19:15.328Z 	 info: AccountDataStore:init() Fallback to default emulator account devstoreaccount1.
2025-09-01T12:20:15.252Z 	 info: AccountDataStore:init() Refresh accounts from environment variable AZURITE_ACCOUNTS with value undefined
2025-09-01T12:20:15.252Z 	 info: AccountDataStore:init() Fallback to default emulator account devstoreaccount1.
2025-09-01T12:20:15.282Z 	 info: AccountDataStore:init() Refresh accounts from environment variable AZURITE_ACCOUNTS with value undefined
2025-09-01T12:20:15.282Z 	 info: AccountDataStore:init() Fallback to default emulator account devstoreaccount1.
2025-09-01T12:20:15.328Z 	 info: QueueGCManager:markSweepLoop() Start new mark and sweep.
2025-09-01T12:20:15.329Z 	 info: QueueGCManger:markSweep() Get all extents.
2025-09-01T12:20:15.329Z 	 info: QueueGCManager:marksweep() Get 0 extents.
2025-09-01T12:20:15.329Z 	 info: QueueGCManager:markSweep() Get referred extents, then remove from allExtents.
2025-09-01T12:20:15.329Z 	 info: QueueGCManager:markSweep() Got referred extents, unreferenced extents count is 0.
2025-09-01T12:20:15.329Z 	 info: QueueGCManager:markSweepLoop() Mark and sweep finished, take 1ms.
2025-09-01T12:20:15.329Z 	 info: QueueGCManager:markSweepLoop() Sleep for 60000
2025-09-01T12:20:15.344Z 	 info: AccountDataStore:init() Refresh accounts from environment variable AZURITE_ACCOUNTS with value undefined
2025-09-01T12:20:15.344Z 	 info: AccountDataStore:init() Fallback to default emulator account devstoreaccount1.
2025-09-01T12:21:15.260Z 	 info: AccountDataStore:init() Refresh accounts from environment variable AZURITE_ACCOUNTS with value undefined
2025-09-01T12:21:15.260Z 	 info: AccountDataStore:init() Fallback to default emulator account devstoreaccount1.
2025-09-01T12:21:15.290Z 	 info: AccountDataStore:init() Refresh accounts from environment variable AZURITE_ACCOUNTS with value undefined
2025-09-01T12:21:15.291Z 	 info: AccountDataStore:init() Fallback to default emulator account devstoreaccount1.
2025-09-01T12:21:15.337Z 	 info: QueueGCManager:markSweepLoop() Start new mark and sweep.
2025-09-01T12:21:15.337Z 	 info: QueueGCManger:markSweep() Get all extents.
2025-09-01T12:21:15.337Z 	 info: QueueGCManager:marksweep() Get 0 extents.
2025-09-01T12:21:15.337Z 	 info: QueueGCManager:markSweep() Get referred extents, then remove from allExtents.
2025-09-01T12:21:15.337Z 	 info: QueueGCManager:markSweep() Got referred extents, unreferenced extents count is 0.
2025-09-01T12:21:15.337Z 	 info: QueueGCManager:markSweepLoop() Mark and sweep finished, take 0ms.
2025-09-01T12:21:15.337Z 	 info: QueueGCManager:markSweepLoop() Sleep for 60000
2025-09-01T12:21:15.352Z 	 info: AccountDataStore:init() Refresh accounts from environment variable AZURITE_ACCOUNTS with value undefined
2025-09-01T12:21:15.352Z 	 info: AccountDataStore:init() Fallback to default emulator account devstoreaccount1.
2025-09-01T12:22:15.275Z 	 info: AccountDataStore:init() Refresh accounts from environment variable AZURITE_ACCOUNTS with value undefined
2025-09-01T12:22:15.275Z 	 info: AccountDataStore:init() Fallback to default emulator account devstoreaccount1.
2025-09-01T12:22:15.291Z 	 info: AccountDataStore:init() Refresh accounts from environment variable AZURITE_ACCOUNTS with value undefined
2025-09-01T12:22:15.291Z 	 info: AccountDataStore:init() Fallback to default emulator account devstoreaccount1.
2025-09-01T12:22:15.339Z 	 info: QueueGCManager:markSweepLoop() Start new mark and sweep.
2025-09-01T12:22:15.339Z 	 info: QueueGCManger:markSweep() Get all extents.
2025-09-01T12:22:15.339Z 	 info: QueueGCManager:marksweep() Get 0 extents.
2025-09-01T12:22:15.339Z 	 info: QueueGCManager:markSweep() Get referred extents, then remove from allExtents.
2025-09-01T12:22:15.339Z 	 info: QueueGCManager:markSweep() Got referred extents, unreferenced extents count is 0.
2025-09-01T12:22:15.339Z 	 info: QueueGCManager:markSweepLoop() Mark and sweep finished, take 0ms.
2025-09-01T12:22:15.339Z 	 info: QueueGCManager:markSweepLoop() Sleep for 60000
2025-09-01T12:22:15.354Z 	 info: AccountDataStore:init() Refresh accounts from environment variable AZURITE_ACCOUNTS with value undefined
2025-09-01T12:22:15.354Z 	 info: AccountDataStore:init() Fallback to default emulator account devstoreaccount1.
2025-09-01T12:23:15.286Z 	 info: AccountDataStore:init() Refresh accounts from environment variable AZURITE_ACCOUNTS with value undefined
2025-09-01T12:23:15.286Z 	 info: AccountDataStore:init() Fallback to default emulator account devstoreaccount1.
2025-09-01T12:23:15.301Z 	 info: AccountDataStore:init() Refresh accounts from environment variable AZURITE_ACCOUNTS with value undefined
2025-09-01T12:23:15.301Z 	 info: AccountDataStore:init() Fallback to default emulator account devstoreaccount1.
2025-09-01T12:23:15.348Z 	 info: QueueGCManager:markSweepLoop() Start new mark and sweep.
2025-09-01T12:23:15.348Z 	 info: QueueGCManger:markSweep() Get all extents.
2025-09-01T12:23:15.348Z 	 info: QueueGCManager:marksweep() Get 0 extents.
2025-09-01T12:23:15.348Z 	 info: QueueGCManager:markSweep() Get referred extents, then remove from allExtents.
2025-09-01T12:23:15.348Z 	 info: QueueGCManager:markSweep() Got referred extents, unreferenced extents count is 0.
2025-09-01T12:23:15.348Z 	 info: QueueGCManager:markSweepLoop() Mark and sweep finished, take 0ms.
2025-09-01T12:23:15.348Z 	 info: QueueGCManager:markSweepLoop() Sleep for 60000
2025-09-01T12:23:15.364Z 	 info: AccountDataStore:init() Refresh accounts from environment variable AZURITE_ACCOUNTS with value undefined
2025-09-01T12:23:15.364Z 	 info: AccountDataStore:init() Fallback to default emulator account devstoreaccount1.
2025-09-01T12:24:15.298Z 	 info: AccountDataStore:init() Refresh accounts from environment variable AZURITE_ACCOUNTS with value undefined
2025-09-01T12:24:15.298Z 	 info: AccountDataStore:init() Fallback to default emulator account devstoreaccount1.
2025-09-01T12:24:15.313Z 	 info: AccountDataStore:init() Refresh accounts from environment variable AZURITE_ACCOUNTS with value undefined
2025-09-01T12:24:15.313Z 	 info: AccountDataStore:init() Fallback to default emulator account devstoreaccount1.
2025-09-01T12:24:15.360Z 	 info: QueueGCManager:markSweepLoop() Start new mark and sweep.
2025-09-01T12:24:15.360Z 	 info: QueueGCManger:markSweep() Get all extents.
2025-09-01T12:24:15.360Z 	 info: QueueGCManager:marksweep() Get 0 extents.
2025-09-01T12:24:15.360Z 	 info: QueueGCManager:markSweep() Get referred extents, then remove from allExtents.
2025-09-01T12:24:15.360Z 	 info: QueueGCManager:markSweep() Got referred extents, unreferenced extents count is 0.
2025-09-01T12:24:15.360Z 	 info: QueueGCManager:markSweepLoop() Mark and sweep finished, take 0ms.
2025-09-01T12:24:15.360Z 	 info: QueueGCManager:markSweepLoop() Sleep for 60000
2025-09-01T12:24:15.375Z 	 info: AccountDataStore:init() Refresh accounts from environment variable AZURITE_ACCOUNTS with value undefined
2025-09-01T12:24:15.375Z 	 info: AccountDataStore:init() Fallback to default emulator account devstoreaccount1.
2025-09-01T12:25:15.302Z 	 info: AccountDataStore:init() Refresh accounts from environment variable AZURITE_ACCOUNTS with value undefined
2025-09-01T12:25:15.302Z 	 info: AccountDataStore:init() Fallback to default emulator account devstoreaccount1.
2025-09-01T12:25:15.317Z 	 info: AccountDataStore:init() Refresh accounts from environment variable AZURITE_ACCOUNTS with value undefined
2025-09-01T12:25:15.317Z 	 info: AccountDataStore:init() Fallback to default emulator account devstoreaccount1.
2025-09-01T12:25:15.365Z 	 info: QueueGCManager:markSweepLoop() Start new mark and sweep.
2025-09-01T12:25:15.365Z 	 info: QueueGCManger:markSweep() Get all extents.
2025-09-01T12:25:15.365Z 	 info: QueueGCManager:marksweep() Get 0 extents.
2025-09-01T12:25:15.365Z 	 info: QueueGCManager:markSweep() Get referred extents, then remove from allExtents.
2025-09-01T12:25:15.365Z 	 info: QueueGCManager:markSweep() Got referred extents, unreferenced extents count is 0.
2025-09-01T12:25:15.365Z 	 info: QueueGCManager:markSweepLoop() Mark and sweep finished, take 0ms.
2025-09-01T12:25:15.365Z 	 info: QueueGCManager:markSweepLoop() Sleep for 60000
2025-09-01T12:25:15.381Z 	 info: AccountDataStore:init() Refresh accounts from environment variable AZURITE_ACCOUNTS with value undefined
2025-09-01T12:25:15.381Z 	 info: AccountDataStore:init() Fallback to default emulator account devstoreaccount1.
2025-09-01T12:26:14.512Z 	 info: BlobGCManager:markSweepLoop() Start next mark and sweep.
2025-09-01T12:26:14.512Z 	 info: BlobGCManager:markSweep() Get all extents.
2025-09-01T12:26:14.513Z 	 info: BlobGCManager:markSweep() Got 1 extents.
2025-09-01T12:26:14.513Z 	 info: BlobGCManager:markSweep() Get referred extents.
2025-09-01T12:26:14.513Z 	 info: BlobGCManager:markSweep() Got referred extents, unreferenced extents count is 0.
2025-09-01T12:26:14.513Z 	 info: BlobGCManager:markSweepLoop() Mark and sweep finished, taken 1ms.
2025-09-01T12:26:14.513Z 	 info: BlobGCManager:markSweepLoop() Sleep for 600000ms.
2025-09-01T12:26:15.304Z 	 info: AccountDataStore:init() Refresh accounts from environment variable AZURITE_ACCOUNTS with value undefined
2025-09-01T12:26:15.304Z 	 info: AccountDataStore:init() Fallback to default emulator account devstoreaccount1.
2025-09-01T12:26:15.320Z 	 info: AccountDataStore:init() Refresh accounts from environment variable AZURITE_ACCOUNTS with value undefined
2025-09-01T12:26:15.321Z 	 info: AccountDataStore:init() Fallback to default emulator account devstoreaccount1.
2025-09-01T12:26:15.367Z 	 info: QueueGCManager:markSweepLoop() Start new mark and sweep.
2025-09-01T12:26:15.367Z 	 info: QueueGCManger:markSweep() Get all extents.
2025-09-01T12:26:15.367Z 	 info: QueueGCManager:marksweep() Get 0 extents.
2025-09-01T12:26:15.367Z 	 info: QueueGCManager:markSweep() Get referred extents, then remove from allExtents.
2025-09-01T12:26:15.367Z 	 info: QueueGCManager:markSweep() Got referred extents, unreferenced extents count is 0.
2025-09-01T12:26:15.367Z 	 info: QueueGCManager:markSweepLoop() Mark and sweep finished, take 0ms.
2025-09-01T12:26:15.367Z 	 info: QueueGCManager:markSweepLoop() Sleep for 60000
2025-09-01T12:26:15.382Z 	 info: AccountDataStore:init() Refresh accounts from environment variable AZURITE_ACCOUNTS with value undefined
2025-09-01T12:26:15.382Z 	 info: AccountDataStore:init() Fallback to default emulator account devstoreaccount1.
2025-09-01T12:27:15.316Z 	 info: AccountDataStore:init() Refresh accounts from environment variable AZURITE_ACCOUNTS with value undefined
2025-09-01T12:27:15.316Z 	 info: AccountDataStore:init() Fallback to default emulator account devstoreaccount1.
2025-09-01T12:27:15.332Z 	 info: AccountDataStore:init() Refresh accounts from environment variable AZURITE_ACCOUNTS with value undefined
2025-09-01T12:27:15.332Z 	 info: AccountDataStore:init() Fallback to default emulator account devstoreaccount1.
2025-09-01T12:27:15.380Z 	 info: QueueGCManager:markSweepLoop() Start new mark and sweep.
2025-09-01T12:27:15.380Z 	 info: QueueGCManger:markSweep() Get all extents.
2025-09-01T12:27:15.380Z 	 info: QueueGCManager:marksweep() Get 0 extents.
2025-09-01T12:27:15.380Z 	 info: QueueGCManager:markSweep() Get referred extents, then remove from allExtents.
2025-09-01T12:27:15.380Z 	 info: QueueGCManager:markSweep() Got referred extents, unreferenced extents count is 0.
2025-09-01T12:27:15.380Z 	 info: QueueGCManager:markSweepLoop() Mark and sweep finished, take 0ms.
2025-09-01T12:27:15.380Z 	 info: QueueGCManager:markSweepLoop() Sleep for 60000
2025-09-01T12:27:15.396Z 	 info: AccountDataStore:init() Refresh accounts from environment variable AZURITE_ACCOUNTS with value undefined
2025-09-01T12:27:15.396Z 	 info: AccountDataStore:init() Fallback to default emulator account devstoreaccount1.
2025-09-01T12:28:15.320Z 	 info: AccountDataStore:init() Refresh accounts from environment variable AZURITE_ACCOUNTS with value undefined
2025-09-01T12:28:15.320Z 	 info: AccountDataStore:init() Fallback to default emulator account devstoreaccount1.
2025-09-01T12:28:15.336Z 	 info: AccountDataStore:init() Refresh accounts from environment variable AZURITE_ACCOUNTS with value undefined
2025-09-01T12:28:15.336Z 	 info: AccountDataStore:init() Fallback to default emulator account devstoreaccount1.
2025-09-01T12:28:15.383Z 	 info: QueueGCManager:markSweepLoop() Start new mark and sweep.
2025-09-01T12:28:15.383Z 	 info: QueueGCManger:markSweep() Get all extents.
2025-09-01T12:28:15.383Z 	 info: QueueGCManager:marksweep() Get 0 extents.
2025-09-01T12:28:15.383Z 	 info: QueueGCManager:markSweep() Get referred extents, then remove from allExtents.
2025-09-01T12:28:15.383Z 	 info: QueueGCManager:markSweep() Got referred extents, unreferenced extents count is 0.
2025-09-01T12:28:15.383Z 	 info: QueueGCManager:markSweepLoop() Mark and sweep finished, take 0ms.
2025-09-01T12:28:15.384Z 	 info: QueueGCManager:markSweepLoop() Sleep for 60000
2025-09-01T12:28:15.398Z 	 info: AccountDataStore:init() Refresh accounts from environment variable AZURITE_ACCOUNTS with value undefined
2025-09-01T12:28:15.399Z 	 info: AccountDataStore:init() Fallback to default emulator account devstoreaccount1.
2025-09-01T12:29:15.332Z 	 info: AccountDataStore:init() Refresh accounts from environment variable AZURITE_ACCOUNTS with value undefined
2025-09-01T12:29:15.332Z 	 info: AccountDataStore:init() Fallback to default emulator account devstoreaccount1.
2025-09-01T12:29:15.347Z 	 info: AccountDataStore:init() Refresh accounts from environment variable AZURITE_ACCOUNTS with value undefined
2025-09-01T12:29:15.347Z 	 info: AccountDataStore:init() Fallback to default emulator account devstoreaccount1.
2025-09-01T12:29:15.393Z 	 info: QueueGCManager:markSweepLoop() Start new mark and sweep.
2025-09-01T12:29:15.393Z 	 info: QueueGCManger:markSweep() Get all extents.
2025-09-01T12:29:15.393Z 	 info: QueueGCManager:marksweep() Get 0 extents.
2025-09-01T12:29:15.393Z 	 info: QueueGCManager:markSweep() Get referred extents, then remove from allExtents.
2025-09-01T12:29:15.393Z 	 info: QueueGCManager:markSweep() Got referred extents, unreferenced extents count is 0.
2025-09-01T12:29:15.393Z 	 info: QueueGCManager:markSweepLoop() Mark and sweep finished, take 0ms.
2025-09-01T12:29:15.393Z 	 info: QueueGCManager:markSweepLoop() Sleep for 60000
2025-09-01T12:29:15.408Z 	 info: AccountDataStore:init() Refresh accounts from environment variable AZURITE_ACCOUNTS with value undefined
2025-09-01T12:29:15.408Z 	 info: AccountDataStore:init() Fallback to default emulator account devstoreaccount1.
2025-09-01T12:30:15.332Z 	 info: AccountDataStore:init() Refresh accounts from environment variable AZURITE_ACCOUNTS with value undefined
2025-09-01T12:30:15.332Z 	 info: AccountDataStore:init() Fallback to default emulator account devstoreaccount1.
2025-09-01T12:30:15.347Z 	 info: AccountDataStore:init() Refresh accounts from environment variable AZURITE_ACCOUNTS with value undefined
2025-09-01T12:30:15.347Z 	 info: AccountDataStore:init() Fallback to default emulator account devstoreaccount1.
2025-09-01T12:30:15.394Z 	 info: QueueGCManager:markSweepLoop() Start new mark and sweep.
2025-09-01T12:30:15.394Z 	 info: QueueGCManger:markSweep() Get all extents.
2025-09-01T12:30:15.394Z 	 info: QueueGCManager:marksweep() Get 0 extents.
2025-09-01T12:30:15.394Z 	 info: QueueGCManager:markSweep() Get referred extents, then remove from allExtents.
2025-09-01T12:30:15.395Z 	 info: QueueGCManager:markSweep() Got referred extents, unreferenced extents count is 0.
2025-09-01T12:30:15.395Z 	 info: QueueGCManager:markSweepLoop() Mark and sweep finished, take 1ms.
2025-09-01T12:30:15.395Z 	 info: QueueGCManager:markSweepLoop() Sleep for 60000
2025-09-01T12:30:15.409Z 	 info: AccountDataStore:init() Refresh accounts from environment variable AZURITE_ACCOUNTS with value undefined
2025-09-01T12:30:15.409Z 	 info: AccountDataStore:init() Fallback to default emulator account devstoreaccount1.
2025-09-01T12:31:15.335Z 	 info: AccountDataStore:init() Refresh accounts from environment variable AZURITE_ACCOUNTS with value undefined
2025-09-01T12:31:15.335Z 	 info: AccountDataStore:init() Fallback to default emulator account devstoreaccount1.
2025-09-01T12:31:15.350Z 	 info: AccountDataStore:init() Refresh accounts from environment variable AZURITE_ACCOUNTS with value undefined
2025-09-01T12:31:15.351Z 	 info: AccountDataStore:init() Fallback to default emulator account devstoreaccount1.
2025-09-01T12:31:15.397Z 	 info: QueueGCManager:markSweepLoop() Start new mark and sweep.
2025-09-01T12:31:15.397Z 	 info: QueueGCManger:markSweep() Get all extents.
2025-09-01T12:31:15.397Z 	 info: QueueGCManager:marksweep() Get 0 extents.
2025-09-01T12:31:15.397Z 	 info: QueueGCManager:markSweep() Get referred extents, then remove from allExtents.
2025-09-01T12:31:15.398Z 	 info: QueueGCManager:markSweep() Got referred extents, unreferenced extents count is 0.
2025-09-01T12:31:15.398Z 	 info: QueueGCManager:markSweepLoop() Mark and sweep finished, take 1ms.
2025-09-01T12:31:15.398Z 	 info: QueueGCManager:markSweepLoop() Sleep for 60000
2025-09-01T12:31:15.413Z 	 info: AccountDataStore:init() Refresh accounts from environment variable AZURITE_ACCOUNTS with value undefined
2025-09-01T12:31:15.413Z 	 info: AccountDataStore:init() Fallback to default emulator account devstoreaccount1.
2025-09-01T12:32:15.339Z 	 info: AccountDataStore:init() Refresh accounts from environment variable AZURITE_ACCOUNTS with value undefined
2025-09-01T12:32:15.340Z 	 info: AccountDataStore:init() Fallback to default emulator account devstoreaccount1.
2025-09-01T12:32:15.355Z 	 info: AccountDataStore:init() Refresh accounts from environment variable AZURITE_ACCOUNTS with value undefined
2025-09-01T12:32:15.355Z 	 info: AccountDataStore:init() Fallback to default emulator account devstoreaccount1.
2025-09-01T12:32:15.402Z 	 info: QueueGCManager:markSweepLoop() Start new mark and sweep.
2025-09-01T12:32:15.402Z 	 info: QueueGCManger:markSweep() Get all extents.
2025-09-01T12:32:15.402Z 	 info: QueueGCManager:marksweep() Get 0 extents.
2025-09-01T12:32:15.402Z 	 info: QueueGCManager:markSweep() Get referred extents, then remove from allExtents.
2025-09-01T12:32:15.402Z 	 info: QueueGCManager:markSweep() Got referred extents, unreferenced extents count is 0.
2025-09-01T12:32:15.402Z 	 info: QueueGCManager:markSweepLoop() Mark and sweep finished, take 0ms.
2025-09-01T12:32:15.402Z 	 info: QueueGCManager:markSweepLoop() Sleep for 60000
2025-09-01T12:32:15.417Z 	 info: AccountDataStore:init() Refresh accounts from environment variable AZURITE_ACCOUNTS with value undefined
2025-09-01T12:32:15.417Z 	 info: AccountDataStore:init() Fallback to default emulator account devstoreaccount1.
2025-09-01T12:33:15.354Z 	 info: AccountDataStore:init() Refresh accounts from environment variable AZURITE_ACCOUNTS with value undefined
2025-09-01T12:33:15.355Z 	 info: AccountDataStore:init() Fallback to default emulator account devstoreaccount1.
2025-09-01T12:33:15.355Z 	 info: AccountDataStore:init() Refresh accounts from environment variable AZURITE_ACCOUNTS with value undefined
2025-09-01T12:33:15.355Z 	 info: AccountDataStore:init() Fallback to default emulator account devstoreaccount1.
2025-09-01T12:33:15.416Z 	 info: QueueGCManager:markSweepLoop() Start new mark and sweep.
2025-09-01T12:33:15.416Z 	 info: QueueGCManger:markSweep() Get all extents.
2025-09-01T12:33:15.416Z 	 info: QueueGCManager:marksweep() Get 0 extents.
2025-09-01T12:33:15.416Z 	 info: QueueGCManager:markSweep() Get referred extents, then remove from allExtents.
2025-09-01T12:33:15.416Z 	 info: QueueGCManager:markSweep() Got referred extents, unreferenced extents count is 0.
2025-09-01T12:33:15.416Z 	 info: QueueGCManager:markSweepLoop() Mark and sweep finished, take 0ms.
2025-09-01T12:33:15.416Z 	 info: QueueGCManager:markSweepLoop() Sleep for 60000
2025-09-01T12:33:15.431Z 	 info: AccountDataStore:init() Refresh accounts from environment variable AZURITE_ACCOUNTS with value undefined
2025-09-01T12:33:15.431Z 	 info: AccountDataStore:init() Fallback to default emulator account devstoreaccount1.
2025-09-01T12:34:15.393Z 	 info: AccountDataStore:init() Refresh accounts from environment variable AZURITE_ACCOUNTS with value undefined
2025-09-01T12:34:15.393Z 	 info: AccountDataStore:init() Fallback to default emulator account devstoreaccount1.
2025-09-01T12:34:15.393Z 	 info: AccountDataStore:init() Refresh accounts from environment variable AZURITE_ACCOUNTS with value undefined
2025-09-01T12:34:15.393Z 	 info: AccountDataStore:init() Fallback to default emulator account devstoreaccount1.
2025-09-01T12:34:15.428Z 	 info: QueueGCManager:markSweepLoop() Start new mark and sweep.
2025-09-01T12:34:15.428Z 	 info: QueueGCManger:markSweep() Get all extents.
2025-09-01T12:34:15.428Z 	 info: QueueGCManager:marksweep() Get 0 extents.
2025-09-01T12:34:15.428Z 	 info: QueueGCManager:markSweep() Get referred extents, then remove from allExtents.
2025-09-01T12:34:15.428Z 	 info: QueueGCManager:markSweep() Got referred extents, unreferenced extents count is 0.
2025-09-01T12:34:15.428Z 	 info: QueueGCManager:markSweepLoop() Mark and sweep finished, take 0ms.
2025-09-01T12:34:15.428Z 	 info: QueueGCManager:markSweepLoop() Sleep for 60000
2025-09-01T12:34:15.444Z 	 info: AccountDataStore:init() Refresh accounts from environment variable AZURITE_ACCOUNTS with value undefined
2025-09-01T12:34:15.444Z 	 info: AccountDataStore:init() Fallback to default emulator account devstoreaccount1.
2025-09-01T12:35:15.409Z 	 info: AccountDataStore:init() Refresh accounts from environment variable AZURITE_ACCOUNTS with value undefined
2025-09-01T12:35:15.409Z 	 info: AccountDataStore:init() Fallback to default emulator account devstoreaccount1.
2025-09-01T12:35:15.409Z 	 info: AccountDataStore:init() Refresh accounts from environment variable AZURITE_ACCOUNTS with value undefined
2025-09-01T12:35:15.409Z 	 info: AccountDataStore:init() Fallback to default emulator account devstoreaccount1.
2025-09-01T12:35:15.441Z 	 info: QueueGCManager:markSweepLoop() Start new mark and sweep.
2025-09-01T12:35:15.441Z 	 info: QueueGCManger:markSweep() Get all extents.
2025-09-01T12:35:15.441Z 	 info: QueueGCManager:marksweep() Get 0 extents.
2025-09-01T12:35:15.441Z 	 info: QueueGCManager:markSweep() Get referred extents, then remove from allExtents.
2025-09-01T12:35:15.441Z 	 info: QueueGCManager:markSweep() Got referred extents, unreferenced extents count is 0.
2025-09-01T12:35:15.441Z 	 info: QueueGCManager:markSweepLoop() Mark and sweep finished, take 0ms.
2025-09-01T12:35:15.441Z 	 info: QueueGCManager:markSweepLoop() Sleep for 60000
2025-09-01T12:35:15.456Z 	 info: AccountDataStore:init() Refresh accounts from environment variable AZURITE_ACCOUNTS with value undefined
2025-09-01T12:35:15.456Z 	 info: AccountDataStore:init() Fallback to default emulator account devstoreaccount1.
2025-09-01T12:36:14.523Z 	 info: BlobGCManager:markSweepLoop() Start next mark and sweep.
2025-09-01T12:36:14.523Z 	 info: BlobGCManager:markSweep() Get all extents.
2025-09-01T12:36:14.523Z 	 info: BlobGCManager:markSweep() Got 1 extents.
2025-09-01T12:36:14.523Z 	 info: BlobGCManager:markSweep() Get referred extents.
2025-09-01T12:36:14.523Z 	 info: BlobGCManager:markSweep() Got referred extents, unreferenced extents count is 0.
2025-09-01T12:36:14.523Z 	 info: BlobGCManager:markSweepLoop() Mark and sweep finished, taken 0ms.
2025-09-01T12:36:14.523Z 	 info: BlobGCManager:markSweepLoop() Sleep for 600000ms.
2025-09-01T12:36:15.422Z 	 info: AccountDataStore:init() Refresh accounts from environment variable AZURITE_ACCOUNTS with value undefined
2025-09-01T12:36:15.423Z 	 info: AccountDataStore:init() Fallback to default emulator account devstoreaccount1.
2025-09-01T12:36:15.423Z 	 info: AccountDataStore:init() Refresh accounts from environment variable AZURITE_ACCOUNTS with value undefined
2025-09-01T12:36:15.423Z 	 info: AccountDataStore:init() Fallback to default emulator account devstoreaccount1.
2025-09-01T12:36:15.452Z 	 info: QueueGCManager:markSweepLoop() Start new mark and sweep.
2025-09-01T12:36:15.453Z 	 info: QueueGCManger:markSweep() Get all extents.
2025-09-01T12:36:15.453Z 	 info: QueueGCManager:marksweep() Get 0 extents.
2025-09-01T12:36:15.453Z 	 info: QueueGCManager:markSweep() Get referred extents, then remove from allExtents.
2025-09-01T12:36:15.453Z 	 info: QueueGCManager:markSweep() Got referred extents, unreferenced extents count is 0.
2025-09-01T12:36:15.453Z 	 info: QueueGCManager:markSweepLoop() Mark and sweep finished, take 0ms.
2025-09-01T12:36:15.453Z 	 info: QueueGCManager:markSweepLoop() Sleep for 60000
2025-09-01T12:36:15.467Z 	 info: AccountDataStore:init() Refresh accounts from environment variable AZURITE_ACCOUNTS with value undefined
2025-09-01T12:36:15.467Z 	 info: AccountDataStore:init() Fallback to default emulator account devstoreaccount1.
2025-09-01T12:37:15.439Z 	 info: AccountDataStore:init() Refresh accounts from environment variable AZURITE_ACCOUNTS with value undefined
2025-09-01T12:37:15.439Z 	 info: AccountDataStore:init() Fallback to default emulator account devstoreaccount1.
2025-09-01T12:37:15.439Z 	 info: AccountDataStore:init() Refresh accounts from environment variable AZURITE_ACCOUNTS with value undefined
2025-09-01T12:37:15.439Z 	 info: AccountDataStore:init() Fallback to default emulator account devstoreaccount1.
2025-09-01T12:37:15.454Z 	 info: QueueGCManager:markSweepLoop() Start new mark and sweep.
2025-09-01T12:37:15.454Z 	 info: QueueGCManger:markSweep() Get all extents.
2025-09-01T12:37:15.454Z 	 info: QueueGCManager:marksweep() Get 0 extents.
2025-09-01T12:37:15.454Z 	 info: QueueGCManager:markSweep() Get referred extents, then remove from allExtents.
2025-09-01T12:37:15.454Z 	 info: QueueGCManager:markSweep() Got referred extents, unreferenced extents count is 0.
2025-09-01T12:37:15.454Z 	 info: QueueGCManager:markSweepLoop() Mark and sweep finished, take 0ms.
2025-09-01T12:37:15.454Z 	 info: QueueGCManager:markSweepLoop() Sleep for 60000
2025-09-01T12:37:15.469Z 	 info: AccountDataStore:init() Refresh accounts from environment variable AZURITE_ACCOUNTS with value undefined
2025-09-01T12:37:15.469Z 	 info: AccountDataStore:init() Fallback to default emulator account devstoreaccount1.
2025-09-01T12:38:15.442Z 	 info: AccountDataStore:init() Refresh accounts from environment variable AZURITE_ACCOUNTS with value undefined
2025-09-01T12:38:15.442Z 	 info: AccountDataStore:init() Fallback to default emulator account devstoreaccount1.
2025-09-01T12:38:15.442Z 	 info: AccountDataStore:init() Refresh accounts from environment variable AZURITE_ACCOUNTS with value undefined
2025-09-01T12:38:15.442Z 	 info: AccountDataStore:init() Fallback to default emulator account devstoreaccount1.
2025-09-01T12:38:15.458Z 	 info: QueueGCManager:markSweepLoop() Start new mark and sweep.
2025-09-01T12:38:15.458Z 	 info: QueueGCManger:markSweep() Get all extents.
2025-09-01T12:38:15.458Z 	 info: QueueGCManager:marksweep() Get 0 extents.
2025-09-01T12:38:15.458Z 	 info: QueueGCManager:markSweep() Get referred extents, then remove from allExtents.
2025-09-01T12:38:15.458Z 	 info: QueueGCManager:markSweep() Got referred extents, unreferenced extents count is 0.
2025-09-01T12:38:15.458Z 	 info: QueueGCManager:markSweepLoop() Mark and sweep finished, take 0ms.
2025-09-01T12:38:15.458Z 	 info: QueueGCManager:markSweepLoop() Sleep for 60000
2025-09-01T12:38:15.474Z 	 info: AccountDataStore:init() Refresh accounts from environment variable AZURITE_ACCOUNTS with value undefined
2025-09-01T12:38:15.474Z 	 info: AccountDataStore:init() Fallback to default emulator account devstoreaccount1.
2025-09-01T12:39:15.457Z 	 info: AccountDataStore:init() Refresh accounts from environment variable AZURITE_ACCOUNTS with value undefined
2025-09-01T12:39:15.457Z 	 info: AccountDataStore:init() Fallback to default emulator account devstoreaccount1.
2025-09-01T12:39:15.457Z 	 info: AccountDataStore:init() Refresh accounts from environment variable AZURITE_ACCOUNTS with value undefined
2025-09-01T12:39:15.457Z 	 info: AccountDataStore:init() Fallback to default emulator account devstoreaccount1.
2025-09-01T12:39:15.472Z 	 info: QueueGCManager:markSweepLoop() Start new mark and sweep.
2025-09-01T12:39:15.472Z 	 info: QueueGCManger:markSweep() Get all extents.
2025-09-01T12:39:15.472Z 	 info: QueueGCManager:marksweep() Get 0 extents.
2025-09-01T12:39:15.472Z 	 info: QueueGCManager:markSweep() Get referred extents, then remove from allExtents.
2025-09-01T12:39:15.472Z 	 info: QueueGCManager:markSweep() Got referred extents, unreferenced extents count is 0.
2025-09-01T12:39:15.472Z 	 info: QueueGCManager:markSweepLoop() Mark and sweep finished, take 0ms.
2025-09-01T12:39:15.472Z 	 info: QueueGCManager:markSweepLoop() Sleep for 60000
2025-09-01T12:39:15.488Z 	 info: AccountDataStore:init() Refresh accounts from environment variable AZURITE_ACCOUNTS with value undefined
2025-09-01T12:39:15.489Z 	 info: AccountDataStore:init() Fallback to default emulator account devstoreaccount1.
2025-09-01T12:40:15.472Z 	 info: AccountDataStore:init() Refresh accounts from environment variable AZURITE_ACCOUNTS with value undefined
2025-09-01T12:40:15.473Z 	 info: AccountDataStore:init() Fallback to default emulator account devstoreaccount1.
2025-09-01T12:40:15.473Z 	 info: AccountDataStore:init() Refresh accounts from environment variable AZURITE_ACCOUNTS with value undefined
2025-09-01T12:40:15.473Z 	 info: AccountDataStore:init() Fallback to default emulator account devstoreaccount1.
2025-09-01T12:40:15.473Z 	 info: QueueGCManager:markSweepLoop() Start new mark and sweep.
2025-09-01T12:40:15.473Z 	 info: QueueGCManger:markSweep() Get all extents.
2025-09-01T12:40:15.473Z 	 info: QueueGCManager:marksweep() Get 0 extents.
2025-09-01T12:40:15.473Z 	 info: QueueGCManager:markSweep() Get referred extents, then remove from allExtents.
2025-09-01T12:40:15.473Z 	 info: QueueGCManager:markSweep() Got referred extents, unreferenced extents count is 0.
2025-09-01T12:40:15.473Z 	 info: QueueGCManager:markSweepLoop() Mark and sweep finished, take 0ms.
2025-09-01T12:40:15.473Z 	 info: QueueGCManager:markSweepLoop() Sleep for 60000
2025-09-01T12:40:15.489Z 	 info: AccountDataStore:init() Refresh accounts from environment variable AZURITE_ACCOUNTS with value undefined
2025-09-01T12:40:15.489Z 	 info: AccountDataStore:init() Fallback to default emulator account devstoreaccount1.
2025-09-01T12:41:15.484Z 	 info: AccountDataStore:init() Refresh accounts from environment variable AZURITE_ACCOUNTS with value undefined
2025-09-01T12:41:15.484Z 	 info: AccountDataStore:init() Fallback to default emulator account devstoreaccount1.
2025-09-01T12:41:15.484Z 	 info: AccountDataStore:init() Refresh accounts from environment variable AZURITE_ACCOUNTS with value undefined
2025-09-01T12:41:15.484Z 	 info: AccountDataStore:init() Fallback to default emulator account devstoreaccount1.
2025-09-01T12:41:15.484Z 	 info: QueueGCManager:markSweepLoop() Start new mark and sweep.
2025-09-01T12:41:15.484Z 	 info: QueueGCManger:markSweep() Get all extents.
2025-09-01T12:41:15.484Z 	 info: QueueGCManager:marksweep() Get 0 extents.
2025-09-01T12:41:15.484Z 	 info: QueueGCManager:markSweep() Get referred extents, then remove from allExtents.
2025-09-01T12:41:15.484Z 	 info: QueueGCManager:markSweep() Got referred extents, unreferenced extents count is 0.
2025-09-01T12:41:15.484Z 	 info: QueueGCManager:markSweepLoop() Mark and sweep finished, take 0ms.
2025-09-01T12:41:15.484Z 	 info: QueueGCManager:markSweepLoop() Sleep for 60000
2025-09-01T12:41:15.499Z 	 info: AccountDataStore:init() Refresh accounts from environment variable AZURITE_ACCOUNTS with value undefined
2025-09-01T12:41:15.499Z 	 info: AccountDataStore:init() Fallback to default emulator account devstoreaccount1.
2025-09-01T12:42:15.486Z 	 info: AccountDataStore:init() Refresh accounts from environment variable AZURITE_ACCOUNTS with value undefined
2025-09-01T12:42:15.487Z 	 info: AccountDataStore:init() Fallback to default emulator account devstoreaccount1.
2025-09-01T12:42:15.487Z 	 info: AccountDataStore:init() Refresh accounts from environment variable AZURITE_ACCOUNTS with value undefined
2025-09-01T12:42:15.487Z 	 info: AccountDataStore:init() Fallback to default emulator account devstoreaccount1.
2025-09-01T12:42:15.487Z 	 info: QueueGCManager:markSweepLoop() Start new mark and sweep.
2025-09-01T12:42:15.487Z 	 info: QueueGCManger:markSweep() Get all extents.
2025-09-01T12:42:15.487Z 	 info: QueueGCManager:marksweep() Get 0 extents.
2025-09-01T12:42:15.487Z 	 info: QueueGCManager:markSweep() Get referred extents, then remove from allExtents.
2025-09-01T12:42:15.487Z 	 info: QueueGCManager:markSweep() Got referred extents, unreferenced extents count is 0.
2025-09-01T12:42:15.487Z 	 info: QueueGCManager:markSweepLoop() Mark and sweep finished, take 0ms.
2025-09-01T12:42:15.487Z 	 info: QueueGCManager:markSweepLoop() Sleep for 60000
2025-09-01T12:42:15.501Z 	 info: AccountDataStore:init() Refresh accounts from environment variable AZURITE_ACCOUNTS with value undefined
2025-09-01T12:42:15.501Z 	 info: AccountDataStore:init() Fallback to default emulator account devstoreaccount1.
2025-09-01T12:43:15.497Z 	 info: AccountDataStore:init() Refresh accounts from environment variable AZURITE_ACCOUNTS with value undefined
2025-09-01T12:43:15.497Z 	 info: AccountDataStore:init() Fallback to default emulator account devstoreaccount1.
2025-09-01T12:43:15.497Z 	 info: AccountDataStore:init() Refresh accounts from environment variable AZURITE_ACCOUNTS with value undefined
2025-09-01T12:43:15.497Z 	 info: AccountDataStore:init() Fallback to default emulator account devstoreaccount1.
2025-09-01T12:43:15.497Z 	 info: QueueGCManager:markSweepLoop() Start new mark and sweep.
2025-09-01T12:43:15.497Z 	 info: QueueGCManger:markSweep() Get all extents.
2025-09-01T12:43:15.497Z 	 info: QueueGCManager:marksweep() Get 0 extents.
2025-09-01T12:43:15.497Z 	 info: QueueGCManager:markSweep() Get referred extents, then remove from allExtents.
2025-09-01T12:43:15.497Z 	 info: QueueGCManager:markSweep() Got referred extents, unreferenced extents count is 0.
2025-09-01T12:43:15.497Z 	 info: QueueGCManager:markSweepLoop() Mark and sweep finished, take 0ms.
2025-09-01T12:43:15.497Z 	 info: QueueGCManager:markSweepLoop() Sleep for 60000
2025-09-01T12:43:15.512Z 	 info: AccountDataStore:init() Refresh accounts from environment variable AZURITE_ACCOUNTS with value undefined
2025-09-01T12:43:15.512Z 	 info: AccountDataStore:init() Fallback to default emulator account devstoreaccount1.
2025-09-01T12:44:15.496Z 	 info: AccountDataStore:init() Refresh accounts from environment variable AZURITE_ACCOUNTS with value undefined
2025-09-01T12:44:15.497Z 	 info: AccountDataStore:init() Fallback to default emulator account devstoreaccount1.
2025-09-01T12:44:15.497Z 	 info: AccountDataStore:init() Refresh accounts from environment variable AZURITE_ACCOUNTS with value undefined
2025-09-01T12:44:15.497Z 	 info: AccountDataStore:init() Fallback to default emulator account devstoreaccount1.
2025-09-01T12:44:15.497Z 	 info: QueueGCManager:markSweepLoop() Start new mark and sweep.
2025-09-01T12:44:15.497Z 	 info: QueueGCManger:markSweep() Get all extents.
2025-09-01T12:44:15.497Z 	 info: QueueGCManager:marksweep() Get 0 extents.
2025-09-01T12:44:15.497Z 	 info: QueueGCManager:markSweep() Get referred extents, then remove from allExtents.
2025-09-01T12:44:15.497Z 	 info: QueueGCManager:markSweep() Got referred extents, unreferenced extents count is 0.
2025-09-01T12:44:15.497Z 	 info: QueueGCManager:markSweepLoop() Mark and sweep finished, take 0ms.
2025-09-01T12:44:15.497Z 	 info: QueueGCManager:markSweepLoop() Sleep for 60000
2025-09-01T12:44:15.527Z 	 info: AccountDataStore:init() Refresh accounts from environment variable AZURITE_ACCOUNTS with value undefined
2025-09-01T12:44:15.527Z 	 info: AccountDataStore:init() Fallback to default emulator account devstoreaccount1.
2025-09-01T12:45:15.500Z 	 info: AccountDataStore:init() Refresh accounts from environment variable AZURITE_ACCOUNTS with value undefined
2025-09-01T12:45:15.500Z 	 info: AccountDataStore:init() Fallback to default emulator account devstoreaccount1.
2025-09-01T12:45:15.500Z 	 info: AccountDataStore:init() Refresh accounts from environment variable AZURITE_ACCOUNTS with value undefined
2025-09-01T12:45:15.500Z 	 info: AccountDataStore:init() Fallback to default emulator account devstoreaccount1.
2025-09-01T12:45:15.500Z 	 info: QueueGCManager:markSweepLoop() Start new mark and sweep.
2025-09-01T12:45:15.500Z 	 info: QueueGCManger:markSweep() Get all extents.
2025-09-01T12:45:15.500Z 	 info: QueueGCManager:marksweep() Get 0 extents.
2025-09-01T12:45:15.500Z 	 info: QueueGCManager:markSweep() Get referred extents, then remove from allExtents.
2025-09-01T12:45:15.500Z 	 info: QueueGCManager:markSweep() Got referred extents, unreferenced extents count is 0.
2025-09-01T12:45:15.500Z 	 info: QueueGCManager:markSweepLoop() Mark and sweep finished, take 0ms.
2025-09-01T12:45:15.500Z 	 info: QueueGCManager:markSweepLoop() Sleep for 60000
2025-09-01T12:45:15.533Z 	 info: AccountDataStore:init() Refresh accounts from environment variable AZURITE_ACCOUNTS with value undefined
2025-09-01T12:45:15.533Z 	 info: AccountDataStore:init() Fallback to default emulator account devstoreaccount1.
2025-09-01T12:46:14.529Z 	 info: BlobGCManager:markSweepLoop() Start next mark and sweep.
2025-09-01T12:46:14.530Z 	 info: BlobGCManager:markSweep() Get all extents.
2025-09-01T12:46:14.530Z 	 info: BlobGCManager:markSweep() Got 1 extents.
2025-09-01T12:46:14.530Z 	 info: BlobGCManager:markSweep() Get referred extents.
2025-09-01T12:46:14.531Z 	 info: BlobGCManager:markSweep() Got referred extents, unreferenced extents count is 0.
2025-09-01T12:46:14.531Z 	 info: BlobGCManager:markSweepLoop() Mark and sweep finished, taken 1ms.
2025-09-01T12:46:14.531Z 	 info: BlobGCManager:markSweepLoop() Sleep for 600000ms.
2025-09-01T12:46:15.509Z 	 info: AccountDataStore:init() Refresh accounts from environment variable AZURITE_ACCOUNTS with value undefined
2025-09-01T12:46:15.509Z 	 info: AccountDataStore:init() Fallback to default emulator account devstoreaccount1.
2025-09-01T12:46:15.509Z 	 info: AccountDataStore:init() Refresh accounts from environment variable AZURITE_ACCOUNTS with value undefined
2025-09-01T12:46:15.509Z 	 info: AccountDataStore:init() Fallback to default emulator account devstoreaccount1.
2025-09-01T12:46:15.510Z 	 info: QueueGCManager:markSweepLoop() Start new mark and sweep.
2025-09-01T12:46:15.510Z 	 info: QueueGCManger:markSweep() Get all extents.
2025-09-01T12:46:15.510Z 	 info: QueueGCManager:marksweep() Get 0 extents.
2025-09-01T12:46:15.510Z 	 info: QueueGCManager:markSweep() Get referred extents, then remove from allExtents.
2025-09-01T12:46:15.510Z 	 info: QueueGCManager:markSweep() Got referred extents, unreferenced extents count is 0.
2025-09-01T12:46:15.510Z 	 info: QueueGCManager:markSweepLoop() Mark and sweep finished, take 0ms.
2025-09-01T12:46:15.510Z 	 info: QueueGCManager:markSweepLoop() Sleep for 60000
2025-09-01T12:46:15.540Z 	 info: AccountDataStore:init() Refresh accounts from environment variable AZURITE_ACCOUNTS with value undefined
2025-09-01T12:46:15.540Z 	 info: AccountDataStore:init() Fallback to default emulator account devstoreaccount1.
2025-09-01T12:47:15.522Z 	 info: AccountDataStore:init() Refresh accounts from environment variable AZURITE_ACCOUNTS with value undefined
2025-09-01T12:47:15.522Z 	 info: AccountDataStore:init() Fallback to default emulator account devstoreaccount1.
2025-09-01T12:47:15.522Z 	 info: AccountDataStore:init() Refresh accounts from environment variable AZURITE_ACCOUNTS with value undefined
2025-09-01T12:47:15.522Z 	 info: AccountDataStore:init() Fallback to default emulator account devstoreaccount1.
2025-09-01T12:47:15.522Z 	 info: QueueGCManager:markSweepLoop() Start new mark and sweep.
2025-09-01T12:47:15.522Z 	 info: QueueGCManger:markSweep() Get all extents.
2025-09-01T12:47:15.522Z 	 info: QueueGCManager:marksweep() Get 0 extents.
2025-09-01T12:47:15.522Z 	 info: QueueGCManager:markSweep() Get referred extents, then remove from allExtents.
2025-09-01T12:47:15.522Z 	 info: QueueGCManager:markSweep() Got referred extents, unreferenced extents count is 0.
2025-09-01T12:47:15.522Z 	 info: QueueGCManager:markSweepLoop() Mark and sweep finished, take 0ms.
2025-09-01T12:47:15.522Z 	 info: QueueGCManager:markSweepLoop() Sleep for 60000
2025-09-01T12:47:15.553Z 	 info: AccountDataStore:init() Refresh accounts from environment variable AZURITE_ACCOUNTS with value undefined
2025-09-01T12:47:15.553Z 	 info: AccountDataStore:init() Fallback to default emulator account devstoreaccount1.
2025-09-01T12:48:15.523Z 	 info: AccountDataStore:init() Refresh accounts from environment variable AZURITE_ACCOUNTS with value undefined
2025-09-01T12:48:15.523Z 	 info: AccountDataStore:init() Fallback to default emulator account devstoreaccount1.
2025-09-01T12:48:15.523Z 	 info: AccountDataStore:init() Refresh accounts from environment variable AZURITE_ACCOUNTS with value undefined
2025-09-01T12:48:15.523Z 	 info: AccountDataStore:init() Fallback to default emulator account devstoreaccount1.
2025-09-01T12:48:15.523Z 	 info: QueueGCManager:markSweepLoop() Start new mark and sweep.
2025-09-01T12:48:15.523Z 	 info: QueueGCManger:markSweep() Get all extents.
2025-09-01T12:48:15.523Z 	 info: QueueGCManager:marksweep() Get 0 extents.
2025-09-01T12:48:15.523Z 	 info: QueueGCManager:markSweep() Get referred extents, then remove from allExtents.
2025-09-01T12:48:15.523Z 	 info: QueueGCManager:markSweep() Got referred extents, unreferenced extents count is 0.
2025-09-01T12:48:15.523Z 	 info: QueueGCManager:markSweepLoop() Mark and sweep finished, take 0ms.
2025-09-01T12:48:15.523Z 	 info: QueueGCManager:markSweepLoop() Sleep for 60000
2025-09-01T12:48:15.555Z 	 info: AccountDataStore:init() Refresh accounts from environment variable AZURITE_ACCOUNTS with value undefined
2025-09-01T12:48:15.556Z 	 info: AccountDataStore:init() Fallback to default emulator account devstoreaccount1.
2025-09-01T12:49:15.534Z 	 info: AccountDataStore:init() Refresh accounts from environment variable AZURITE_ACCOUNTS with value undefined
2025-09-01T12:49:15.534Z 	 info: AccountDataStore:init() Fallback to default emulator account devstoreaccount1.
2025-09-01T12:49:15.534Z 	 info: AccountDataStore:init() Refresh accounts from environment variable AZURITE_ACCOUNTS with value undefined
2025-09-01T12:49:15.534Z 	 info: AccountDataStore:init() Fallback to default emulator account devstoreaccount1.
2025-09-01T12:49:15.534Z 	 info: QueueGCManager:markSweepLoop() Start new mark and sweep.
2025-09-01T12:49:15.534Z 	 info: QueueGCManger:markSweep() Get all extents.
2025-09-01T12:49:15.534Z 	 info: QueueGCManager:marksweep() Get 0 extents.
2025-09-01T12:49:15.534Z 	 info: QueueGCManager:markSweep() Get referred extents, then remove from allExtents.
2025-09-01T12:49:15.534Z 	 info: QueueGCManager:markSweep() Got referred extents, unreferenced extents count is 0.
2025-09-01T12:49:15.534Z 	 info: QueueGCManager:markSweepLoop() Mark and sweep finished, take 0ms.
2025-09-01T12:49:15.534Z 	 info: QueueGCManager:markSweepLoop() Sleep for 60000
2025-09-01T12:49:15.565Z 	 info: AccountDataStore:init() Refresh accounts from environment variable AZURITE_ACCOUNTS with value undefined
2025-09-01T12:49:15.565Z 	 info: AccountDataStore:init() Fallback to default emulator account devstoreaccount1.
2025-09-01T12:50:15.540Z 	 info: AccountDataStore:init() Refresh accounts from environment variable AZURITE_ACCOUNTS with value undefined
2025-09-01T12:50:15.541Z 	 info: AccountDataStore:init() Fallback to default emulator account devstoreaccount1.
2025-09-01T12:50:15.541Z 	 info: AccountDataStore:init() Refresh accounts from environment variable AZURITE_ACCOUNTS with value undefined
2025-09-01T12:50:15.541Z 	 info: AccountDataStore:init() Fallback to default emulator account devstoreaccount1.
2025-09-01T12:50:15.541Z 	 info: QueueGCManager:markSweepLoop() Start new mark and sweep.
2025-09-01T12:50:15.541Z 	 info: QueueGCManger:markSweep() Get all extents.
2025-09-01T12:50:15.541Z 	 info: QueueGCManager:marksweep() Get 0 extents.
2025-09-01T12:50:15.541Z 	 info: QueueGCManager:markSweep() Get referred extents, then remove from allExtents.
2025-09-01T12:50:15.541Z 	 info: QueueGCManager:markSweep() Got referred extents, unreferenced extents count is 0.
2025-09-01T12:50:15.541Z 	 info: QueueGCManager:markSweepLoop() Mark and sweep finished, take 0ms.
2025-09-01T12:50:15.541Z 	 info: QueueGCManager:markSweepLoop() Sleep for 60000
2025-09-01T12:50:15.571Z 	 info: AccountDataStore:init() Refresh accounts from environment variable AZURITE_ACCOUNTS with value undefined
2025-09-01T12:50:15.572Z 	 info: AccountDataStore:init() Fallback to default emulator account devstoreaccount1.
2025-09-01T12:51:15.543Z 	 info: AccountDataStore:init() Refresh accounts from environment variable AZURITE_ACCOUNTS with value undefined
2025-09-01T12:51:15.544Z 	 info: AccountDataStore:init() Fallback to default emulator account devstoreaccount1.
2025-09-01T12:51:15.544Z 	 info: AccountDataStore:init() Refresh accounts from environment variable AZURITE_ACCOUNTS with value undefined
2025-09-01T12:51:15.544Z 	 info: AccountDataStore:init() Fallback to default emulator account devstoreaccount1.
2025-09-01T12:51:15.545Z 	 info: QueueGCManager:markSweepLoop() Start new mark and sweep.
2025-09-01T12:51:15.545Z 	 info: QueueGCManger:markSweep() Get all extents.
2025-09-01T12:51:15.545Z 	 info: QueueGCManager:marksweep() Get 0 extents.
2025-09-01T12:51:15.545Z 	 info: QueueGCManager:markSweep() Get referred extents, then remove from allExtents.
2025-09-01T12:51:15.545Z 	 info: QueueGCManager:markSweep() Got referred extents, unreferenced extents count is 0.
2025-09-01T12:51:15.545Z 	 info: QueueGCManager:markSweepLoop() Mark and sweep finished, take 0ms.
2025-09-01T12:51:15.545Z 	 info: QueueGCManager:markSweepLoop() Sleep for 60000
2025-09-01T12:51:15.574Z 	 info: AccountDataStore:init() Refresh accounts from environment variable AZURITE_ACCOUNTS with value undefined
2025-09-01T12:51:15.574Z 	 info: AccountDataStore:init() Fallback to default emulator account devstoreaccount1.
2025-09-01T12:52:15.558Z 	 info: AccountDataStore:init() Refresh accounts from environment variable AZURITE_ACCOUNTS with value undefined
2025-09-01T12:52:15.558Z 	 info: AccountDataStore:init() Fallback to default emulator account devstoreaccount1.
2025-09-01T12:52:15.558Z 	 info: AccountDataStore:init() Refresh accounts from environment variable AZURITE_ACCOUNTS with value undefined
2025-09-01T12:52:15.559Z 	 info: AccountDataStore:init() Fallback to default emulator account devstoreaccount1.
2025-09-01T12:52:15.559Z 	 info: QueueGCManager:markSweepLoop() Start new mark and sweep.
2025-09-01T12:52:15.559Z 	 info: QueueGCManger:markSweep() Get all extents.
2025-09-01T12:52:15.559Z 	 info: QueueGCManager:marksweep() Get 0 extents.
2025-09-01T12:52:15.559Z 	 info: QueueGCManager:markSweep() Get referred extents, then remove from allExtents.
2025-09-01T12:52:15.559Z 	 info: QueueGCManager:markSweep() Got referred extents, unreferenced extents count is 0.
2025-09-01T12:52:15.559Z 	 info: QueueGCManager:markSweepLoop() Mark and sweep finished, take 0ms.
2025-09-01T12:52:15.559Z 	 info: QueueGCManager:markSweepLoop() Sleep for 60000
2025-09-01T12:52:15.589Z 	 info: AccountDataStore:init() Refresh accounts from environment variable AZURITE_ACCOUNTS with value undefined
2025-09-01T12:52:15.590Z 	 info: AccountDataStore:init() Fallback to default emulator account devstoreaccount1.
2025-09-01T12:53:15.572Z 	 info: AccountDataStore:init() Refresh accounts from environment variable AZURITE_ACCOUNTS with value undefined
2025-09-01T12:53:15.572Z 	 info: AccountDataStore:init() Fallback to default emulator account devstoreaccount1.
2025-09-01T12:53:15.572Z 	 info: AccountDataStore:init() Refresh accounts from environment variable AZURITE_ACCOUNTS with value undefined
2025-09-01T12:53:15.572Z 	 info: AccountDataStore:init() Fallback to default emulator account devstoreaccount1.
2025-09-01T12:53:15.572Z 	 info: QueueGCManager:markSweepLoop() Start new mark and sweep.
2025-09-01T12:53:15.572Z 	 info: QueueGCManger:markSweep() Get all extents.
2025-09-01T12:53:15.572Z 	 info: QueueGCManager:marksweep() Get 0 extents.
2025-09-01T12:53:15.572Z 	 info: QueueGCManager:markSweep() Get referred extents, then remove from allExtents.
2025-09-01T12:53:15.572Z 	 info: QueueGCManager:markSweep() Got referred extents, unreferenced extents count is 0.
2025-09-01T12:53:15.572Z 	 info: QueueGCManager:markSweepLoop() Mark and sweep finished, take 0ms.
2025-09-01T12:53:15.572Z 	 info: QueueGCManager:markSweepLoop() Sleep for 60000
2025-09-01T12:53:15.603Z 	 info: AccountDataStore:init() Refresh accounts from environment variable AZURITE_ACCOUNTS with value undefined
2025-09-01T12:53:15.604Z 	 info: AccountDataStore:init() Fallback to default emulator account devstoreaccount1.
2025-09-01T12:54:15.578Z 	 info: AccountDataStore:init() Refresh accounts from environment variable AZURITE_ACCOUNTS with value undefined
2025-09-01T12:54:15.578Z 	 info: AccountDataStore:init() Fallback to default emulator account devstoreaccount1.
2025-09-01T12:54:15.578Z 	 info: AccountDataStore:init() Refresh accounts from environment variable AZURITE_ACCOUNTS with value undefined
2025-09-01T12:54:15.578Z 	 info: AccountDataStore:init() Fallback to default emulator account devstoreaccount1.
2025-09-01T12:54:15.578Z 	 info: QueueGCManager:markSweepLoop() Start new mark and sweep.
2025-09-01T12:54:15.578Z 	 info: QueueGCManger:markSweep() Get all extents.
2025-09-01T12:54:15.578Z 	 info: QueueGCManager:marksweep() Get 0 extents.
2025-09-01T12:54:15.578Z 	 info: QueueGCManager:markSweep() Get referred extents, then remove from allExtents.
2025-09-01T12:54:15.578Z 	 info: QueueGCManager:markSweep() Got referred extents, unreferenced extents count is 0.
2025-09-01T12:54:15.578Z 	 info: QueueGCManager:markSweepLoop() Mark and sweep finished, take 0ms.
2025-09-01T12:54:15.578Z 	 info: QueueGCManager:markSweepLoop() Sleep for 60000
2025-09-01T12:54:15.609Z 	 info: AccountDataStore:init() Refresh accounts from environment variable AZURITE_ACCOUNTS with value undefined
2025-09-01T12:54:15.610Z 	 info: AccountDataStore:init() Fallback to default emulator account devstoreaccount1.
2025-09-01T12:55:15.583Z 	 info: AccountDataStore:init() Refresh accounts from environment variable AZURITE_ACCOUNTS with value undefined
2025-09-01T12:55:15.584Z 	 info: AccountDataStore:init() Fallback to default emulator account devstoreaccount1.
2025-09-01T12:55:15.584Z 	 info: AccountDataStore:init() Refresh accounts from environment variable AZURITE_ACCOUNTS with value undefined
2025-09-01T12:55:15.584Z 	 info: AccountDataStore:init() Fallback to default emulator account devstoreaccount1.
2025-09-01T12:55:15.584Z 	 info: QueueGCManager:markSweepLoop() Start new mark and sweep.
2025-09-01T12:55:15.584Z 	 info: QueueGCManger:markSweep() Get all extents.
2025-09-01T12:55:15.584Z 	 info: QueueGCManager:marksweep() Get 0 extents.
2025-09-01T12:55:15.584Z 	 info: QueueGCManager:markSweep() Get referred extents, then remove from allExtents.
2025-09-01T12:55:15.584Z 	 info: QueueGCManager:markSweep() Got referred extents, unreferenced extents count is 0.
2025-09-01T12:55:15.584Z 	 info: QueueGCManager:markSweepLoop() Mark and sweep finished, take 0ms.
2025-09-01T12:55:15.584Z 	 info: QueueGCManager:markSweepLoop() Sleep for 60000
2025-09-01T12:55:15.615Z 	 info: AccountDataStore:init() Refresh accounts from environment variable AZURITE_ACCOUNTS with value undefined
2025-09-01T12:55:15.615Z 	 info: AccountDataStore:init() Fallback to default emulator account devstoreaccount1.
2025-09-01T12:56:14.541Z 	 info: BlobGCManager:markSweepLoop() Start next mark and sweep.
2025-09-01T12:56:14.542Z 	 info: BlobGCManager:markSweep() Get all extents.
2025-09-01T12:56:14.543Z 	 info: BlobGCManager:markSweep() Got 1 extents.
2025-09-01T12:56:14.543Z 	 info: BlobGCManager:markSweep() Get referred extents.
2025-09-01T12:56:14.543Z 	 info: BlobGCManager:markSweep() Got referred extents, unreferenced extents count is 0.
2025-09-01T12:56:14.543Z 	 info: BlobGCManager:markSweepLoop() Mark and sweep finished, taken 1ms.
2025-09-01T12:56:14.543Z 	 info: BlobGCManager:markSweepLoop() Sleep for 600000ms.
2025-09-01T12:56:15.599Z 	 info: AccountDataStore:init() Refresh accounts from environment variable AZURITE_ACCOUNTS with value undefined
2025-09-01T12:56:15.600Z 	 info: AccountDataStore:init() Fallback to default emulator account devstoreaccount1.
2025-09-01T12:56:15.600Z 	 info: AccountDataStore:init() Refresh accounts from environment variable AZURITE_ACCOUNTS with value undefined
2025-09-01T12:56:15.600Z 	 info: AccountDataStore:init() Fallback to default emulator account devstoreaccount1.
2025-09-01T12:56:15.600Z 	 info: QueueGCManager:markSweepLoop() Start new mark and sweep.
2025-09-01T12:56:15.600Z 	 info: QueueGCManger:markSweep() Get all extents.
2025-09-01T12:56:15.600Z 	 info: QueueGCManager:marksweep() Get 0 extents.
2025-09-01T12:56:15.600Z 	 info: QueueGCManager:markSweep() Get referred extents, then remove from allExtents.
2025-09-01T12:56:15.600Z 	 info: QueueGCManager:markSweep() Got referred extents, unreferenced extents count is 0.
2025-09-01T12:56:15.600Z 	 info: QueueGCManager:markSweepLoop() Mark and sweep finished, take 0ms.
2025-09-01T12:56:15.600Z 	 info: QueueGCManager:markSweepLoop() Sleep for 60000
2025-09-01T12:56:15.615Z 	 info: AccountDataStore:init() Refresh accounts from environment variable AZURITE_ACCOUNTS with value undefined
2025-09-01T12:56:15.615Z 	 info: AccountDataStore:init() Fallback to default emulator account devstoreaccount1.
2025-09-01T12:57:15.600Z 	 info: AccountDataStore:init() Refresh accounts from environment variable AZURITE_ACCOUNTS with value undefined
2025-09-01T12:57:15.600Z 	 info: AccountDataStore:init() Fallback to default emulator account devstoreaccount1.
2025-09-01T12:57:15.600Z 	 info: AccountDataStore:init() Refresh accounts from environment variable AZURITE_ACCOUNTS with value undefined
2025-09-01T12:57:15.600Z 	 info: AccountDataStore:init() Fallback to default emulator account devstoreaccount1.
2025-09-01T12:57:15.600Z 	 info: QueueGCManager:markSweepLoop() Start new mark and sweep.
2025-09-01T12:57:15.600Z 	 info: QueueGCManger:markSweep() Get all extents.
2025-09-01T12:57:15.600Z 	 info: QueueGCManager:marksweep() Get 0 extents.
2025-09-01T12:57:15.600Z 	 info: QueueGCManager:markSweep() Get referred extents, then remove from allExtents.
2025-09-01T12:57:15.600Z 	 info: QueueGCManager:markSweep() Got referred extents, unreferenced extents count is 0.
2025-09-01T12:57:15.600Z 	 info: QueueGCManager:markSweepLoop() Mark and sweep finished, take 0ms.
2025-09-01T12:57:15.600Z 	 info: QueueGCManager:markSweepLoop() Sleep for 60000
2025-09-01T12:57:15.616Z 	 info: AccountDataStore:init() Refresh accounts from environment variable AZURITE_ACCOUNTS with value undefined
2025-09-01T12:57:15.616Z 	 info: AccountDataStore:init() Fallback to default emulator account devstoreaccount1.
2025-09-01T12:58:15.607Z 	 info: AccountDataStore:init() Refresh accounts from environment variable AZURITE_ACCOUNTS with value undefined
2025-09-01T12:58:15.607Z 	 info: AccountDataStore:init() Fallback to default emulator account devstoreaccount1.
2025-09-01T12:58:15.607Z 	 info: AccountDataStore:init() Refresh accounts from environment variable AZURITE_ACCOUNTS with value undefined
2025-09-01T12:58:15.607Z 	 info: AccountDataStore:init() Fallback to default emulator account devstoreaccount1.
2025-09-01T12:58:15.608Z 	 info: QueueGCManager:markSweepLoop() Start new mark and sweep.
2025-09-01T12:58:15.608Z 	 info: QueueGCManger:markSweep() Get all extents.
2025-09-01T12:58:15.608Z 	 info: QueueGCManager:marksweep() Get 0 extents.
2025-09-01T12:58:15.608Z 	 info: QueueGCManager:markSweep() Get referred extents, then remove from allExtents.
2025-09-01T12:58:15.608Z 	 info: QueueGCManager:markSweep() Got referred extents, unreferenced extents count is 0.
2025-09-01T12:58:15.608Z 	 info: QueueGCManager:markSweepLoop() Mark and sweep finished, take 0ms.
2025-09-01T12:58:15.608Z 	 info: QueueGCManager:markSweepLoop() Sleep for 60000
2025-09-01T12:58:15.623Z 	 info: AccountDataStore:init() Refresh accounts from environment variable AZURITE_ACCOUNTS with value undefined
2025-09-01T12:58:15.623Z 	 info: AccountDataStore:init() Fallback to default emulator account devstoreaccount1.
2025-09-01T12:59:15.616Z 	 info: AccountDataStore:init() Refresh accounts from environment variable AZURITE_ACCOUNTS with value undefined
2025-09-01T12:59:15.616Z 	 info: AccountDataStore:init() Fallback to default emulator account devstoreaccount1.
2025-09-01T12:59:15.616Z 	 info: AccountDataStore:init() Refresh accounts from environment variable AZURITE_ACCOUNTS with value undefined
2025-09-01T12:59:15.616Z 	 info: AccountDataStore:init() Fallback to default emulator account devstoreaccount1.
2025-09-01T12:59:15.616Z 	 info: QueueGCManager:markSweepLoop() Start new mark and sweep.
2025-09-01T12:59:15.616Z 	 info: QueueGCManger:markSweep() Get all extents.
2025-09-01T12:59:15.616Z 	 info: QueueGCManager:marksweep() Get 0 extents.
2025-09-01T12:59:15.616Z 	 info: QueueGCManager:markSweep() Get referred extents, then remove from allExtents.
2025-09-01T12:59:15.616Z 	 info: QueueGCManager:markSweep() Got referred extents, unreferenced extents count is 0.
2025-09-01T12:59:15.616Z 	 info: QueueGCManager:markSweepLoop() Mark and sweep finished, take 0ms.
2025-09-01T12:59:15.616Z 	 info: QueueGCManager:markSweepLoop() Sleep for 60000
2025-09-01T12:59:15.632Z 	 info: AccountDataStore:init() Refresh accounts from environment variable AZURITE_ACCOUNTS with value undefined
2025-09-01T12:59:15.632Z 	 info: AccountDataStore:init() Fallback to default emulator account devstoreaccount1.
2025-09-01T13:00:15.631Z 	 info: AccountDataStore:init() Refresh accounts from environment variable AZURITE_ACCOUNTS with value undefined
2025-09-01T13:00:15.631Z 	 info: AccountDataStore:init() Fallback to default emulator account devstoreaccount1.
2025-09-01T13:00:15.631Z 	 info: AccountDataStore:init() Refresh accounts from environment variable AZURITE_ACCOUNTS with value undefined
2025-09-01T13:00:15.631Z 	 info: AccountDataStore:init() Fallback to default emulator account devstoreaccount1.
2025-09-01T13:00:15.631Z 	 info: QueueGCManager:markSweepLoop() Start new mark and sweep.
2025-09-01T13:00:15.631Z 	 info: QueueGCManger:markSweep() Get all extents.
2025-09-01T13:00:15.631Z 	 info: QueueGCManager:marksweep() Get 0 extents.
2025-09-01T13:00:15.631Z 	 info: QueueGCManager:markSweep() Get referred extents, then remove from allExtents.
2025-09-01T13:00:15.631Z 	 info: QueueGCManager:markSweep() Got referred extents, unreferenced extents count is 0.
2025-09-01T13:00:15.631Z 	 info: QueueGCManager:markSweepLoop() Mark and sweep finished, take 0ms.
2025-09-01T13:00:15.631Z 	 info: QueueGCManager:markSweepLoop() Sleep for 60000
2025-09-01T13:00:15.632Z 	 info: AccountDataStore:init() Refresh accounts from environment variable AZURITE_ACCOUNTS with value undefined
2025-09-01T13:00:15.632Z 	 info: AccountDataStore:init() Fallback to default emulator account devstoreaccount1.
2025-09-01T13:01:15.645Z 	 info: AccountDataStore:init() Refresh accounts from environment variable AZURITE_ACCOUNTS with value undefined
2025-09-01T13:01:15.666Z 	 info: AccountDataStore:init() Fallback to default emulator account devstoreaccount1.
2025-09-01T13:01:15.666Z 	 info: AccountDataStore:init() Refresh accounts from environment variable AZURITE_ACCOUNTS with value undefined
2025-09-01T13:01:15.666Z 	 info: AccountDataStore:init() Fallback to default emulator account devstoreaccount1.
2025-09-01T13:01:15.666Z 	 info: QueueGCManager:markSweepLoop() Start new mark and sweep.
2025-09-01T13:01:15.666Z 	 info: QueueGCManger:markSweep() Get all extents.
2025-09-01T13:01:15.666Z 	 info: QueueGCManager:marksweep() Get 0 extents.
2025-09-01T13:01:15.666Z 	 info: QueueGCManager:markSweep() Get referred extents, then remove from allExtents.
2025-09-01T13:01:15.666Z 	 info: QueueGCManager:markSweep() Got referred extents, unreferenced extents count is 0.
2025-09-01T13:01:15.666Z 	 info: QueueGCManager:markSweepLoop() Mark and sweep finished, take 0ms.
2025-09-01T13:01:15.666Z 	 info: QueueGCManager:markSweepLoop() Sleep for 60000
2025-09-01T13:01:15.666Z 	 info: AccountDataStore:init() Refresh accounts from environment variable AZURITE_ACCOUNTS with value undefined
2025-09-01T13:01:15.666Z 	 info: AccountDataStore:init() Fallback to default emulator account devstoreaccount1.
2025-09-01T13:02:15.652Z 	 info: AccountDataStore:init() Refresh accounts from environment variable AZURITE_ACCOUNTS with value undefined
2025-09-01T13:02:15.652Z 	 info: AccountDataStore:init() Fallback to default emulator account devstoreaccount1.
2025-09-01T13:02:15.667Z 	 info: AccountDataStore:init() Refresh accounts from environment variable AZURITE_ACCOUNTS with value undefined
2025-09-01T13:02:15.667Z 	 info: AccountDataStore:init() Fallback to default emulator account devstoreaccount1.
2025-09-01T13:02:15.667Z 	 info: QueueGCManager:markSweepLoop() Start new mark and sweep.
2025-09-01T13:02:15.667Z 	 info: QueueGCManger:markSweep() Get all extents.
2025-09-01T13:02:15.667Z 	 info: QueueGCManager:marksweep() Get 0 extents.
2025-09-01T13:02:15.667Z 	 info: QueueGCManager:markSweep() Get referred extents, then remove from allExtents.
2025-09-01T13:02:15.668Z 	 info: QueueGCManager:markSweep() Got referred extents, unreferenced extents count is 0.
2025-09-01T13:02:15.668Z 	 info: QueueGCManager:markSweepLoop() Mark and sweep finished, take 1ms.
2025-09-01T13:02:15.668Z 	 info: QueueGCManager:markSweepLoop() Sleep for 60000
2025-09-01T13:02:15.668Z 	 info: AccountDataStore:init() Refresh accounts from environment variable AZURITE_ACCOUNTS with value undefined
2025-09-01T13:02:15.668Z 	 info: AccountDataStore:init() Fallback to default emulator account devstoreaccount1.
2025-09-01T13:02:58.114Z 9e759bce-9f6a-49e2-93ef-c90b33a35d34 info: BlobStorageContextMiddleware: RequestMethod=PUT RequestURL=http://127.0.0.1/devstoreaccount1/quality-docs?restype=container RequestHeaders:{"x-ms-version":"2025-07-05","accept":"application/xml","x-ms-blob-public-access":"container","user-agent":"azsdk-js-azure-storage-blob/12.28.0 core-rest-pipeline/1.22.0 Node/22.18.0 OS/(x64-Windows_NT-10.0.26100)","x-ms-client-request-id":"89cb8343-b7cd-4b70-a24e-0bd8c0d1e4d1","x-ms-date":"Mon, 01 Sep 2025 13:02:58 GMT","authorization":"SharedKey devstoreaccount1:f47pI7B7hLmBpBePsFQOvxKIrZ8npYNpRjKZMy3Cil0=","host":"127.0.0.1:10000","connection":"keep-alive","content-length":"0"} ClientIP=127.0.0.1 Protocol=http HTTPVersion=1.1
2025-09-01T13:02:58.114Z 9e759bce-9f6a-49e2-93ef-c90b33a35d34 info: BlobStorageContextMiddleware: Account=devstoreaccount1 Container=quality-docs Blob=
2025-09-01T13:02:58.114Z 9e759bce-9f6a-49e2-93ef-c90b33a35d34 verbose: DispatchMiddleware: Dispatching request...
2025-09-01T13:02:58.114Z 9e759bce-9f6a-49e2-93ef-c90b33a35d34 info: DispatchMiddleware: Operation=Container_Create
2025-09-01T13:02:58.114Z 9e759bce-9f6a-49e2-93ef-c90b33a35d34 verbose: AuthenticationMiddlewareFactory:createAuthenticationMiddleware() Validating authentications.
2025-09-01T13:02:58.114Z 9e759bce-9f6a-49e2-93ef-c90b33a35d34 info: PublicAccessAuthenticator:validate() Start validation against public access.
2025-09-01T13:02:58.114Z 9e759bce-9f6a-49e2-93ef-c90b33a35d34 debug: PublicAccessAuthenticator:validate() Getting account properties...
2025-09-01T13:02:58.114Z 9e759bce-9f6a-49e2-93ef-c90b33a35d34 debug: PublicAccessAuthenticator:validate() Retrieved account name from context: devstoreaccount1, container: quality-docs, blob: 
2025-09-01T13:02:58.115Z 9e759bce-9f6a-49e2-93ef-c90b33a35d34 debug: PublicAccessAuthenticator:validate() Public access type for container quality-docs is "container"
2025-09-01T13:02:58.115Z 9e759bce-9f6a-49e2-93ef-c90b33a35d34 debug: PublicAccessAuthenticator:validate() Operation Container_Create is not in container neither blob level public access list. Validation failed.
2025-09-01T13:02:58.115Z 9e759bce-9f6a-49e2-93ef-c90b33a35d34 info: BlobSharedKeyAuthenticator:validate() Start validation against account shared key authentication.
2025-09-01T13:02:58.115Z 9e759bce-9f6a-49e2-93ef-c90b33a35d34 info: BlobSharedKeyAuthenticator:validate() [STRING TO SIGN]:"PUT\n\n\n\n\n\n\n\n\n\n\n\nx-ms-blob-public-access:container\nx-ms-client-request-id:89cb8343-b7cd-4b70-a24e-0bd8c0d1e4d1\nx-ms-date:Mon, 01 Sep 2025 13:02:58 GMT\nx-ms-version:2025-07-05\n/devstoreaccount1/devstoreaccount1/quality-docs\nrestype:container"
2025-09-01T13:02:58.115Z 9e759bce-9f6a-49e2-93ef-c90b33a35d34 info: BlobSharedKeyAuthenticator:validate() Calculated authentication header based on key1: SharedKey devstoreaccount1:f47pI7B7hLmBpBePsFQOvxKIrZ8npYNpRjKZMy3Cil0=
2025-09-01T13:02:58.115Z 9e759bce-9f6a-49e2-93ef-c90b33a35d34 info: BlobSharedKeyAuthenticator:validate() Signature 1 matched.
2025-09-01T13:02:58.115Z 9e759bce-9f6a-49e2-93ef-c90b33a35d34 verbose: DeserializerMiddleware: Start deserializing...
2025-09-01T13:02:58.115Z 9e759bce-9f6a-49e2-93ef-c90b33a35d34 info: HandlerMiddleware: DeserializedParameters={"options":{"metadata":{},"access":"container","requestId":"89cb8343-b7cd-4b70-a24e-0bd8c0d1e4d1","containerCpkScopeInfo":{}},"restype":"container","version":"2025-07-05"}
2025-09-01T13:02:58.116Z 9e759bce-9f6a-49e2-93ef-c90b33a35d34 error: ErrorMiddleware: Received a MiddlewareError, fill error information to HTTP response
2025-09-01T13:02:58.116Z 9e759bce-9f6a-49e2-93ef-c90b33a35d34 error: ErrorMiddleware: ErrorName=StorageError ErrorMessage=The specified container already exists.  ErrorHTTPStatusCode=409 ErrorHTTPStatusMessage=The specified container already exists. ErrorHTTPHeaders={"x-ms-error-code":"ContainerAlreadyExists","x-ms-request-id":"9e759bce-9f6a-49e2-93ef-c90b33a35d34"} ErrorHTTPBody="<?xml version=\"1.0\" encoding=\"UTF-8\" standalone=\"yes\"?>\n<Error>\n  <Code>ContainerAlreadyExists</Code>\n  <Message>The specified container already exists.\nRequestId:9e759bce-9f6a-49e2-93ef-c90b33a35d34\nTime:2025-09-01T13:02:58.115Z</Message>\n</Error>" ErrorStack="StorageError: The specified container already exists.\n    at StorageErrorFactory.getContainerAlreadyExists (C:\\QR Portal\\node_modules\\azurite\\dist\\src\\blob\\errors\\StorageErrorFactory.js:23:16)\n    at LokiBlobMetadataStore.createContainer (C:\\QR Portal\\node_modules\\azurite\\dist\\src\\blob\\persistence\\LokiBlobMetadataStore.js:299:49)\n    at ContainerHandler.create (C:\\QR Portal\\node_modules\\azurite\\dist\\src\\blob\\handlers\\ContainerHandler.js:44:34)\n    at C:\\QR Portal\\node_modules\\azurite\\dist\\src\\blob\\generated\\middleware\\HandlerMiddlewareFactory.js:58:18\n    at C:\\QR Portal\\node_modules\\azurite\\dist\\src\\blob\\generated\\ExpressMiddlewareFactory.js:78:63\n    at Layer.handle [as handle_request] (C:\\QR Portal\\node_modules\\azurite\\node_modules\\express\\lib\\router\\layer.js:95:5)\n    at trim_prefix (C:\\QR Portal\\node_modules\\azurite\\node_modules\\express\\lib\\router\\index.js:328:13)\n    at C:\\QR Portal\\node_modules\\azurite\\node_modules\\express\\lib\\router\\index.js:286:9\n    at Function.process_params (C:\\QR Portal\\node_modules\\azurite\\node_modules\\express\\lib\\router\\index.js:346:12)\n    at next (C:\\QR Portal\\node_modules\\azurite\\node_modules\\express\\lib\\router\\index.js:280:10)"
2025-09-01T13:02:58.116Z 9e759bce-9f6a-49e2-93ef-c90b33a35d34 error: ErrorMiddleware: Set HTTP code: 409
2025-09-01T13:02:58.116Z 9e759bce-9f6a-49e2-93ef-c90b33a35d34 error: ErrorMiddleware: Set HTTP status message: The specified container already exists.
2025-09-01T13:02:58.116Z 9e759bce-9f6a-49e2-93ef-c90b33a35d34 error: ErrorMiddleware: Set HTTP Header: x-ms-error-code=ContainerAlreadyExists
2025-09-01T13:02:58.116Z 9e759bce-9f6a-49e2-93ef-c90b33a35d34 error: ErrorMiddleware: Set HTTP Header: x-ms-request-id=9e759bce-9f6a-49e2-93ef-c90b33a35d34
2025-09-01T13:02:58.116Z 9e759bce-9f6a-49e2-93ef-c90b33a35d34 error: ErrorMiddleware: Set content type: application/xml
2025-09-01T13:02:58.116Z 9e759bce-9f6a-49e2-93ef-c90b33a35d34 error: ErrorMiddleware: Set HTTP body: "<?xml version=\"1.0\" encoding=\"UTF-8\" standalone=\"yes\"?>\n<Error>\n  <Code>ContainerAlreadyExists</Code>\n  <Message>The specified container already exists.\nRequestId:9e759bce-9f6a-49e2-93ef-c90b33a35d34\nTime:2025-09-01T13:02:58.115Z</Message>\n</Error>"
2025-09-01T13:02:58.116Z 9e759bce-9f6a-49e2-93ef-c90b33a35d34 verbose: Send Blob telemetry: B_Container_Create
2025-09-01T13:02:58.116Z 9e759bce-9f6a-49e2-93ef-c90b33a35d34 info: EndMiddleware: End response. TotalTimeInMS=2 StatusCode=409 StatusMessage=The specified container already exists. Headers={"server":"Azurite-Blob/3.35.0","x-ms-error-code":"ContainerAlreadyExists","x-ms-request-id":"9e759bce-9f6a-49e2-93ef-c90b33a35d34","content-type":"application/xml"}
2025-09-01T13:02:58.127Z ef964de6-b2d9-45bc-9b1a-1e0a693558c4 info: BlobStorageContextMiddleware: RequestMethod=PUT RequestURL=http://127.0.0.1/devstoreaccount1/quality-docs/electric/Continuous-Assessment---1---Cryptography.pdf RequestHeaders:{"content-type":"application/octet-stream","x-ms-version":"2025-07-05","content-length":"186593","x-ms-blob-content-type":"application/pdf","accept":"application/xml","x-ms-blob-type":"BlockBlob","user-agent":"azsdk-js-azure-storage-blob/12.28.0 core-rest-pipeline/1.22.0 Node/22.18.0 OS/(x64-Windows_NT-10.0.26100)","x-ms-client-request-id":"9cb408f5-d656-4f3a-9abc-670462b157ef","x-ms-date":"Mon, 01 Sep 2025 13:02:58 GMT","authorization":"SharedKey devstoreaccount1:PCaiQeB/TjgFnxkQOEgNFVBXPRKGqWzG0MPO1sUnbQA=","host":"127.0.0.1:10000","connection":"keep-alive"} ClientIP=127.0.0.1 Protocol=http HTTPVersion=1.1
2025-09-01T13:02:58.127Z ef964de6-b2d9-45bc-9b1a-1e0a693558c4 info: BlobStorageContextMiddleware: Account=devstoreaccount1 Container=quality-docs Blob=electric/Continuous-Assessment---1---Cryptography.pdf
2025-09-01T13:02:58.127Z ef964de6-b2d9-45bc-9b1a-1e0a693558c4 verbose: DispatchMiddleware: Dispatching request...
2025-09-01T13:02:58.128Z ef964de6-b2d9-45bc-9b1a-1e0a693558c4 info: DispatchMiddleware: Operation=BlockBlob_Upload
2025-09-01T13:02:58.128Z ef964de6-b2d9-45bc-9b1a-1e0a693558c4 verbose: AuthenticationMiddlewareFactory:createAuthenticationMiddleware() Validating authentications.
2025-09-01T13:02:58.128Z ef964de6-b2d9-45bc-9b1a-1e0a693558c4 info: PublicAccessAuthenticator:validate() Start validation against public access.
2025-09-01T13:02:58.128Z ef964de6-b2d9-45bc-9b1a-1e0a693558c4 debug: PublicAccessAuthenticator:validate() Getting account properties...
2025-09-01T13:02:58.128Z ef964de6-b2d9-45bc-9b1a-1e0a693558c4 debug: PublicAccessAuthenticator:validate() Retrieved account name from context: devstoreaccount1, container: quality-docs, blob: electric/Continuous-Assessment---1---Cryptography.pdf
2025-09-01T13:02:58.128Z ef964de6-b2d9-45bc-9b1a-1e0a693558c4 debug: PublicAccessAuthenticator:validate() Public access type for container quality-docs is "container"
2025-09-01T13:02:58.128Z ef964de6-b2d9-45bc-9b1a-1e0a693558c4 debug: PublicAccessAuthenticator:validate() Operation BlockBlob_Upload is not in container neither blob level public access list. Validation failed.
2025-09-01T13:02:58.128Z ef964de6-b2d9-45bc-9b1a-1e0a693558c4 info: BlobSharedKeyAuthenticator:validate() Start validation against account shared key authentication.
2025-09-01T13:02:58.128Z ef964de6-b2d9-45bc-9b1a-1e0a693558c4 info: BlobSharedKeyAuthenticator:validate() [STRING TO SIGN]:"PUT\n\n\n186593\n\napplication/octet-stream\n\n\n\n\n\n\nx-ms-blob-content-type:application/pdf\nx-ms-blob-type:BlockBlob\nx-ms-client-request-id:9cb408f5-d656-4f3a-9abc-670462b157ef\nx-ms-date:Mon, 01 Sep 2025 13:02:58 GMT\nx-ms-version:2025-07-05\n/devstoreaccount1/devstoreaccount1/quality-docs/electric/Continuous-Assessment---1---Cryptography.pdf"
2025-09-01T13:02:58.128Z ef964de6-b2d9-45bc-9b1a-1e0a693558c4 info: BlobSharedKeyAuthenticator:validate() Calculated authentication header based on key1: SharedKey devstoreaccount1:PCaiQeB/TjgFnxkQOEgNFVBXPRKGqWzG0MPO1sUnbQA=
2025-09-01T13:02:58.128Z ef964de6-b2d9-45bc-9b1a-1e0a693558c4 info: BlobSharedKeyAuthenticator:validate() Signature 1 matched.
2025-09-01T13:02:58.128Z ef964de6-b2d9-45bc-9b1a-1e0a693558c4 verbose: DeserializerMiddleware: Start deserializing...
2025-09-01T13:02:58.128Z ef964de6-b2d9-45bc-9b1a-1e0a693558c4 info: HandlerMiddleware: DeserializedParameters={"options":{"metadata":{},"requestId":"9cb408f5-d656-4f3a-9abc-670462b157ef","blobHTTPHeaders":{"blobContentType":"application/pdf"},"leaseAccessConditions":{},"cpkInfo":{},"cpkScopeInfo":{},"modifiedAccessConditions":{}},"contentLength":186593,"version":"2025-07-05","blobType":"BlockBlob","body":"ReadableStream"}
2025-09-01T13:02:58.128Z ef964de6-b2d9-45bc-9b1a-1e0a693558c4 debug: OperationQueue.operate() Schedule incoming job 3592e588-0f20-4ad8-be56-a908e07b13b3
2025-09-01T13:02:58.128Z ef964de6-b2d9-45bc-9b1a-1e0a693558c4 debug: OperationQueue:execute() Current runningConcurrency:0 maxConcurrency:50 operations.length:1
2025-09-01T13:02:58.128Z ef964de6-b2d9-45bc-9b1a-1e0a693558c4 info: FSExtentStore:appendExtent() Select extent from idle location for extent append operation. LocationId:1 extentId:4e550bc3-1e62-43e4-9d3d-6ba2361db643 offset:14473491 MAX_EXTENT_SIZE:67108864 
2025-09-01T13:02:58.128Z ef964de6-b2d9-45bc-9b1a-1e0a693558c4 debug: FSExtentStore:appendExtent() Get fd:4 for extent:4e550bc3-1e62-43e4-9d3d-6ba2361db643 from cache.
2025-09-01T13:02:58.128Z ef964de6-b2d9-45bc-9b1a-1e0a693558c4 debug: FSExtentStore:appendExtent() Created write stream for fd:4
2025-09-01T13:02:58.128Z ef964de6-b2d9-45bc-9b1a-1e0a693558c4 debug: FSExtentStore:appendExtent() Start writing to extent 4e550bc3-1e62-43e4-9d3d-6ba2361db643
2025-09-01T13:02:58.128Z ef964de6-b2d9-45bc-9b1a-1e0a693558c4 debug: FSExtentStore:streamPipe() Start piping data to write stream
2025-09-01T13:02:58.150Z ef964de6-b2d9-45bc-9b1a-1e0a693558c4 debug: FSExtentStore:streamPipe() Readable stream triggers close event, 186593 bytes piped
2025-09-01T13:02:58.150Z ef964de6-b2d9-45bc-9b1a-1e0a693558c4 debug: FSExtentStore:streamPipe() Invoke write stream end()
2025-09-01T13:02:58.150Z ef964de6-b2d9-45bc-9b1a-1e0a693558c4 debug: FSExtentStore:streamPipe() Readable stream triggers close event, 186593 bytes piped
2025-09-01T13:02:58.150Z ef964de6-b2d9-45bc-9b1a-1e0a693558c4 debug: FSExtentStore:streamPipe() Writable stream triggers finish event, after 186593 bytes piped. Flush data to fd:4.
2025-09-01T13:02:58.154Z ef964de6-b2d9-45bc-9b1a-1e0a693558c4 debug: FSExtentStore:streamPipe() Flush data to fd:4 successfully. Resolve streamPipe().
2025-09-01T13:02:58.154Z ef964de6-b2d9-45bc-9b1a-1e0a693558c4 debug: FSExtentStore:appendExtent() Write finish, start updating extent metadata. extent:{"id":"4e550bc3-1e62-43e4-9d3d-6ba2361db643","locationId":"Default","path":"4e550bc3-1e62-43e4-9d3d-6ba2361db643","size":14660084,"lastModifiedInMS":1756731778154}
2025-09-01T13:02:58.154Z ef964de6-b2d9-45bc-9b1a-1e0a693558c4 debug: FSExtentStore:appendExtent() Update extent metadata done. Resolve()
2025-09-01T13:02:58.154Z ef964de6-b2d9-45bc-9b1a-1e0a693558c4 debug: OperationQueue.operate() Job 3592e588-0f20-4ad8-be56-a908e07b13b3 completes callback, resolve.
2025-09-01T13:02:58.154Z ef964de6-b2d9-45bc-9b1a-1e0a693558c4 debug: OperationQueue.operate() Schedule incoming job e1c2f927-8c3b-4040-b9f3-11346d035d50
2025-09-01T13:02:58.154Z ef964de6-b2d9-45bc-9b1a-1e0a693558c4 debug: OperationQueue:execute() Current runningConcurrency:0 maxConcurrency:100 operations.length:1
2025-09-01T13:02:58.154Z ef964de6-b2d9-45bc-9b1a-1e0a693558c4 verbose: FSExtentStore:readExtent() Creating read stream. LocationId:Default extentId:4e550bc3-1e62-43e4-9d3d-6ba2361db643 path:azurite\__blobstorage__\4e550bc3-1e62-43e4-9d3d-6ba2361db643 offset:14473491 count:186593 end:14660083
2025-09-01T13:02:58.154Z ef964de6-b2d9-45bc-9b1a-1e0a693558c4 debug: OperationQueue.operate() Job e1c2f927-8c3b-4040-b9f3-11346d035d50 completes callback, resolve.
2025-09-01T13:02:58.155Z ef964de6-b2d9-45bc-9b1a-1e0a693558c4 debug: OperationQueue:execute() Current runningConcurrency:0 maxConcurrency:50 operations.length:0
2025-09-01T13:02:58.155Z ef964de6-b2d9-45bc-9b1a-1e0a693558c4 debug: OperationQueue:execute() return. Operation.length === 0
2025-09-01T13:02:58.155Z ef964de6-b2d9-45bc-9b1a-1e0a693558c4 debug: OperationQueue:execute() Current runningConcurrency:0 maxConcurrency:100 operations.length:0
2025-09-01T13:02:58.155Z ef964de6-b2d9-45bc-9b1a-1e0a693558c4 debug: OperationQueue:execute() return. Operation.length === 0
2025-09-01T13:02:58.179Z ef964de6-b2d9-45bc-9b1a-1e0a693558c4 verbose: SerializerMiddleware: Start serializing...
2025-09-01T13:02:58.179Z ef964de6-b2d9-45bc-9b1a-1e0a693558c4 verbose: Send Blob telemetry: B_BlockBlob_Upload
2025-09-01T13:02:58.179Z ef964de6-b2d9-45bc-9b1a-1e0a693558c4 info: EndMiddleware: End response. TotalTimeInMS=52 StatusCode=201 StatusMessage=undefined Headers={"server":"Azurite-Blob/3.35.0","etag":"\"0x24BD2FA009B3CC0\"","last-modified":"Mon, 01 Sep 2025 13:02:58 GMT","content-md5":"urf7Oh04An5gpqYtson3dA==","x-ms-client-request-id":"9cb408f5-d656-4f3a-9abc-670462b157ef","x-ms-request-id":"ef964de6-b2d9-45bc-9b1a-1e0a693558c4","x-ms-version":"2025-11-05","date":"Mon, 01 Sep 2025 13:02:58 GMT","x-ms-request-server-encrypted":"true"}
2025-09-01T13:02:58.179Z ef964de6-b2d9-45bc-9b1a-1e0a693558c4 verbose: FSExtentStore:readExtent() Read stream closed. LocationId:Default extentId:4e550bc3-1e62-43e4-9d3d-6ba2361db643 path:azurite\__blobstorage__\4e550bc3-1e62-43e4-9d3d-6ba2361db643 offset:14473491 count:186593 end:14660083
2025-09-01T13:03:15.665Z 	 info: AccountDataStore:init() Refresh accounts from environment variable AZURITE_ACCOUNTS with value undefined
2025-09-01T13:03:15.679Z 	 info: AccountDataStore:init() Fallback to default emulator account devstoreaccount1.
2025-09-01T13:03:15.679Z 	 info: AccountDataStore:init() Refresh accounts from environment variable AZURITE_ACCOUNTS with value undefined
2025-09-01T13:03:15.679Z 	 info: AccountDataStore:init() Fallback to default emulator account devstoreaccount1.
2025-09-01T13:03:15.679Z 	 info: QueueGCManager:markSweepLoop() Start new mark and sweep.
2025-09-01T13:03:15.679Z 	 info: QueueGCManger:markSweep() Get all extents.
2025-09-01T13:03:15.679Z 	 info: QueueGCManager:marksweep() Get 0 extents.
2025-09-01T13:03:15.679Z 	 info: QueueGCManager:markSweep() Get referred extents, then remove from allExtents.
2025-09-01T13:03:15.679Z 	 info: QueueGCManager:markSweep() Got referred extents, unreferenced extents count is 0.
2025-09-01T13:03:15.679Z 	 info: QueueGCManager:markSweepLoop() Mark and sweep finished, take 0ms.
2025-09-01T13:03:15.679Z 	 info: QueueGCManager:markSweepLoop() Sleep for 60000
2025-09-01T13:03:15.679Z 	 info: AccountDataStore:init() Refresh accounts from environment variable AZURITE_ACCOUNTS with value undefined
2025-09-01T13:03:15.680Z 	 info: AccountDataStore:init() Fallback to default emulator account devstoreaccount1.
2025-09-01T13:04:15.670Z 	 info: AccountDataStore:init() Refresh accounts from environment variable AZURITE_ACCOUNTS with value undefined
2025-09-01T13:04:15.670Z 	 info: AccountDataStore:init() Fallback to default emulator account devstoreaccount1.
2025-09-01T13:04:15.685Z 	 info: AccountDataStore:init() Refresh accounts from environment variable AZURITE_ACCOUNTS with value undefined
2025-09-01T13:04:15.685Z 	 info: AccountDataStore:init() Fallback to default emulator account devstoreaccount1.
2025-09-01T13:04:15.685Z 	 info: QueueGCManager:markSweepLoop() Start new mark and sweep.
2025-09-01T13:04:15.685Z 	 info: QueueGCManger:markSweep() Get all extents.
2025-09-01T13:04:15.685Z 	 info: QueueGCManager:marksweep() Get 0 extents.
2025-09-01T13:04:15.685Z 	 info: QueueGCManager:markSweep() Get referred extents, then remove from allExtents.
2025-09-01T13:04:15.685Z 	 info: QueueGCManager:markSweep() Got referred extents, unreferenced extents count is 0.
2025-09-01T13:04:15.686Z 	 info: QueueGCManager:markSweepLoop() Mark and sweep finished, take 1ms.
2025-09-01T13:04:15.686Z 	 info: QueueGCManager:markSweepLoop() Sleep for 60000
2025-09-01T13:04:15.686Z 	 info: AccountDataStore:init() Refresh accounts from environment variable AZURITE_ACCOUNTS with value undefined
2025-09-01T13:04:15.686Z 	 info: AccountDataStore:init() Fallback to default emulator account devstoreaccount1.
2025-09-01T13:05:15.679Z 	 info: AccountDataStore:init() Refresh accounts from environment variable AZURITE_ACCOUNTS with value undefined
2025-09-01T13:05:15.679Z 	 info: AccountDataStore:init() Fallback to default emulator account devstoreaccount1.
2025-09-01T13:05:15.694Z 	 info: AccountDataStore:init() Refresh accounts from environment variable AZURITE_ACCOUNTS with value undefined
2025-09-01T13:05:15.694Z 	 info: AccountDataStore:init() Fallback to default emulator account devstoreaccount1.
2025-09-01T13:05:15.694Z 	 info: QueueGCManager:markSweepLoop() Start new mark and sweep.
2025-09-01T13:05:15.694Z 	 info: QueueGCManger:markSweep() Get all extents.
2025-09-01T13:05:15.694Z 	 info: QueueGCManager:marksweep() Get 0 extents.
2025-09-01T13:05:15.694Z 	 info: QueueGCManager:markSweep() Get referred extents, then remove from allExtents.
2025-09-01T13:05:15.695Z 	 info: QueueGCManager:markSweep() Got referred extents, unreferenced extents count is 0.
2025-09-01T13:05:15.695Z 	 info: QueueGCManager:markSweepLoop() Mark and sweep finished, take 1ms.
2025-09-01T13:05:15.695Z 	 info: QueueGCManager:markSweepLoop() Sleep for 60000
2025-09-01T13:05:15.695Z 	 info: AccountDataStore:init() Refresh accounts from environment variable AZURITE_ACCOUNTS with value undefined
2025-09-01T13:05:15.695Z 	 info: AccountDataStore:init() Fallback to default emulator account devstoreaccount1.
2025-09-01T13:06:14.550Z 	 info: BlobGCManager:markSweepLoop() Start next mark and sweep.
2025-09-01T13:06:14.550Z 	 info: BlobGCManager:markSweep() Get all extents.
2025-09-01T13:06:14.550Z 	 info: BlobGCManager:markSweep() Got 0 extents.
2025-09-01T13:06:14.550Z 	 info: BlobGCManager:markSweep() Get referred extents.
2025-09-01T13:06:14.550Z 	 info: BlobGCManager:markSweep() Got referred extents, unreferenced extents count is 0.
2025-09-01T13:06:14.550Z 	 info: BlobGCManager:markSweepLoop() Mark and sweep finished, taken 0ms.
2025-09-01T13:06:14.550Z 	 info: BlobGCManager:markSweepLoop() Sleep for 600000ms.
2025-09-01T13:06:15.690Z 	 info: AccountDataStore:init() Refresh accounts from environment variable AZURITE_ACCOUNTS with value undefined
2025-09-01T13:06:15.690Z 	 info: AccountDataStore:init() Fallback to default emulator account devstoreaccount1.
2025-09-01T13:06:15.705Z 	 info: AccountDataStore:init() Refresh accounts from environment variable AZURITE_ACCOUNTS with value undefined
2025-09-01T13:06:15.706Z 	 info: AccountDataStore:init() Fallback to default emulator account devstoreaccount1.
2025-09-01T13:06:15.706Z 	 info: QueueGCManager:markSweepLoop() Start new mark and sweep.
2025-09-01T13:06:15.706Z 	 info: QueueGCManger:markSweep() Get all extents.
2025-09-01T13:06:15.706Z 	 info: QueueGCManager:marksweep() Get 0 extents.
2025-09-01T13:06:15.706Z 	 info: QueueGCManager:markSweep() Get referred extents, then remove from allExtents.
2025-09-01T13:06:15.706Z 	 info: QueueGCManager:markSweep() Got referred extents, unreferenced extents count is 0.
2025-09-01T13:06:15.706Z 	 info: QueueGCManager:markSweepLoop() Mark and sweep finished, take 0ms.
2025-09-01T13:06:15.706Z 	 info: QueueGCManager:markSweepLoop() Sleep for 60000
2025-09-01T13:06:15.706Z 	 info: AccountDataStore:init() Refresh accounts from environment variable AZURITE_ACCOUNTS with value undefined
2025-09-01T13:06:15.706Z 	 info: AccountDataStore:init() Fallback to default emulator account devstoreaccount1.
2025-09-01T13:07:15.705Z 	 info: AccountDataStore:init() Refresh accounts from environment variable AZURITE_ACCOUNTS with value undefined
2025-09-01T13:07:15.706Z 	 info: AccountDataStore:init() Fallback to default emulator account devstoreaccount1.
2025-09-01T13:07:15.706Z 	 info: AccountDataStore:init() Refresh accounts from environment variable AZURITE_ACCOUNTS with value undefined
2025-09-01T13:07:15.706Z 	 info: AccountDataStore:init() Fallback to default emulator account devstoreaccount1.
2025-09-01T13:07:15.721Z 	 info: QueueGCManager:markSweepLoop() Start new mark and sweep.
2025-09-01T13:07:15.721Z 	 info: QueueGCManger:markSweep() Get all extents.
2025-09-01T13:07:15.721Z 	 info: QueueGCManager:marksweep() Get 0 extents.
2025-09-01T13:07:15.721Z 	 info: QueueGCManager:markSweep() Get referred extents, then remove from allExtents.
2025-09-01T13:07:15.721Z 	 info: QueueGCManager:markSweep() Got referred extents, unreferenced extents count is 0.
2025-09-01T13:07:15.721Z 	 info: QueueGCManager:markSweepLoop() Mark and sweep finished, take 0ms.
2025-09-01T13:07:15.721Z 	 info: QueueGCManager:markSweepLoop() Sleep for 60000
2025-09-01T13:07:15.721Z 	 info: AccountDataStore:init() Refresh accounts from environment variable AZURITE_ACCOUNTS with value undefined
2025-09-01T13:07:15.721Z 	 info: AccountDataStore:init() Fallback to default emulator account devstoreaccount1.
2025-09-01T13:08:15.712Z 	 info: AccountDataStore:init() Refresh accounts from environment variable AZURITE_ACCOUNTS with value undefined
2025-09-01T13:08:15.712Z 	 info: AccountDataStore:init() Fallback to default emulator account devstoreaccount1.
2025-09-01T13:08:15.712Z 	 info: AccountDataStore:init() Refresh accounts from environment variable AZURITE_ACCOUNTS with value undefined
2025-09-01T13:08:15.712Z 	 info: AccountDataStore:init() Fallback to default emulator account devstoreaccount1.
2025-09-01T13:08:15.727Z 	 info: QueueGCManager:markSweepLoop() Start new mark and sweep.
2025-09-01T13:08:15.727Z 	 info: QueueGCManger:markSweep() Get all extents.
2025-09-01T13:08:15.727Z 	 info: QueueGCManager:marksweep() Get 0 extents.
2025-09-01T13:08:15.727Z 	 info: QueueGCManager:markSweep() Get referred extents, then remove from allExtents.
2025-09-01T13:08:15.727Z 	 info: QueueGCManager:markSweep() Got referred extents, unreferenced extents count is 0.
2025-09-01T13:08:15.727Z 	 info: QueueGCManager:markSweepLoop() Mark and sweep finished, take 0ms.
2025-09-01T13:08:15.727Z 	 info: QueueGCManager:markSweepLoop() Sleep for 60000
2025-09-01T13:08:15.727Z 	 info: AccountDataStore:init() Refresh accounts from environment variable AZURITE_ACCOUNTS with value undefined
2025-09-01T13:08:15.727Z 	 info: AccountDataStore:init() Fallback to default emulator account devstoreaccount1.
2025-09-01T13:09:15.721Z 	 info: AccountDataStore:init() Refresh accounts from environment variable AZURITE_ACCOUNTS with value undefined
2025-09-01T13:09:15.721Z 	 info: AccountDataStore:init() Fallback to default emulator account devstoreaccount1.
2025-09-01T13:09:15.721Z 	 info: AccountDataStore:init() Refresh accounts from environment variable AZURITE_ACCOUNTS with value undefined
2025-09-01T13:09:15.721Z 	 info: AccountDataStore:init() Fallback to default emulator account devstoreaccount1.
2025-09-01T13:09:15.736Z 	 info: QueueGCManager:markSweepLoop() Start new mark and sweep.
2025-09-01T13:09:15.736Z 	 info: QueueGCManger:markSweep() Get all extents.
2025-09-01T13:09:15.736Z 	 info: QueueGCManager:marksweep() Get 0 extents.
2025-09-01T13:09:15.736Z 	 info: QueueGCManager:markSweep() Get referred extents, then remove from allExtents.
2025-09-01T13:09:15.736Z 	 info: QueueGCManager:markSweep() Got referred extents, unreferenced extents count is 0.
2025-09-01T13:09:15.736Z 	 info: QueueGCManager:markSweepLoop() Mark and sweep finished, take 0ms.
2025-09-01T13:09:15.736Z 	 info: QueueGCManager:markSweepLoop() Sleep for 60000
2025-09-01T13:09:15.737Z 	 info: AccountDataStore:init() Refresh accounts from environment variable AZURITE_ACCOUNTS with value undefined
2025-09-01T13:09:15.737Z 	 info: AccountDataStore:init() Fallback to default emulator account devstoreaccount1.
2025-09-01T13:10:15.723Z 	 info: AccountDataStore:init() Refresh accounts from environment variable AZURITE_ACCOUNTS with value undefined
2025-09-01T13:10:15.723Z 	 info: AccountDataStore:init() Fallback to default emulator account devstoreaccount1.
2025-09-01T13:10:15.723Z 	 info: AccountDataStore:init() Refresh accounts from environment variable AZURITE_ACCOUNTS with value undefined
2025-09-01T13:10:15.723Z 	 info: AccountDataStore:init() Fallback to default emulator account devstoreaccount1.
2025-09-01T13:10:15.738Z 	 info: QueueGCManager:markSweepLoop() Start new mark and sweep.
2025-09-01T13:10:15.738Z 	 info: QueueGCManger:markSweep() Get all extents.
2025-09-01T13:10:15.738Z 	 info: QueueGCManager:marksweep() Get 0 extents.
2025-09-01T13:10:15.738Z 	 info: QueueGCManager:markSweep() Get referred extents, then remove from allExtents.
2025-09-01T13:10:15.738Z 	 info: QueueGCManager:markSweep() Got referred extents, unreferenced extents count is 0.
2025-09-01T13:10:15.738Z 	 info: QueueGCManager:markSweepLoop() Mark and sweep finished, take 0ms.
2025-09-01T13:10:15.738Z 	 info: QueueGCManager:markSweepLoop() Sleep for 60000
2025-09-01T13:10:15.738Z 	 info: AccountDataStore:init() Refresh accounts from environment variable AZURITE_ACCOUNTS with value undefined
2025-09-01T13:10:15.738Z 	 info: AccountDataStore:init() Fallback to default emulator account devstoreaccount1.
2025-09-01T13:11:15.725Z 	 info: AccountDataStore:init() Refresh accounts from environment variable AZURITE_ACCOUNTS with value undefined
2025-09-01T13:11:15.726Z 	 info: AccountDataStore:init() Fallback to default emulator account devstoreaccount1.
2025-09-01T13:11:15.726Z 	 info: AccountDataStore:init() Refresh accounts from environment variable AZURITE_ACCOUNTS with value undefined
2025-09-01T13:11:15.726Z 	 info: AccountDataStore:init() Fallback to default emulator account devstoreaccount1.
2025-09-01T13:11:15.741Z 	 info: QueueGCManager:markSweepLoop() Start new mark and sweep.
2025-09-01T13:11:15.741Z 	 info: QueueGCManger:markSweep() Get all extents.
2025-09-01T13:11:15.741Z 	 info: QueueGCManager:marksweep() Get 0 extents.
2025-09-01T13:11:15.741Z 	 info: QueueGCManager:markSweep() Get referred extents, then remove from allExtents.
2025-09-01T13:11:15.741Z 	 info: QueueGCManager:markSweep() Got referred extents, unreferenced extents count is 0.
2025-09-01T13:11:15.741Z 	 info: QueueGCManager:markSweepLoop() Mark and sweep finished, take 0ms.
2025-09-01T13:11:15.741Z 	 info: QueueGCManager:markSweepLoop() Sleep for 60000
2025-09-01T13:11:15.741Z 	 info: AccountDataStore:init() Refresh accounts from environment variable AZURITE_ACCOUNTS with value undefined
2025-09-01T13:11:15.741Z 	 info: AccountDataStore:init() Fallback to default emulator account devstoreaccount1.
2025-09-01T13:12:15.727Z 	 info: AccountDataStore:init() Refresh accounts from environment variable AZURITE_ACCOUNTS with value undefined
2025-09-01T13:12:15.727Z 	 info: AccountDataStore:init() Fallback to default emulator account devstoreaccount1.
2025-09-01T13:12:15.727Z 	 info: AccountDataStore:init() Refresh accounts from environment variable AZURITE_ACCOUNTS with value undefined
2025-09-01T13:12:15.727Z 	 info: AccountDataStore:init() Fallback to default emulator account devstoreaccount1.
2025-09-01T13:12:15.743Z 	 info: QueueGCManager:markSweepLoop() Start new mark and sweep.
2025-09-01T13:12:15.743Z 	 info: QueueGCManger:markSweep() Get all extents.
2025-09-01T13:12:15.743Z 	 info: QueueGCManager:marksweep() Get 0 extents.
2025-09-01T13:12:15.743Z 	 info: QueueGCManager:markSweep() Get referred extents, then remove from allExtents.
2025-09-01T13:12:15.743Z 	 info: QueueGCManager:markSweep() Got referred extents, unreferenced extents count is 0.
2025-09-01T13:12:15.743Z 	 info: QueueGCManager:markSweepLoop() Mark and sweep finished, take 0ms.
2025-09-01T13:12:15.743Z 	 info: QueueGCManager:markSweepLoop() Sleep for 60000
2025-09-01T13:12:15.743Z 	 info: AccountDataStore:init() Refresh accounts from environment variable AZURITE_ACCOUNTS with value undefined
2025-09-01T13:12:15.743Z 	 info: AccountDataStore:init() Fallback to default emulator account devstoreaccount1.
2025-09-01T13:13:15.735Z 	 info: AccountDataStore:init() Refresh accounts from environment variable AZURITE_ACCOUNTS with value undefined
2025-09-01T13:13:15.735Z 	 info: AccountDataStore:init() Fallback to default emulator account devstoreaccount1.
2025-09-01T13:13:15.735Z 	 info: AccountDataStore:init() Refresh accounts from environment variable AZURITE_ACCOUNTS with value undefined
2025-09-01T13:13:15.735Z 	 info: AccountDataStore:init() Fallback to default emulator account devstoreaccount1.
2025-09-01T13:13:15.751Z 	 info: QueueGCManager:markSweepLoop() Start new mark and sweep.
2025-09-01T13:13:15.751Z 	 info: QueueGCManger:markSweep() Get all extents.
2025-09-01T13:13:15.751Z 	 info: QueueGCManager:marksweep() Get 0 extents.
2025-09-01T13:13:15.751Z 	 info: QueueGCManager:markSweep() Get referred extents, then remove from allExtents.
2025-09-01T13:13:15.751Z 	 info: QueueGCManager:markSweep() Got referred extents, unreferenced extents count is 0.
2025-09-01T13:13:15.751Z 	 info: QueueGCManager:markSweepLoop() Mark and sweep finished, take 0ms.
2025-09-01T13:13:15.751Z 	 info: QueueGCManager:markSweepLoop() Sleep for 60000
2025-09-01T13:13:15.751Z 	 info: AccountDataStore:init() Refresh accounts from environment variable AZURITE_ACCOUNTS with value undefined
2025-09-01T13:13:15.751Z 	 info: AccountDataStore:init() Fallback to default emulator account devstoreaccount1.
2025-09-01T13:14:15.744Z 	 info: AccountDataStore:init() Refresh accounts from environment variable AZURITE_ACCOUNTS with value undefined
2025-09-01T13:14:15.744Z 	 info: AccountDataStore:init() Fallback to default emulator account devstoreaccount1.
2025-09-01T13:14:15.744Z 	 info: AccountDataStore:init() Refresh accounts from environment variable AZURITE_ACCOUNTS with value undefined
2025-09-01T13:14:15.744Z 	 info: AccountDataStore:init() Fallback to default emulator account devstoreaccount1.
2025-09-01T13:14:15.759Z 	 info: QueueGCManager:markSweepLoop() Start new mark and sweep.
2025-09-01T13:14:15.759Z 	 info: QueueGCManger:markSweep() Get all extents.
2025-09-01T13:14:15.759Z 	 info: QueueGCManager:marksweep() Get 0 extents.
2025-09-01T13:14:15.759Z 	 info: QueueGCManager:markSweep() Get referred extents, then remove from allExtents.
2025-09-01T13:14:15.759Z 	 info: QueueGCManager:markSweep() Got referred extents, unreferenced extents count is 0.
2025-09-01T13:14:15.759Z 	 info: QueueGCManager:markSweepLoop() Mark and sweep finished, take 0ms.
2025-09-01T13:14:15.759Z 	 info: QueueGCManager:markSweepLoop() Sleep for 60000
2025-09-01T13:14:15.759Z 	 info: AccountDataStore:init() Refresh accounts from environment variable AZURITE_ACCOUNTS with value undefined
2025-09-01T13:14:15.759Z 	 info: AccountDataStore:init() Fallback to default emulator account devstoreaccount1.
2025-09-01T13:15:15.746Z 	 info: AccountDataStore:init() Refresh accounts from environment variable AZURITE_ACCOUNTS with value undefined
2025-09-01T13:15:15.747Z 	 info: AccountDataStore:init() Fallback to default emulator account devstoreaccount1.
2025-09-01T13:15:15.747Z 	 info: AccountDataStore:init() Refresh accounts from environment variable AZURITE_ACCOUNTS with value undefined
2025-09-01T13:15:15.747Z 	 info: AccountDataStore:init() Fallback to default emulator account devstoreaccount1.
2025-09-01T13:15:15.763Z 	 info: QueueGCManager:markSweepLoop() Start new mark and sweep.
2025-09-01T13:15:15.763Z 	 info: QueueGCManger:markSweep() Get all extents.
2025-09-01T13:15:15.763Z 	 info: QueueGCManager:marksweep() Get 0 extents.
2025-09-01T13:15:15.763Z 	 info: QueueGCManager:markSweep() Get referred extents, then remove from allExtents.
2025-09-01T13:15:15.763Z 	 info: QueueGCManager:markSweep() Got referred extents, unreferenced extents count is 0.
2025-09-01T13:15:15.763Z 	 info: QueueGCManager:markSweepLoop() Mark and sweep finished, take 0ms.
2025-09-01T13:15:15.763Z 	 info: QueueGCManager:markSweepLoop() Sleep for 60000
2025-09-01T13:15:15.763Z 	 info: AccountDataStore:init() Refresh accounts from environment variable AZURITE_ACCOUNTS with value undefined
2025-09-01T13:15:15.763Z 	 info: AccountDataStore:init() Fallback to default emulator account devstoreaccount1.
2025-09-01T13:16:14.568Z 	 info: BlobGCManager:markSweepLoop() Start next mark and sweep.
2025-09-01T13:16:14.568Z 	 info: BlobGCManager:markSweep() Get all extents.
2025-09-01T13:16:14.568Z 	 info: BlobGCManager:markSweep() Got 1 extents.
2025-09-01T13:16:14.568Z 	 info: BlobGCManager:markSweep() Get referred extents.
2025-09-01T13:16:14.568Z 	 info: BlobGCManager:markSweep() Got referred extents, unreferenced extents count is 0.
2025-09-01T13:16:14.568Z 	 info: BlobGCManager:markSweepLoop() Mark and sweep finished, taken 0ms.
2025-09-01T13:16:14.568Z 	 info: BlobGCManager:markSweepLoop() Sleep for 600000ms.
2025-09-01T13:16:15.753Z 	 info: AccountDataStore:init() Refresh accounts from environment variable AZURITE_ACCOUNTS with value undefined
2025-09-01T13:16:15.753Z 	 info: AccountDataStore:init() Fallback to default emulator account devstoreaccount1.
2025-09-01T13:16:15.753Z 	 info: AccountDataStore:init() Refresh accounts from environment variable AZURITE_ACCOUNTS with value undefined
2025-09-01T13:16:15.754Z 	 info: AccountDataStore:init() Fallback to default emulator account devstoreaccount1.
2025-09-01T13:16:15.769Z 	 info: QueueGCManager:markSweepLoop() Start new mark and sweep.
2025-09-01T13:16:15.769Z 	 info: QueueGCManger:markSweep() Get all extents.
2025-09-01T13:16:15.769Z 	 info: QueueGCManager:marksweep() Get 0 extents.
2025-09-01T13:16:15.769Z 	 info: QueueGCManager:markSweep() Get referred extents, then remove from allExtents.
2025-09-01T13:16:15.769Z 	 info: QueueGCManager:markSweep() Got referred extents, unreferenced extents count is 0.
2025-09-01T13:16:15.769Z 	 info: QueueGCManager:markSweepLoop() Mark and sweep finished, take 0ms.
2025-09-01T13:16:15.769Z 	 info: QueueGCManager:markSweepLoop() Sleep for 60000
2025-09-01T13:16:15.769Z 	 info: AccountDataStore:init() Refresh accounts from environment variable AZURITE_ACCOUNTS with value undefined
2025-09-01T13:16:15.769Z 	 info: AccountDataStore:init() Fallback to default emulator account devstoreaccount1.
2025-09-01T13:17:15.753Z 	 info: AccountDataStore:init() Refresh accounts from environment variable AZURITE_ACCOUNTS with value undefined
2025-09-01T13:17:15.753Z 	 info: AccountDataStore:init() Fallback to default emulator account devstoreaccount1.
2025-09-01T13:17:15.753Z 	 info: AccountDataStore:init() Refresh accounts from environment variable AZURITE_ACCOUNTS with value undefined
2025-09-01T13:17:15.753Z 	 info: AccountDataStore:init() Fallback to default emulator account devstoreaccount1.
2025-09-01T13:17:15.769Z 	 info: QueueGCManager:markSweepLoop() Start new mark and sweep.
2025-09-01T13:17:15.769Z 	 info: QueueGCManger:markSweep() Get all extents.
2025-09-01T13:17:15.769Z 	 info: QueueGCManager:marksweep() Get 0 extents.
2025-09-01T13:17:15.769Z 	 info: QueueGCManager:markSweep() Get referred extents, then remove from allExtents.
2025-09-01T13:17:15.770Z 	 info: QueueGCManager:markSweep() Got referred extents, unreferenced extents count is 0.
2025-09-01T13:17:15.770Z 	 info: QueueGCManager:markSweepLoop() Mark and sweep finished, take 1ms.
2025-09-01T13:17:15.770Z 	 info: QueueGCManager:markSweepLoop() Sleep for 60000
2025-09-01T13:17:15.770Z 	 info: AccountDataStore:init() Refresh accounts from environment variable AZURITE_ACCOUNTS with value undefined
2025-09-01T13:17:15.770Z 	 info: AccountDataStore:init() Fallback to default emulator account devstoreaccount1.
2025-09-01T13:18:15.753Z 	 info: AccountDataStore:init() Refresh accounts from environment variable AZURITE_ACCOUNTS with value undefined
2025-09-01T13:18:15.753Z 	 info: AccountDataStore:init() Fallback to default emulator account devstoreaccount1.
2025-09-01T13:18:15.753Z 	 info: AccountDataStore:init() Refresh accounts from environment variable AZURITE_ACCOUNTS with value undefined
2025-09-01T13:18:15.754Z 	 info: AccountDataStore:init() Fallback to default emulator account devstoreaccount1.
2025-09-01T13:18:15.785Z 	 info: QueueGCManager:markSweepLoop() Start new mark and sweep.
2025-09-01T13:18:15.785Z 	 info: QueueGCManger:markSweep() Get all extents.
2025-09-01T13:18:15.785Z 	 info: QueueGCManager:marksweep() Get 0 extents.
2025-09-01T13:18:15.785Z 	 info: QueueGCManager:markSweep() Get referred extents, then remove from allExtents.
2025-09-01T13:18:15.785Z 	 info: QueueGCManager:markSweep() Got referred extents, unreferenced extents count is 0.
2025-09-01T13:18:15.785Z 	 info: QueueGCManager:markSweepLoop() Mark and sweep finished, take 0ms.
2025-09-01T13:18:15.785Z 	 info: QueueGCManager:markSweepLoop() Sleep for 60000
2025-09-01T13:18:15.785Z 	 info: AccountDataStore:init() Refresh accounts from environment variable AZURITE_ACCOUNTS with value undefined
2025-09-01T13:18:15.785Z 	 info: AccountDataStore:init() Fallback to default emulator account devstoreaccount1.
2025-09-01T13:19:15.761Z 	 info: AccountDataStore:init() Refresh accounts from environment variable AZURITE_ACCOUNTS with value undefined
2025-09-01T13:19:15.761Z 	 info: AccountDataStore:init() Fallback to default emulator account devstoreaccount1.
2025-09-01T13:19:15.761Z 	 info: AccountDataStore:init() Refresh accounts from environment variable AZURITE_ACCOUNTS with value undefined
2025-09-01T13:19:15.761Z 	 info: AccountDataStore:init() Fallback to default emulator account devstoreaccount1.
2025-09-01T13:19:15.791Z 	 info: QueueGCManager:markSweepLoop() Start new mark and sweep.
2025-09-01T13:19:15.791Z 	 info: QueueGCManger:markSweep() Get all extents.
2025-09-01T13:19:15.791Z 	 info: QueueGCManager:marksweep() Get 0 extents.
2025-09-01T13:19:15.791Z 	 info: QueueGCManager:markSweep() Get referred extents, then remove from allExtents.
2025-09-01T13:19:15.791Z 	 info: QueueGCManager:markSweep() Got referred extents, unreferenced extents count is 0.
2025-09-01T13:19:15.791Z 	 info: QueueGCManager:markSweepLoop() Mark and sweep finished, take 0ms.
2025-09-01T13:19:15.791Z 	 info: QueueGCManager:markSweepLoop() Sleep for 60000
2025-09-01T13:19:15.791Z 	 info: AccountDataStore:init() Refresh accounts from environment variable AZURITE_ACCOUNTS with value undefined
2025-09-01T13:19:15.791Z 	 info: AccountDataStore:init() Fallback to default emulator account devstoreaccount1.
2025-09-01T13:20:15.765Z 	 info: AccountDataStore:init() Refresh accounts from environment variable AZURITE_ACCOUNTS with value undefined
2025-09-01T13:20:15.765Z 	 info: AccountDataStore:init() Fallback to default emulator account devstoreaccount1.
2025-09-01T13:20:15.765Z 	 info: AccountDataStore:init() Refresh accounts from environment variable AZURITE_ACCOUNTS with value undefined
2025-09-01T13:20:15.765Z 	 info: AccountDataStore:init() Fallback to default emulator account devstoreaccount1.
2025-09-01T13:20:15.795Z 	 info: QueueGCManager:markSweepLoop() Start new mark and sweep.
2025-09-01T13:20:15.796Z 	 info: QueueGCManger:markSweep() Get all extents.
2025-09-01T13:20:15.796Z 	 info: QueueGCManager:marksweep() Get 0 extents.
2025-09-01T13:20:15.796Z 	 info: QueueGCManager:markSweep() Get referred extents, then remove from allExtents.
2025-09-01T13:20:15.796Z 	 info: QueueGCManager:markSweep() Got referred extents, unreferenced extents count is 0.
2025-09-01T13:20:15.796Z 	 info: QueueGCManager:markSweepLoop() Mark and sweep finished, take 0ms.
2025-09-01T13:20:15.796Z 	 info: QueueGCManager:markSweepLoop() Sleep for 60000
2025-09-01T13:20:15.796Z 	 info: AccountDataStore:init() Refresh accounts from environment variable AZURITE_ACCOUNTS with value undefined
2025-09-01T13:20:15.796Z 	 info: AccountDataStore:init() Fallback to default emulator account devstoreaccount1.
2025-09-01T13:21:15.778Z 	 info: AccountDataStore:init() Refresh accounts from environment variable AZURITE_ACCOUNTS with value undefined
2025-09-01T13:21:15.778Z 	 info: AccountDataStore:init() Fallback to default emulator account devstoreaccount1.
2025-09-01T13:21:15.779Z 	 info: AccountDataStore:init() Refresh accounts from environment variable AZURITE_ACCOUNTS with value undefined
2025-09-01T13:21:15.779Z 	 info: AccountDataStore:init() Fallback to default emulator account devstoreaccount1.
2025-09-01T13:21:15.809Z 	 info: QueueGCManager:markSweepLoop() Start new mark and sweep.
2025-09-01T13:21:15.810Z 	 info: QueueGCManger:markSweep() Get all extents.
2025-09-01T13:21:15.810Z 	 info: QueueGCManager:marksweep() Get 0 extents.
2025-09-01T13:21:15.810Z 	 info: QueueGCManager:markSweep() Get referred extents, then remove from allExtents.
2025-09-01T13:21:15.810Z 	 info: QueueGCManager:markSweep() Got referred extents, unreferenced extents count is 0.
2025-09-01T13:21:15.810Z 	 info: QueueGCManager:markSweepLoop() Mark and sweep finished, take 0ms.
2025-09-01T13:21:15.810Z 	 info: QueueGCManager:markSweepLoop() Sleep for 60000
2025-09-01T13:21:15.810Z 	 info: AccountDataStore:init() Refresh accounts from environment variable AZURITE_ACCOUNTS with value undefined
2025-09-01T13:21:15.810Z 	 info: AccountDataStore:init() Fallback to default emulator account devstoreaccount1.
2025-09-01T13:22:15.783Z 	 info: AccountDataStore:init() Refresh accounts from environment variable AZURITE_ACCOUNTS with value undefined
2025-09-01T13:22:15.783Z 	 info: AccountDataStore:init() Fallback to default emulator account devstoreaccount1.
2025-09-01T13:22:15.783Z 	 info: AccountDataStore:init() Refresh accounts from environment variable AZURITE_ACCOUNTS with value undefined
2025-09-01T13:22:15.783Z 	 info: AccountDataStore:init() Fallback to default emulator account devstoreaccount1.
2025-09-01T13:22:15.815Z 	 info: QueueGCManager:markSweepLoop() Start new mark and sweep.
2025-09-01T13:22:15.815Z 	 info: QueueGCManger:markSweep() Get all extents.
2025-09-01T13:22:15.815Z 	 info: QueueGCManager:marksweep() Get 0 extents.
2025-09-01T13:22:15.815Z 	 info: QueueGCManager:markSweep() Get referred extents, then remove from allExtents.
2025-09-01T13:22:15.815Z 	 info: QueueGCManager:markSweep() Got referred extents, unreferenced extents count is 0.
2025-09-01T13:22:15.815Z 	 info: QueueGCManager:markSweepLoop() Mark and sweep finished, take 0ms.
2025-09-01T13:22:15.815Z 	 info: QueueGCManager:markSweepLoop() Sleep for 60000
2025-09-01T13:22:15.815Z 	 info: AccountDataStore:init() Refresh accounts from environment variable AZURITE_ACCOUNTS with value undefined
2025-09-01T13:22:15.815Z 	 info: AccountDataStore:init() Fallback to default emulator account devstoreaccount1.
2025-09-01T13:23:15.785Z 	 info: AccountDataStore:init() Refresh accounts from environment variable AZURITE_ACCOUNTS with value undefined
2025-09-01T13:23:15.785Z 	 info: AccountDataStore:init() Fallback to default emulator account devstoreaccount1.
2025-09-01T13:23:15.785Z 	 info: AccountDataStore:init() Refresh accounts from environment variable AZURITE_ACCOUNTS with value undefined
2025-09-01T13:23:15.785Z 	 info: AccountDataStore:init() Fallback to default emulator account devstoreaccount1.
2025-09-01T13:23:15.816Z 	 info: QueueGCManager:markSweepLoop() Start new mark and sweep.
2025-09-01T13:23:15.816Z 	 info: QueueGCManger:markSweep() Get all extents.
2025-09-01T13:23:15.816Z 	 info: QueueGCManager:marksweep() Get 0 extents.
2025-09-01T13:23:15.816Z 	 info: QueueGCManager:markSweep() Get referred extents, then remove from allExtents.
2025-09-01T13:23:15.816Z 	 info: QueueGCManager:markSweep() Got referred extents, unreferenced extents count is 0.
2025-09-01T13:23:15.816Z 	 info: QueueGCManager:markSweepLoop() Mark and sweep finished, take 0ms.
2025-09-01T13:23:15.816Z 	 info: QueueGCManager:markSweepLoop() Sleep for 60000
2025-09-01T13:23:15.816Z 	 info: AccountDataStore:init() Refresh accounts from environment variable AZURITE_ACCOUNTS with value undefined
2025-09-01T13:23:15.816Z 	 info: AccountDataStore:init() Fallback to default emulator account devstoreaccount1.
2025-09-01T13:24:08.209Z 48ce8668-301c-43e5-807d-2ae6b5171e2d info: BlobStorageContextMiddleware: RequestMethod=GET RequestURL=http://127.0.0.1/devstoreaccount1/quality-docs/testing/ticket.pdf RequestHeaders:{"host":"127.0.0.1:10000","connection":"keep-alive","upgrade-insecure-requests":"1","user-agent":"Mozilla/5.0 (Windows NT 10.0; Win64; x64) AppleWebKit/537.36 (KHTML, like Gecko) Chrome/139.0.0.0 Safari/537.36","accept":"text/html,application/xhtml+xml,application/xml;q=0.9,image/avif,image/webp,image/apng,*/*;q=0.8,application/signed-exchange;v=b3;q=0.7","sec-fetch-site":"none","sec-fetch-mode":"navigate","sec-fetch-user":"?1","sec-fetch-dest":"document","sec-ch-ua":"\"Not;A=Brand\";v=\"99\", \"Google Chrome\";v=\"139\", \"Chromium\";v=\"139\"","sec-ch-ua-mobile":"?0","sec-ch-ua-platform":"\"Windows\"","accept-encoding":"gzip, deflate, br, zstd","accept-language":"en-US,en;q=0.9"} ClientIP=127.0.0.1 Protocol=http HTTPVersion=1.1
2025-09-01T13:24:08.210Z 48ce8668-301c-43e5-807d-2ae6b5171e2d info: BlobStorageContextMiddleware: Account=devstoreaccount1 Container=quality-docs Blob=testing/ticket.pdf
2025-09-01T13:24:08.210Z 48ce8668-301c-43e5-807d-2ae6b5171e2d verbose: DispatchMiddleware: Dispatching request...
2025-09-01T13:24:08.210Z 48ce8668-301c-43e5-807d-2ae6b5171e2d info: DispatchMiddleware: Operation=Blob_Download
2025-09-01T13:24:08.210Z 48ce8668-301c-43e5-807d-2ae6b5171e2d verbose: AuthenticationMiddlewareFactory:createAuthenticationMiddleware() Validating authentications.
2025-09-01T13:24:08.210Z 48ce8668-301c-43e5-807d-2ae6b5171e2d info: PublicAccessAuthenticator:validate() Start validation against public access.
2025-09-01T13:24:08.210Z 48ce8668-301c-43e5-807d-2ae6b5171e2d debug: PublicAccessAuthenticator:validate() Getting account properties...
2025-09-01T13:24:08.210Z 48ce8668-301c-43e5-807d-2ae6b5171e2d debug: PublicAccessAuthenticator:validate() Retrieved account name from context: devstoreaccount1, container: quality-docs, blob: testing/ticket.pdf
2025-09-01T13:24:08.210Z 48ce8668-301c-43e5-807d-2ae6b5171e2d debug: PublicAccessAuthenticator:validate() Public access type for container quality-docs is "container"
2025-09-01T13:24:08.210Z 48ce8668-301c-43e5-807d-2ae6b5171e2d debug: PublicAccessAuthenticator:validate() Operation Blob_Download is in container level public access list. Validation passed.
2025-09-01T13:24:08.210Z 48ce8668-301c-43e5-807d-2ae6b5171e2d verbose: DeserializerMiddleware: Start deserializing...
2025-09-01T13:24:08.211Z 48ce8668-301c-43e5-807d-2ae6b5171e2d info: HandlerMiddleware: DeserializedParameters={"options":{"leaseAccessConditions":{},"cpkInfo":{},"modifiedAccessConditions":{}}}
2025-09-01T13:24:08.211Z 48ce8668-301c-43e5-807d-2ae6b5171e2d info: BlobHandler:downloadBlockBlobOrAppendBlob() NormalizedDownloadRange=bytes=0-199220 RequiredContentLength=199221
2025-09-01T13:24:08.211Z 48ce8668-301c-43e5-807d-2ae6b5171e2d debug: OperationQueue.operate() Schedule incoming job 8ae1a106-41ae-4271-a55e-fbe6f1e2ea91
2025-09-01T13:24:08.211Z 48ce8668-301c-43e5-807d-2ae6b5171e2d debug: OperationQueue:execute() Current runningConcurrency:0 maxConcurrency:100 operations.length:1
2025-09-01T13:24:08.211Z 48ce8668-301c-43e5-807d-2ae6b5171e2d verbose: FSExtentStore:readExtent() Creating read stream. LocationId:Default extentId:4e550bc3-1e62-43e4-9d3d-6ba2361db643 path:azurite\__blobstorage__\4e550bc3-1e62-43e4-9d3d-6ba2361db643 offset:14274270 count:199221 end:14473490
2025-09-01T13:24:08.211Z 48ce8668-301c-43e5-807d-2ae6b5171e2d debug: OperationQueue.operate() Job 8ae1a106-41ae-4271-a55e-fbe6f1e2ea91 completes callback, resolve.
2025-09-01T13:24:08.211Z 48ce8668-301c-43e5-807d-2ae6b5171e2d verbose: SerializerMiddleware: Start serializing...
2025-09-01T13:24:08.212Z 48ce8668-301c-43e5-807d-2ae6b5171e2d info: Serializer: Start returning stream body.
2025-09-01T13:24:08.213Z 48ce8668-301c-43e5-807d-2ae6b5171e2d debug: OperationQueue:execute() Current runningConcurrency:0 maxConcurrency:100 operations.length:0
2025-09-01T13:24:08.213Z 48ce8668-301c-43e5-807d-2ae6b5171e2d debug: OperationQueue:execute() return. Operation.length === 0
2025-09-01T13:24:08.215Z 48ce8668-301c-43e5-807d-2ae6b5171e2d verbose: Send Blob telemetry: B_Blob_Download
2025-09-01T13:24:08.215Z 48ce8668-301c-43e5-807d-2ae6b5171e2d info: EndMiddleware: End response. TotalTimeInMS=6 StatusCode=200 StatusMessage=OK Headers={"server":"Azurite-Blob/3.35.0","last-modified":"Mon, 01 Sep 2025 11:05:47 GMT","x-ms-creation-time":"Mon, 01 Sep 2025 11:05:47 GMT","content-length":"199221","content-type":"application/pdf","etag":"\"0x1DDB73064AA6B20\"","content-md5":"aiwW2KQTKd9XZKBWuYb6xw==","x-ms-blob-type":"BlockBlob","x-ms-lease-state":"available","x-ms-lease-status":"unlocked","x-ms-request-id":"48ce8668-301c-43e5-807d-2ae6b5171e2d","x-ms-version":"2025-11-05","accept-ranges":"bytes","date":"Mon, 01 Sep 2025 13:24:08 GMT","x-ms-server-encrypted":"true","x-ms-blob-content-md5":"aiwW2KQTKd9XZKBWuYb6xw=="}
2025-09-01T13:24:08.215Z 48ce8668-301c-43e5-807d-2ae6b5171e2d verbose: FSExtentStore:readExtent() Read stream closed. LocationId:Default extentId:4e550bc3-1e62-43e4-9d3d-6ba2361db643 path:azurite\__blobstorage__\4e550bc3-1e62-43e4-9d3d-6ba2361db643 offset:14274270 count:199221 end:14473490
2025-09-01T13:24:08.310Z 6b86d74b-a38a-44a7-9dc9-179d2fd8cdc7 info: BlobStorageContextMiddleware: RequestMethod=GET RequestURL=http://127.0.0.1/favicon.ico RequestHeaders:{"host":"127.0.0.1:10000","connection":"keep-alive","sec-ch-ua-platform":"\"Windows\"","user-agent":"Mozilla/5.0 (Windows NT 10.0; Win64; x64) AppleWebKit/537.36 (KHTML, like Gecko) Chrome/139.0.0.0 Safari/537.36","sec-ch-ua":"\"Not;A=Brand\";v=\"99\", \"Google Chrome\";v=\"139\", \"Chromium\";v=\"139\"","sec-ch-ua-mobile":"?0","accept":"image/avif,image/webp,image/apng,image/svg+xml,image/*,*/*;q=0.8","sec-fetch-site":"same-origin","sec-fetch-mode":"no-cors","sec-fetch-dest":"image","referer":"http://127.0.0.1:10000/devstoreaccount1/quality-docs/testing/ticket.pdf","accept-encoding":"gzip, deflate, br, zstd","accept-language":"en-US,en;q=0.9"} ClientIP=127.0.0.1 Protocol=http HTTPVersion=1.1
2025-09-01T13:24:08.311Z 6b86d74b-a38a-44a7-9dc9-179d2fd8cdc7 info: BlobStorageContextMiddleware: Account=favicon.ico Container=undefined Blob=
2025-09-01T13:24:08.311Z 6b86d74b-a38a-44a7-9dc9-179d2fd8cdc7 verbose: DispatchMiddleware: Dispatching request...
2025-09-01T13:24:08.311Z 6b86d74b-a38a-44a7-9dc9-179d2fd8cdc7 error: DispatchMiddleware: Incoming URL doesn't match any of swagger defined request patterns.
2025-09-01T13:24:08.311Z 6b86d74b-a38a-44a7-9dc9-179d2fd8cdc7 error: ErrorMiddleware: Received a MiddlewareError, fill error information to HTTP response
2025-09-01T13:24:08.311Z 6b86d74b-a38a-44a7-9dc9-179d2fd8cdc7 error: ErrorMiddleware: ErrorName=UnsupportedRequestError ErrorMessage=Incoming URL doesn't match any of swagger defined request patterns.  ErrorHTTPStatusCode=400 ErrorHTTPStatusMessage=undefined ErrorHTTPHeaders=undefined ErrorHTTPBody=undefined ErrorStack="UnsupportedRequestError: Incoming URL doesn't match any of swagger defined request patterns.\n    at dispatchMiddleware (C:\\QR Portal\\node_modules\\azurite\\dist\\src\\blob\\generated\\middleware\\dispatch.middleware.js:41:30)\n    at C:\\QR Portal\\node_modules\\azurite\\dist\\src\\blob\\generated\\ExpressMiddlewareFactory.js:50:47\n    at Layer.handle [as handle_request] (C:\\QR Portal\\node_modules\\azurite\\node_modules\\express\\lib\\router\\layer.js:95:5)\n    at trim_prefix (C:\\QR Portal\\node_modules\\azurite\\node_modules\\express\\lib\\router\\index.js:328:13)\n    at C:\\QR Portal\\node_modules\\azurite\\node_modules\\express\\lib\\router\\index.js:286:9\n    at Function.process_params (C:\\QR Portal\\node_modules\\azurite\\node_modules\\express\\lib\\router\\index.js:346:12)\n    at next (C:\\QR Portal\\node_modules\\azurite\\node_modules\\express\\lib\\router\\index.js:280:10)\n    at blobStorageContextMiddleware (C:\\QR Portal\\node_modules\\azurite\\dist\\src\\blob\\middlewares\\blobStorageContext.middleware.js:137:5)\n    at C:\\QR Portal\\node_modules\\azurite\\dist\\src\\blob\\middlewares\\blobStorageContext.middleware.js:15:16\n    at Layer.handle [as handle_request] (C:\\QR Portal\\node_modules\\azurite\\node_modules\\express\\lib\\router\\layer.js:95:5)"
2025-09-01T13:24:08.311Z 6b86d74b-a38a-44a7-9dc9-179d2fd8cdc7 error: ErrorMiddleware: Set HTTP code: 400
2025-09-01T13:24:08.311Z 6b86d74b-a38a-44a7-9dc9-179d2fd8cdc7 error: ErrorMiddleware: Set HTTP body: undefined
2025-09-01T13:24:08.312Z 6b86d74b-a38a-44a7-9dc9-179d2fd8cdc7 verbose: Send Blob telemetry: B_Service_SetProperties
2025-09-01T13:24:08.312Z 6b86d74b-a38a-44a7-9dc9-179d2fd8cdc7 info: EndMiddleware: End response. TotalTimeInMS=2 StatusCode=400 StatusMessage=undefined Headers={"server":"Azurite-Blob/3.35.0"}
2025-09-01T13:24:15.789Z 	 info: AccountDataStore:init() Refresh accounts from environment variable AZURITE_ACCOUNTS with value undefined
2025-09-01T13:24:15.789Z 	 info: AccountDataStore:init() Fallback to default emulator account devstoreaccount1.
2025-09-01T13:24:15.789Z 	 info: AccountDataStore:init() Refresh accounts from environment variable AZURITE_ACCOUNTS with value undefined
2025-09-01T13:24:15.789Z 	 info: AccountDataStore:init() Fallback to default emulator account devstoreaccount1.
2025-09-01T13:24:15.820Z 	 info: QueueGCManager:markSweepLoop() Start new mark and sweep.
2025-09-01T13:24:15.820Z 	 info: QueueGCManger:markSweep() Get all extents.
2025-09-01T13:24:15.820Z 	 info: QueueGCManager:marksweep() Get 0 extents.
2025-09-01T13:24:15.820Z 	 info: QueueGCManager:markSweep() Get referred extents, then remove from allExtents.
2025-09-01T13:24:15.820Z 	 info: QueueGCManager:markSweep() Got referred extents, unreferenced extents count is 0.
2025-09-01T13:24:15.820Z 	 info: QueueGCManager:markSweepLoop() Mark and sweep finished, take 0ms.
2025-09-01T13:24:15.820Z 	 info: QueueGCManager:markSweepLoop() Sleep for 60000
2025-09-01T13:24:15.820Z 	 info: AccountDataStore:init() Refresh accounts from environment variable AZURITE_ACCOUNTS with value undefined
2025-09-01T13:24:15.820Z 	 info: AccountDataStore:init() Fallback to default emulator account devstoreaccount1.
2025-09-01T13:24:42.855Z 88694639-45b8-4f50-ad84-df056531ae18 info: BlobStorageContextMiddleware: RequestMethod=GET RequestURL=http://127.0.0.1/devstoreaccount1/quality-docs/testing/ticket.pdf RequestHeaders:{"host":"127.0.0.1:10000","connection":"keep-alive","upgrade-insecure-requests":"1","user-agent":"Mozilla/5.0 (Windows NT 10.0; Win64; x64) AppleWebKit/537.36 (KHTML, like Gecko) Chrome/139.0.0.0 Safari/537.36","accept":"text/html,application/xhtml+xml,application/xml;q=0.9,image/avif,image/webp,image/apng,*/*;q=0.8,application/signed-exchange;v=b3;q=0.7","sec-fetch-site":"none","sec-fetch-mode":"navigate","sec-fetch-user":"?1","sec-fetch-dest":"document","sec-ch-ua":"\"Not;A=Brand\";v=\"99\", \"Google Chrome\";v=\"139\", \"Chromium\";v=\"139\"","sec-ch-ua-mobile":"?0","sec-ch-ua-platform":"\"Windows\"","accept-encoding":"gzip, deflate, br, zstd","accept-language":"en-US,en;q=0.9"} ClientIP=127.0.0.1 Protocol=http HTTPVersion=1.1
2025-09-01T13:24:42.855Z 88694639-45b8-4f50-ad84-df056531ae18 info: BlobStorageContextMiddleware: Account=devstoreaccount1 Container=quality-docs Blob=testing/ticket.pdf
2025-09-01T13:24:42.855Z 88694639-45b8-4f50-ad84-df056531ae18 verbose: DispatchMiddleware: Dispatching request...
2025-09-01T13:24:42.855Z 88694639-45b8-4f50-ad84-df056531ae18 info: DispatchMiddleware: Operation=Blob_Download
2025-09-01T13:24:42.856Z 88694639-45b8-4f50-ad84-df056531ae18 verbose: AuthenticationMiddlewareFactory:createAuthenticationMiddleware() Validating authentications.
2025-09-01T13:24:42.856Z 88694639-45b8-4f50-ad84-df056531ae18 info: PublicAccessAuthenticator:validate() Start validation against public access.
2025-09-01T13:24:42.856Z 88694639-45b8-4f50-ad84-df056531ae18 debug: PublicAccessAuthenticator:validate() Getting account properties...
2025-09-01T13:24:42.856Z 88694639-45b8-4f50-ad84-df056531ae18 debug: PublicAccessAuthenticator:validate() Retrieved account name from context: devstoreaccount1, container: quality-docs, blob: testing/ticket.pdf
2025-09-01T13:24:42.856Z 88694639-45b8-4f50-ad84-df056531ae18 debug: PublicAccessAuthenticator:validate() Public access type for container quality-docs is "container"
2025-09-01T13:24:42.856Z 88694639-45b8-4f50-ad84-df056531ae18 debug: PublicAccessAuthenticator:validate() Operation Blob_Download is in container level public access list. Validation passed.
2025-09-01T13:24:42.856Z 88694639-45b8-4f50-ad84-df056531ae18 verbose: DeserializerMiddleware: Start deserializing...
2025-09-01T13:24:42.856Z 88694639-45b8-4f50-ad84-df056531ae18 info: HandlerMiddleware: DeserializedParameters={"options":{"leaseAccessConditions":{},"cpkInfo":{},"modifiedAccessConditions":{}}}
2025-09-01T13:24:42.856Z 88694639-45b8-4f50-ad84-df056531ae18 info: BlobHandler:downloadBlockBlobOrAppendBlob() NormalizedDownloadRange=bytes=0-199220 RequiredContentLength=199221
2025-09-01T13:24:42.856Z 88694639-45b8-4f50-ad84-df056531ae18 debug: OperationQueue.operate() Schedule incoming job 5604eec2-cc6f-462f-9255-0cc49a4fb027
2025-09-01T13:24:42.856Z 88694639-45b8-4f50-ad84-df056531ae18 debug: OperationQueue:execute() Current runningConcurrency:0 maxConcurrency:100 operations.length:1
2025-09-01T13:24:42.856Z 88694639-45b8-4f50-ad84-df056531ae18 verbose: FSExtentStore:readExtent() Creating read stream. LocationId:Default extentId:4e550bc3-1e62-43e4-9d3d-6ba2361db643 path:azurite\__blobstorage__\4e550bc3-1e62-43e4-9d3d-6ba2361db643 offset:14274270 count:199221 end:14473490
2025-09-01T13:24:42.856Z 88694639-45b8-4f50-ad84-df056531ae18 debug: OperationQueue.operate() Job 5604eec2-cc6f-462f-9255-0cc49a4fb027 completes callback, resolve.
2025-09-01T13:24:42.856Z 88694639-45b8-4f50-ad84-df056531ae18 verbose: SerializerMiddleware: Start serializing...
2025-09-01T13:24:42.857Z 88694639-45b8-4f50-ad84-df056531ae18 info: Serializer: Start returning stream body.
2025-09-01T13:24:42.857Z 88694639-45b8-4f50-ad84-df056531ae18 debug: OperationQueue:execute() Current runningConcurrency:0 maxConcurrency:100 operations.length:0
2025-09-01T13:24:42.857Z 88694639-45b8-4f50-ad84-df056531ae18 debug: OperationQueue:execute() return. Operation.length === 0
2025-09-01T13:24:42.859Z 88694639-45b8-4f50-ad84-df056531ae18 verbose: Send Blob telemetry: B_Blob_Download
2025-09-01T13:24:42.859Z 88694639-45b8-4f50-ad84-df056531ae18 info: EndMiddleware: End response. TotalTimeInMS=4 StatusCode=200 StatusMessage=OK Headers={"server":"Azurite-Blob/3.35.0","last-modified":"Mon, 01 Sep 2025 11:05:47 GMT","x-ms-creation-time":"Mon, 01 Sep 2025 11:05:47 GMT","content-length":"199221","content-type":"application/pdf","etag":"\"0x1DDB73064AA6B20\"","content-md5":"aiwW2KQTKd9XZKBWuYb6xw==","x-ms-blob-type":"BlockBlob","x-ms-lease-state":"available","x-ms-lease-status":"unlocked","x-ms-request-id":"88694639-45b8-4f50-ad84-df056531ae18","x-ms-version":"2025-11-05","accept-ranges":"bytes","date":"Mon, 01 Sep 2025 13:24:42 GMT","x-ms-server-encrypted":"true","x-ms-blob-content-md5":"aiwW2KQTKd9XZKBWuYb6xw=="}
2025-09-01T13:24:42.859Z 88694639-45b8-4f50-ad84-df056531ae18 verbose: FSExtentStore:readExtent() Read stream closed. LocationId:Default extentId:4e550bc3-1e62-43e4-9d3d-6ba2361db643 path:azurite\__blobstorage__\4e550bc3-1e62-43e4-9d3d-6ba2361db643 offset:14274270 count:199221 end:14473490
2025-09-01T13:24:42.951Z f03ca6c0-be4e-49c6-b569-050211495340 info: BlobStorageContextMiddleware: RequestMethod=GET RequestURL=http://127.0.0.1/favicon.ico RequestHeaders:{"host":"127.0.0.1:10000","connection":"keep-alive","sec-ch-ua-platform":"\"Windows\"","user-agent":"Mozilla/5.0 (Windows NT 10.0; Win64; x64) AppleWebKit/537.36 (KHTML, like Gecko) Chrome/139.0.0.0 Safari/537.36","sec-ch-ua":"\"Not;A=Brand\";v=\"99\", \"Google Chrome\";v=\"139\", \"Chromium\";v=\"139\"","sec-ch-ua-mobile":"?0","accept":"image/avif,image/webp,image/apng,image/svg+xml,image/*,*/*;q=0.8","sec-fetch-site":"same-origin","sec-fetch-mode":"no-cors","sec-fetch-dest":"image","referer":"http://127.0.0.1:10000/devstoreaccount1/quality-docs/testing/ticket.pdf","accept-encoding":"gzip, deflate, br, zstd","accept-language":"en-US,en;q=0.9"} ClientIP=127.0.0.1 Protocol=http HTTPVersion=1.1
2025-09-01T13:24:42.951Z f03ca6c0-be4e-49c6-b569-050211495340 info: BlobStorageContextMiddleware: Account=favicon.ico Container=undefined Blob=
2025-09-01T13:24:42.951Z f03ca6c0-be4e-49c6-b569-050211495340 verbose: DispatchMiddleware: Dispatching request...
2025-09-01T13:24:42.952Z f03ca6c0-be4e-49c6-b569-050211495340 error: DispatchMiddleware: Incoming URL doesn't match any of swagger defined request patterns.
2025-09-01T13:24:42.952Z f03ca6c0-be4e-49c6-b569-050211495340 error: ErrorMiddleware: Received a MiddlewareError, fill error information to HTTP response
2025-09-01T13:24:42.952Z f03ca6c0-be4e-49c6-b569-050211495340 error: ErrorMiddleware: ErrorName=UnsupportedRequestError ErrorMessage=Incoming URL doesn't match any of swagger defined request patterns.  ErrorHTTPStatusCode=400 ErrorHTTPStatusMessage=undefined ErrorHTTPHeaders=undefined ErrorHTTPBody=undefined ErrorStack="UnsupportedRequestError: Incoming URL doesn't match any of swagger defined request patterns.\n    at dispatchMiddleware (C:\\QR Portal\\node_modules\\azurite\\dist\\src\\blob\\generated\\middleware\\dispatch.middleware.js:41:30)\n    at C:\\QR Portal\\node_modules\\azurite\\dist\\src\\blob\\generated\\ExpressMiddlewareFactory.js:50:47\n    at Layer.handle [as handle_request] (C:\\QR Portal\\node_modules\\azurite\\node_modules\\express\\lib\\router\\layer.js:95:5)\n    at trim_prefix (C:\\QR Portal\\node_modules\\azurite\\node_modules\\express\\lib\\router\\index.js:328:13)\n    at C:\\QR Portal\\node_modules\\azurite\\node_modules\\express\\lib\\router\\index.js:286:9\n    at Function.process_params (C:\\QR Portal\\node_modules\\azurite\\node_modules\\express\\lib\\router\\index.js:346:12)\n    at next (C:\\QR Portal\\node_modules\\azurite\\node_modules\\express\\lib\\router\\index.js:280:10)\n    at blobStorageContextMiddleware (C:\\QR Portal\\node_modules\\azurite\\dist\\src\\blob\\middlewares\\blobStorageContext.middleware.js:137:5)\n    at C:\\QR Portal\\node_modules\\azurite\\dist\\src\\blob\\middlewares\\blobStorageContext.middleware.js:15:16\n    at Layer.handle [as handle_request] (C:\\QR Portal\\node_modules\\azurite\\node_modules\\express\\lib\\router\\layer.js:95:5)"
2025-09-01T13:24:42.952Z f03ca6c0-be4e-49c6-b569-050211495340 error: ErrorMiddleware: Set HTTP code: 400
2025-09-01T13:24:42.952Z f03ca6c0-be4e-49c6-b569-050211495340 error: ErrorMiddleware: Set HTTP body: undefined
2025-09-01T13:24:42.952Z f03ca6c0-be4e-49c6-b569-050211495340 verbose: Send Blob telemetry: B_Service_SetProperties
2025-09-01T13:24:42.952Z f03ca6c0-be4e-49c6-b569-050211495340 info: EndMiddleware: End response. TotalTimeInMS=1 StatusCode=400 StatusMessage=undefined Headers={"server":"Azurite-Blob/3.35.0"}
2025-09-01T13:25:15.804Z 	 info: AccountDataStore:init() Refresh accounts from environment variable AZURITE_ACCOUNTS with value undefined
2025-09-01T13:25:15.804Z 	 info: AccountDataStore:init() Fallback to default emulator account devstoreaccount1.
2025-09-01T13:25:15.804Z 	 info: AccountDataStore:init() Refresh accounts from environment variable AZURITE_ACCOUNTS with value undefined
2025-09-01T13:25:15.804Z 	 info: AccountDataStore:init() Fallback to default emulator account devstoreaccount1.
2025-09-01T13:25:15.834Z 	 info: QueueGCManager:markSweepLoop() Start new mark and sweep.
2025-09-01T13:25:15.834Z 	 info: QueueGCManger:markSweep() Get all extents.
2025-09-01T13:25:15.834Z 	 info: QueueGCManager:marksweep() Get 0 extents.
2025-09-01T13:25:15.834Z 	 info: QueueGCManager:markSweep() Get referred extents, then remove from allExtents.
2025-09-01T13:25:15.834Z 	 info: QueueGCManager:markSweep() Got referred extents, unreferenced extents count is 0.
2025-09-01T13:25:15.834Z 	 info: QueueGCManager:markSweepLoop() Mark and sweep finished, take 0ms.
2025-09-01T13:25:15.834Z 	 info: QueueGCManager:markSweepLoop() Sleep for 60000
2025-09-01T13:25:15.835Z 	 info: AccountDataStore:init() Refresh accounts from environment variable AZURITE_ACCOUNTS with value undefined
2025-09-01T13:25:15.835Z 	 info: AccountDataStore:init() Fallback to default emulator account devstoreaccount1.
2025-09-01T13:26:14.574Z 	 info: BlobGCManager:markSweepLoop() Start next mark and sweep.
2025-09-01T13:26:14.574Z 	 info: BlobGCManager:markSweep() Get all extents.
2025-09-01T13:26:14.574Z 	 info: BlobGCManager:markSweep() Got 1 extents.
2025-09-01T13:26:14.574Z 	 info: BlobGCManager:markSweep() Get referred extents.
2025-09-01T13:26:14.574Z 	 info: BlobGCManager:markSweep() Got referred extents, unreferenced extents count is 0.
2025-09-01T13:26:14.574Z 	 info: BlobGCManager:markSweepLoop() Mark and sweep finished, taken 0ms.
2025-09-01T13:26:14.574Z 	 info: BlobGCManager:markSweepLoop() Sleep for 600000ms.
2025-09-01T13:26:15.819Z 	 info: AccountDataStore:init() Refresh accounts from environment variable AZURITE_ACCOUNTS with value undefined
2025-09-01T13:26:15.819Z 	 info: AccountDataStore:init() Fallback to default emulator account devstoreaccount1.
2025-09-01T13:26:15.819Z 	 info: AccountDataStore:init() Refresh accounts from environment variable AZURITE_ACCOUNTS with value undefined
2025-09-01T13:26:15.819Z 	 info: AccountDataStore:init() Fallback to default emulator account devstoreaccount1.
2025-09-01T13:26:15.835Z 	 info: QueueGCManager:markSweepLoop() Start new mark and sweep.
2025-09-01T13:26:15.835Z 	 info: QueueGCManger:markSweep() Get all extents.
2025-09-01T13:26:15.835Z 	 info: QueueGCManager:marksweep() Get 0 extents.
2025-09-01T13:26:15.835Z 	 info: QueueGCManager:markSweep() Get referred extents, then remove from allExtents.
2025-09-01T13:26:15.835Z 	 info: QueueGCManager:markSweep() Got referred extents, unreferenced extents count is 0.
2025-09-01T13:26:15.835Z 	 info: QueueGCManager:markSweepLoop() Mark and sweep finished, take 0ms.
2025-09-01T13:26:15.835Z 	 info: QueueGCManager:markSweepLoop() Sleep for 60000
2025-09-01T13:26:15.835Z 	 info: AccountDataStore:init() Refresh accounts from environment variable AZURITE_ACCOUNTS with value undefined
2025-09-01T13:26:15.835Z 	 info: AccountDataStore:init() Fallback to default emulator account devstoreaccount1.
2025-09-01T13:27:15.824Z 	 info: AccountDataStore:init() Refresh accounts from environment variable AZURITE_ACCOUNTS with value undefined
2025-09-01T13:27:15.824Z 	 info: AccountDataStore:init() Fallback to default emulator account devstoreaccount1.
2025-09-01T13:27:15.824Z 	 info: AccountDataStore:init() Refresh accounts from environment variable AZURITE_ACCOUNTS with value undefined
2025-09-01T13:27:15.824Z 	 info: AccountDataStore:init() Fallback to default emulator account devstoreaccount1.
2025-09-01T13:27:15.839Z 	 info: QueueGCManager:markSweepLoop() Start new mark and sweep.
2025-09-01T13:27:15.839Z 	 info: QueueGCManger:markSweep() Get all extents.
2025-09-01T13:27:15.839Z 	 info: QueueGCManager:marksweep() Get 0 extents.
2025-09-01T13:27:15.839Z 	 info: QueueGCManager:markSweep() Get referred extents, then remove from allExtents.
2025-09-01T13:27:15.839Z 	 info: QueueGCManager:markSweep() Got referred extents, unreferenced extents count is 0.
2025-09-01T13:27:15.839Z 	 info: QueueGCManager:markSweepLoop() Mark and sweep finished, take 0ms.
2025-09-01T13:27:15.839Z 	 info: QueueGCManager:markSweepLoop() Sleep for 60000
2025-09-01T13:27:15.839Z 	 info: AccountDataStore:init() Refresh accounts from environment variable AZURITE_ACCOUNTS with value undefined
2025-09-01T13:27:15.839Z 	 info: AccountDataStore:init() Fallback to default emulator account devstoreaccount1.
2025-09-01T13:28:15.829Z 	 info: AccountDataStore:init() Refresh accounts from environment variable AZURITE_ACCOUNTS with value undefined
2025-09-01T13:28:15.829Z 	 info: AccountDataStore:init() Fallback to default emulator account devstoreaccount1.
2025-09-01T13:28:15.829Z 	 info: AccountDataStore:init() Refresh accounts from environment variable AZURITE_ACCOUNTS with value undefined
2025-09-01T13:28:15.829Z 	 info: AccountDataStore:init() Fallback to default emulator account devstoreaccount1.
2025-09-01T13:28:15.844Z 	 info: QueueGCManager:markSweepLoop() Start new mark and sweep.
2025-09-01T13:28:15.844Z 	 info: QueueGCManger:markSweep() Get all extents.
2025-09-01T13:28:15.844Z 	 info: QueueGCManager:marksweep() Get 0 extents.
2025-09-01T13:28:15.844Z 	 info: QueueGCManager:markSweep() Get referred extents, then remove from allExtents.
2025-09-01T13:28:15.844Z 	 info: QueueGCManager:markSweep() Got referred extents, unreferenced extents count is 0.
2025-09-01T13:28:15.844Z 	 info: QueueGCManager:markSweepLoop() Mark and sweep finished, take 0ms.
2025-09-01T13:28:15.844Z 	 info: QueueGCManager:markSweepLoop() Sleep for 60000
2025-09-01T13:28:15.844Z 	 info: AccountDataStore:init() Refresh accounts from environment variable AZURITE_ACCOUNTS with value undefined
2025-09-01T13:28:15.844Z 	 info: AccountDataStore:init() Fallback to default emulator account devstoreaccount1.
2025-09-01T13:29:15.831Z 	 info: AccountDataStore:init() Refresh accounts from environment variable AZURITE_ACCOUNTS with value undefined
2025-09-01T13:29:15.831Z 	 info: AccountDataStore:init() Fallback to default emulator account devstoreaccount1.
2025-09-01T13:29:15.831Z 	 info: AccountDataStore:init() Refresh accounts from environment variable AZURITE_ACCOUNTS with value undefined
2025-09-01T13:29:15.831Z 	 info: AccountDataStore:init() Fallback to default emulator account devstoreaccount1.
2025-09-01T13:29:15.846Z 	 info: QueueGCManager:markSweepLoop() Start new mark and sweep.
2025-09-01T13:29:15.846Z 	 info: QueueGCManger:markSweep() Get all extents.
2025-09-01T13:29:15.846Z 	 info: QueueGCManager:marksweep() Get 0 extents.
2025-09-01T13:29:15.846Z 	 info: QueueGCManager:markSweep() Get referred extents, then remove from allExtents.
2025-09-01T13:29:15.846Z 	 info: QueueGCManager:markSweep() Got referred extents, unreferenced extents count is 0.
2025-09-01T13:29:15.846Z 	 info: QueueGCManager:markSweepLoop() Mark and sweep finished, take 0ms.
2025-09-01T13:29:15.847Z 	 info: QueueGCManager:markSweepLoop() Sleep for 60000
2025-09-01T13:29:15.847Z 	 info: AccountDataStore:init() Refresh accounts from environment variable AZURITE_ACCOUNTS with value undefined
2025-09-01T13:29:15.847Z 	 info: AccountDataStore:init() Fallback to default emulator account devstoreaccount1.
2025-09-01T13:30:15.837Z 	 info: AccountDataStore:init() Refresh accounts from environment variable AZURITE_ACCOUNTS with value undefined
2025-09-01T13:30:15.837Z 	 info: AccountDataStore:init() Fallback to default emulator account devstoreaccount1.
2025-09-01T13:30:15.837Z 	 info: AccountDataStore:init() Refresh accounts from environment variable AZURITE_ACCOUNTS with value undefined
2025-09-01T13:30:15.837Z 	 info: AccountDataStore:init() Fallback to default emulator account devstoreaccount1.
2025-09-01T13:30:15.852Z 	 info: QueueGCManager:markSweepLoop() Start new mark and sweep.
2025-09-01T13:30:15.852Z 	 info: QueueGCManger:markSweep() Get all extents.
2025-09-01T13:30:15.852Z 	 info: QueueGCManager:marksweep() Get 0 extents.
2025-09-01T13:30:15.852Z 	 info: QueueGCManager:markSweep() Get referred extents, then remove from allExtents.
2025-09-01T13:30:15.852Z 	 info: QueueGCManager:markSweep() Got referred extents, unreferenced extents count is 0.
2025-09-01T13:30:15.852Z 	 info: QueueGCManager:markSweepLoop() Mark and sweep finished, take 0ms.
2025-09-01T13:30:15.853Z 	 info: QueueGCManager:markSweepLoop() Sleep for 60000
2025-09-01T13:30:15.853Z 	 info: AccountDataStore:init() Refresh accounts from environment variable AZURITE_ACCOUNTS with value undefined
2025-09-01T13:30:15.853Z 	 info: AccountDataStore:init() Fallback to default emulator account devstoreaccount1.
2025-09-01T13:31:15.848Z 	 info: AccountDataStore:init() Refresh accounts from environment variable AZURITE_ACCOUNTS with value undefined
2025-09-01T13:31:15.848Z 	 info: AccountDataStore:init() Fallback to default emulator account devstoreaccount1.
2025-09-01T13:31:15.848Z 	 info: AccountDataStore:init() Refresh accounts from environment variable AZURITE_ACCOUNTS with value undefined
2025-09-01T13:31:15.848Z 	 info: AccountDataStore:init() Fallback to default emulator account devstoreaccount1.
2025-09-01T13:31:15.864Z 	 info: QueueGCManager:markSweepLoop() Start new mark and sweep.
2025-09-01T13:31:15.864Z 	 info: QueueGCManger:markSweep() Get all extents.
2025-09-01T13:31:15.864Z 	 info: QueueGCManager:marksweep() Get 0 extents.
2025-09-01T13:31:15.864Z 	 info: QueueGCManager:markSweep() Get referred extents, then remove from allExtents.
2025-09-01T13:31:15.864Z 	 info: QueueGCManager:markSweep() Got referred extents, unreferenced extents count is 0.
2025-09-01T13:31:15.864Z 	 info: QueueGCManager:markSweepLoop() Mark and sweep finished, take 0ms.
2025-09-01T13:31:15.864Z 	 info: QueueGCManager:markSweepLoop() Sleep for 60000
2025-09-01T13:31:15.864Z 	 info: AccountDataStore:init() Refresh accounts from environment variable AZURITE_ACCOUNTS with value undefined
2025-09-01T13:31:15.864Z 	 info: AccountDataStore:init() Fallback to default emulator account devstoreaccount1.
2025-09-01T13:32:15.863Z 	 info: AccountDataStore:init() Refresh accounts from environment variable AZURITE_ACCOUNTS with value undefined
2025-09-01T13:32:15.864Z 	 info: AccountDataStore:init() Fallback to default emulator account devstoreaccount1.
2025-09-01T13:32:15.864Z 	 info: AccountDataStore:init() Refresh accounts from environment variable AZURITE_ACCOUNTS with value undefined
2025-09-01T13:32:15.864Z 	 info: AccountDataStore:init() Fallback to default emulator account devstoreaccount1.
2025-09-01T13:32:15.864Z 	 info: QueueGCManager:markSweepLoop() Start new mark and sweep.
2025-09-01T13:32:15.864Z 	 info: QueueGCManger:markSweep() Get all extents.
2025-09-01T13:32:15.864Z 	 info: QueueGCManager:marksweep() Get 0 extents.
2025-09-01T13:32:15.864Z 	 info: QueueGCManager:markSweep() Get referred extents, then remove from allExtents.
2025-09-01T13:32:15.864Z 	 info: QueueGCManager:markSweep() Got referred extents, unreferenced extents count is 0.
2025-09-01T13:32:15.864Z 	 info: QueueGCManager:markSweepLoop() Mark and sweep finished, take 0ms.
2025-09-01T13:32:15.864Z 	 info: QueueGCManager:markSweepLoop() Sleep for 60000
2025-09-01T13:32:15.864Z 	 info: AccountDataStore:init() Refresh accounts from environment variable AZURITE_ACCOUNTS with value undefined
2025-09-01T13:32:15.864Z 	 info: AccountDataStore:init() Fallback to default emulator account devstoreaccount1.
2025-09-01T13:33:15.865Z 	 info: AccountDataStore:init() Refresh accounts from environment variable AZURITE_ACCOUNTS with value undefined
2025-09-01T13:33:15.865Z 	 info: AccountDataStore:init() Fallback to default emulator account devstoreaccount1.
2025-09-01T13:33:15.866Z 	 info: AccountDataStore:init() Refresh accounts from environment variable AZURITE_ACCOUNTS with value undefined
2025-09-01T13:33:15.866Z 	 info: AccountDataStore:init() Fallback to default emulator account devstoreaccount1.
2025-09-01T13:33:15.866Z 	 info: QueueGCManager:markSweepLoop() Start new mark and sweep.
2025-09-01T13:33:15.866Z 	 info: QueueGCManger:markSweep() Get all extents.
2025-09-01T13:33:15.866Z 	 info: QueueGCManager:marksweep() Get 0 extents.
2025-09-01T13:33:15.866Z 	 info: QueueGCManager:markSweep() Get referred extents, then remove from allExtents.
2025-09-01T13:33:15.866Z 	 info: QueueGCManager:markSweep() Got referred extents, unreferenced extents count is 0.
2025-09-01T13:33:15.866Z 	 info: QueueGCManager:markSweepLoop() Mark and sweep finished, take 0ms.
2025-09-01T13:33:15.866Z 	 info: QueueGCManager:markSweepLoop() Sleep for 60000
2025-09-01T13:33:15.866Z 	 info: AccountDataStore:init() Refresh accounts from environment variable AZURITE_ACCOUNTS with value undefined
2025-09-01T13:33:15.866Z 	 info: AccountDataStore:init() Fallback to default emulator account devstoreaccount1.
2025-09-01T13:34:15.874Z 	 info: AccountDataStore:init() Refresh accounts from environment variable AZURITE_ACCOUNTS with value undefined
2025-09-01T13:34:15.875Z 	 info: AccountDataStore:init() Fallback to default emulator account devstoreaccount1.
2025-09-01T13:34:15.875Z 	 info: AccountDataStore:init() Refresh accounts from environment variable AZURITE_ACCOUNTS with value undefined
2025-09-01T13:34:15.875Z 	 info: AccountDataStore:init() Fallback to default emulator account devstoreaccount1.
2025-09-01T13:34:15.875Z 	 info: QueueGCManager:markSweepLoop() Start new mark and sweep.
2025-09-01T13:34:15.875Z 	 info: QueueGCManger:markSweep() Get all extents.
2025-09-01T13:34:15.875Z 	 info: QueueGCManager:marksweep() Get 0 extents.
2025-09-01T13:34:15.875Z 	 info: QueueGCManager:markSweep() Get referred extents, then remove from allExtents.
2025-09-01T13:34:15.875Z 	 info: QueueGCManager:markSweep() Got referred extents, unreferenced extents count is 0.
2025-09-01T13:34:15.875Z 	 info: QueueGCManager:markSweepLoop() Mark and sweep finished, take 0ms.
2025-09-01T13:34:15.875Z 	 info: QueueGCManager:markSweepLoop() Sleep for 60000
2025-09-01T13:34:15.875Z 	 info: AccountDataStore:init() Refresh accounts from environment variable AZURITE_ACCOUNTS with value undefined
2025-09-01T13:34:15.875Z 	 info: AccountDataStore:init() Fallback to default emulator account devstoreaccount1.
2025-09-01T13:35:15.888Z 	 info: AccountDataStore:init() Refresh accounts from environment variable AZURITE_ACCOUNTS with value undefined
2025-09-01T13:35:15.888Z 	 info: AccountDataStore:init() Fallback to default emulator account devstoreaccount1.
2025-09-01T13:35:15.888Z 	 info: AccountDataStore:init() Refresh accounts from environment variable AZURITE_ACCOUNTS with value undefined
2025-09-01T13:35:15.888Z 	 info: AccountDataStore:init() Fallback to default emulator account devstoreaccount1.
2025-09-01T13:35:15.888Z 	 info: QueueGCManager:markSweepLoop() Start new mark and sweep.
2025-09-01T13:35:15.888Z 	 info: QueueGCManger:markSweep() Get all extents.
2025-09-01T13:35:15.888Z 	 info: QueueGCManager:marksweep() Get 0 extents.
2025-09-01T13:35:15.888Z 	 info: QueueGCManager:markSweep() Get referred extents, then remove from allExtents.
2025-09-01T13:35:15.888Z 	 info: QueueGCManager:markSweep() Got referred extents, unreferenced extents count is 0.
2025-09-01T13:35:15.888Z 	 info: QueueGCManager:markSweepLoop() Mark and sweep finished, take 0ms.
2025-09-01T13:35:15.888Z 	 info: QueueGCManager:markSweepLoop() Sleep for 60000
2025-09-01T13:35:15.888Z 	 info: AccountDataStore:init() Refresh accounts from environment variable AZURITE_ACCOUNTS with value undefined
2025-09-01T13:35:15.888Z 	 info: AccountDataStore:init() Fallback to default emulator account devstoreaccount1.
2025-09-01T13:36:14.584Z 	 info: BlobGCManager:markSweepLoop() Start next mark and sweep.
2025-09-01T13:36:14.585Z 	 info: BlobGCManager:markSweep() Get all extents.
2025-09-01T13:36:14.585Z 	 info: BlobGCManager:markSweep() Got 1 extents.
2025-09-01T13:36:14.585Z 	 info: BlobGCManager:markSweep() Get referred extents.
2025-09-01T13:36:14.585Z 	 info: BlobGCManager:markSweep() Got referred extents, unreferenced extents count is 0.
2025-09-01T13:36:14.585Z 	 info: BlobGCManager:markSweepLoop() Mark and sweep finished, taken 1ms.
2025-09-01T13:36:14.585Z 	 info: BlobGCManager:markSweepLoop() Sleep for 600000ms.
2025-09-01T13:36:15.889Z 	 info: AccountDataStore:init() Refresh accounts from environment variable AZURITE_ACCOUNTS with value undefined
2025-09-01T13:36:15.889Z 	 info: AccountDataStore:init() Fallback to default emulator account devstoreaccount1.
2025-09-01T13:36:15.889Z 	 info: AccountDataStore:init() Refresh accounts from environment variable AZURITE_ACCOUNTS with value undefined
2025-09-01T13:36:15.889Z 	 info: AccountDataStore:init() Fallback to default emulator account devstoreaccount1.
2025-09-01T13:36:15.889Z 	 info: QueueGCManager:markSweepLoop() Start new mark and sweep.
2025-09-01T13:36:15.889Z 	 info: QueueGCManger:markSweep() Get all extents.
2025-09-01T13:36:15.890Z 	 info: QueueGCManager:marksweep() Get 0 extents.
2025-09-01T13:36:15.890Z 	 info: QueueGCManager:markSweep() Get referred extents, then remove from allExtents.
2025-09-01T13:36:15.890Z 	 info: QueueGCManager:markSweep() Got referred extents, unreferenced extents count is 0.
2025-09-01T13:36:15.890Z 	 info: QueueGCManager:markSweepLoop() Mark and sweep finished, take 1ms.
2025-09-01T13:36:15.890Z 	 info: QueueGCManager:markSweepLoop() Sleep for 60000
2025-09-01T13:36:15.890Z 	 info: AccountDataStore:init() Refresh accounts from environment variable AZURITE_ACCOUNTS with value undefined
2025-09-01T13:36:15.890Z 	 info: AccountDataStore:init() Fallback to default emulator account devstoreaccount1.
2025-09-01T13:37:15.889Z 	 info: AccountDataStore:init() Refresh accounts from environment variable AZURITE_ACCOUNTS with value undefined
2025-09-01T13:37:15.890Z 	 info: AccountDataStore:init() Fallback to default emulator account devstoreaccount1.
2025-09-01T13:37:15.890Z 	 info: AccountDataStore:init() Refresh accounts from environment variable AZURITE_ACCOUNTS with value undefined
2025-09-01T13:37:15.890Z 	 info: AccountDataStore:init() Fallback to default emulator account devstoreaccount1.
2025-09-01T13:37:15.890Z 	 info: QueueGCManager:markSweepLoop() Start new mark and sweep.
2025-09-01T13:37:15.890Z 	 info: QueueGCManger:markSweep() Get all extents.
2025-09-01T13:37:15.890Z 	 info: QueueGCManager:marksweep() Get 0 extents.
2025-09-01T13:37:15.890Z 	 info: QueueGCManager:markSweep() Get referred extents, then remove from allExtents.
2025-09-01T13:37:15.890Z 	 info: QueueGCManager:markSweep() Got referred extents, unreferenced extents count is 0.
2025-09-01T13:37:15.890Z 	 info: QueueGCManager:markSweepLoop() Mark and sweep finished, take 0ms.
2025-09-01T13:37:15.890Z 	 info: QueueGCManager:markSweepLoop() Sleep for 60000
2025-09-01T13:37:15.890Z 	 info: AccountDataStore:init() Refresh accounts from environment variable AZURITE_ACCOUNTS with value undefined
2025-09-01T13:37:15.890Z 	 info: AccountDataStore:init() Fallback to default emulator account devstoreaccount1.
2025-09-01T13:38:15.905Z 	 info: AccountDataStore:init() Refresh accounts from environment variable AZURITE_ACCOUNTS with value undefined
2025-09-01T13:38:15.905Z 	 info: AccountDataStore:init() Fallback to default emulator account devstoreaccount1.
2025-09-01T13:38:15.905Z 	 info: AccountDataStore:init() Refresh accounts from environment variable AZURITE_ACCOUNTS with value undefined
2025-09-01T13:38:15.905Z 	 info: AccountDataStore:init() Fallback to default emulator account devstoreaccount1.
2025-09-01T13:38:15.905Z 	 info: QueueGCManager:markSweepLoop() Start new mark and sweep.
2025-09-01T13:38:15.905Z 	 info: QueueGCManger:markSweep() Get all extents.
2025-09-01T13:38:15.905Z 	 info: QueueGCManager:marksweep() Get 0 extents.
2025-09-01T13:38:15.905Z 	 info: QueueGCManager:markSweep() Get referred extents, then remove from allExtents.
2025-09-01T13:38:15.905Z 	 info: QueueGCManager:markSweep() Got referred extents, unreferenced extents count is 0.
2025-09-01T13:38:15.905Z 	 info: QueueGCManager:markSweepLoop() Mark and sweep finished, take 0ms.
2025-09-01T13:38:15.905Z 	 info: QueueGCManager:markSweepLoop() Sleep for 60000
2025-09-01T13:38:15.905Z 	 info: AccountDataStore:init() Refresh accounts from environment variable AZURITE_ACCOUNTS with value undefined
2025-09-01T13:38:15.906Z 	 info: AccountDataStore:init() Fallback to default emulator account devstoreaccount1.
2025-09-01T13:39:15.917Z 	 info: AccountDataStore:init() Refresh accounts from environment variable AZURITE_ACCOUNTS with value undefined
2025-09-01T13:39:15.917Z 	 info: AccountDataStore:init() Fallback to default emulator account devstoreaccount1.
2025-09-01T13:39:15.917Z 	 info: AccountDataStore:init() Refresh accounts from environment variable AZURITE_ACCOUNTS with value undefined
2025-09-01T13:39:15.917Z 	 info: AccountDataStore:init() Fallback to default emulator account devstoreaccount1.
2025-09-01T13:39:15.917Z 	 info: QueueGCManager:markSweepLoop() Start new mark and sweep.
2025-09-01T13:39:15.918Z 	 info: QueueGCManger:markSweep() Get all extents.
2025-09-01T13:39:15.918Z 	 info: QueueGCManager:marksweep() Get 0 extents.
2025-09-01T13:39:15.918Z 	 info: QueueGCManager:markSweep() Get referred extents, then remove from allExtents.
2025-09-01T13:39:15.918Z 	 info: QueueGCManager:markSweep() Got referred extents, unreferenced extents count is 0.
2025-09-01T13:39:15.918Z 	 info: QueueGCManager:markSweepLoop() Mark and sweep finished, take 0ms.
2025-09-01T13:39:15.918Z 	 info: QueueGCManager:markSweepLoop() Sleep for 60000
2025-09-01T13:39:15.918Z 	 info: AccountDataStore:init() Refresh accounts from environment variable AZURITE_ACCOUNTS with value undefined
2025-09-01T13:39:15.918Z 	 info: AccountDataStore:init() Fallback to default emulator account devstoreaccount1.
2025-09-01T13:40:15.924Z 	 info: AccountDataStore:init() Refresh accounts from environment variable AZURITE_ACCOUNTS with value undefined
2025-09-01T13:40:15.924Z 	 info: AccountDataStore:init() Fallback to default emulator account devstoreaccount1.
2025-09-01T13:40:15.924Z 	 info: AccountDataStore:init() Refresh accounts from environment variable AZURITE_ACCOUNTS with value undefined
2025-09-01T13:40:15.924Z 	 info: AccountDataStore:init() Fallback to default emulator account devstoreaccount1.
2025-09-01T13:40:15.924Z 	 info: QueueGCManager:markSweepLoop() Start new mark and sweep.
2025-09-01T13:40:15.924Z 	 info: QueueGCManger:markSweep() Get all extents.
2025-09-01T13:40:15.924Z 	 info: QueueGCManager:marksweep() Get 0 extents.
2025-09-01T13:40:15.924Z 	 info: QueueGCManager:markSweep() Get referred extents, then remove from allExtents.
2025-09-01T13:40:15.924Z 	 info: QueueGCManager:markSweep() Got referred extents, unreferenced extents count is 0.
2025-09-01T13:40:15.924Z 	 info: QueueGCManager:markSweepLoop() Mark and sweep finished, take 0ms.
2025-09-01T13:40:15.924Z 	 info: QueueGCManager:markSweepLoop() Sleep for 60000
2025-09-01T13:40:15.924Z 	 info: AccountDataStore:init() Refresh accounts from environment variable AZURITE_ACCOUNTS with value undefined
2025-09-01T13:40:15.924Z 	 info: AccountDataStore:init() Fallback to default emulator account devstoreaccount1.
2025-09-01T13:41:15.928Z 	 info: AccountDataStore:init() Refresh accounts from environment variable AZURITE_ACCOUNTS with value undefined
2025-09-01T13:41:15.928Z 	 info: AccountDataStore:init() Fallback to default emulator account devstoreaccount1.
2025-09-01T13:41:15.928Z 	 info: AccountDataStore:init() Refresh accounts from environment variable AZURITE_ACCOUNTS with value undefined
2025-09-01T13:41:15.928Z 	 info: AccountDataStore:init() Fallback to default emulator account devstoreaccount1.
2025-09-01T13:41:15.928Z 	 info: QueueGCManager:markSweepLoop() Start new mark and sweep.
2025-09-01T13:41:15.928Z 	 info: QueueGCManger:markSweep() Get all extents.
2025-09-01T13:41:15.928Z 	 info: QueueGCManager:marksweep() Get 0 extents.
2025-09-01T13:41:15.928Z 	 info: QueueGCManager:markSweep() Get referred extents, then remove from allExtents.
2025-09-01T13:41:15.928Z 	 info: QueueGCManager:markSweep() Got referred extents, unreferenced extents count is 0.
2025-09-01T13:41:15.928Z 	 info: QueueGCManager:markSweepLoop() Mark and sweep finished, take 0ms.
2025-09-01T13:41:15.928Z 	 info: QueueGCManager:markSweepLoop() Sleep for 60000
2025-09-01T13:41:15.928Z 	 info: AccountDataStore:init() Refresh accounts from environment variable AZURITE_ACCOUNTS with value undefined
2025-09-01T13:41:15.928Z 	 info: AccountDataStore:init() Fallback to default emulator account devstoreaccount1.
2025-09-01T13:42:15.930Z 	 info: AccountDataStore:init() Refresh accounts from environment variable AZURITE_ACCOUNTS with value undefined
2025-09-01T13:42:15.930Z 	 info: AccountDataStore:init() Fallback to default emulator account devstoreaccount1.
2025-09-01T13:42:15.930Z 	 info: AccountDataStore:init() Refresh accounts from environment variable AZURITE_ACCOUNTS with value undefined
2025-09-01T13:42:15.930Z 	 info: AccountDataStore:init() Fallback to default emulator account devstoreaccount1.
2025-09-01T13:42:15.930Z 	 info: QueueGCManager:markSweepLoop() Start new mark and sweep.
2025-09-01T13:42:15.930Z 	 info: QueueGCManger:markSweep() Get all extents.
2025-09-01T13:42:15.930Z 	 info: QueueGCManager:marksweep() Get 0 extents.
2025-09-01T13:42:15.930Z 	 info: QueueGCManager:markSweep() Get referred extents, then remove from allExtents.
2025-09-01T13:42:15.930Z 	 info: QueueGCManager:markSweep() Got referred extents, unreferenced extents count is 0.
2025-09-01T13:42:15.930Z 	 info: QueueGCManager:markSweepLoop() Mark and sweep finished, take 0ms.
2025-09-01T13:42:15.930Z 	 info: QueueGCManager:markSweepLoop() Sleep for 60000
2025-09-01T13:42:15.930Z 	 info: AccountDataStore:init() Refresh accounts from environment variable AZURITE_ACCOUNTS with value undefined
2025-09-01T13:42:15.930Z 	 info: AccountDataStore:init() Fallback to default emulator account devstoreaccount1.
2025-09-01T13:43:15.938Z 	 info: AccountDataStore:init() Refresh accounts from environment variable AZURITE_ACCOUNTS with value undefined
2025-09-01T13:43:15.938Z 	 info: AccountDataStore:init() Fallback to default emulator account devstoreaccount1.
2025-09-01T13:43:15.939Z 	 info: AccountDataStore:init() Refresh accounts from environment variable AZURITE_ACCOUNTS with value undefined
2025-09-01T13:43:15.939Z 	 info: AccountDataStore:init() Fallback to default emulator account devstoreaccount1.
2025-09-01T13:43:15.939Z 	 info: QueueGCManager:markSweepLoop() Start new mark and sweep.
2025-09-01T13:43:15.939Z 	 info: QueueGCManger:markSweep() Get all extents.
2025-09-01T13:43:15.939Z 	 info: QueueGCManager:marksweep() Get 0 extents.
2025-09-01T13:43:15.939Z 	 info: QueueGCManager:markSweep() Get referred extents, then remove from allExtents.
2025-09-01T13:43:15.939Z 	 info: QueueGCManager:markSweep() Got referred extents, unreferenced extents count is 0.
2025-09-01T13:43:15.939Z 	 info: QueueGCManager:markSweepLoop() Mark and sweep finished, take 0ms.
2025-09-01T13:43:15.939Z 	 info: QueueGCManager:markSweepLoop() Sleep for 60000
2025-09-01T13:43:15.939Z 	 info: AccountDataStore:init() Refresh accounts from environment variable AZURITE_ACCOUNTS with value undefined
2025-09-01T13:43:15.939Z 	 info: AccountDataStore:init() Fallback to default emulator account devstoreaccount1.
2025-09-01T13:44:15.948Z 	 info: AccountDataStore:init() Refresh accounts from environment variable AZURITE_ACCOUNTS with value undefined
2025-09-01T13:44:15.949Z 	 info: AccountDataStore:init() Fallback to default emulator account devstoreaccount1.
2025-09-01T13:44:15.949Z 	 info: AccountDataStore:init() Refresh accounts from environment variable AZURITE_ACCOUNTS with value undefined
2025-09-01T13:44:15.949Z 	 info: AccountDataStore:init() Fallback to default emulator account devstoreaccount1.
2025-09-01T13:44:15.949Z 	 info: QueueGCManager:markSweepLoop() Start new mark and sweep.
2025-09-01T13:44:15.949Z 	 info: QueueGCManger:markSweep() Get all extents.
2025-09-01T13:44:15.949Z 	 info: QueueGCManager:marksweep() Get 0 extents.
2025-09-01T13:44:15.949Z 	 info: QueueGCManager:markSweep() Get referred extents, then remove from allExtents.
2025-09-01T13:44:15.949Z 	 info: QueueGCManager:markSweep() Got referred extents, unreferenced extents count is 0.
2025-09-01T13:44:15.949Z 	 info: QueueGCManager:markSweepLoop() Mark and sweep finished, take 0ms.
2025-09-01T13:44:15.949Z 	 info: QueueGCManager:markSweepLoop() Sleep for 60000
2025-09-01T13:44:15.949Z 	 info: AccountDataStore:init() Refresh accounts from environment variable AZURITE_ACCOUNTS with value undefined
2025-09-01T13:44:15.949Z 	 info: AccountDataStore:init() Fallback to default emulator account devstoreaccount1.
2025-09-01T13:45:15.962Z 	 info: AccountDataStore:init() Refresh accounts from environment variable AZURITE_ACCOUNTS with value undefined
2025-09-01T13:45:15.962Z 	 info: AccountDataStore:init() Fallback to default emulator account devstoreaccount1.
2025-09-01T13:45:15.962Z 	 info: AccountDataStore:init() Refresh accounts from environment variable AZURITE_ACCOUNTS with value undefined
2025-09-01T13:45:15.962Z 	 info: AccountDataStore:init() Fallback to default emulator account devstoreaccount1.
2025-09-01T13:45:15.962Z 	 info: QueueGCManager:markSweepLoop() Start new mark and sweep.
2025-09-01T13:45:15.962Z 	 info: QueueGCManger:markSweep() Get all extents.
2025-09-01T13:45:15.962Z 	 info: QueueGCManager:marksweep() Get 0 extents.
2025-09-01T13:45:15.962Z 	 info: QueueGCManager:markSweep() Get referred extents, then remove from allExtents.
2025-09-01T13:45:15.962Z 	 info: QueueGCManager:markSweep() Got referred extents, unreferenced extents count is 0.
2025-09-01T13:45:15.962Z 	 info: QueueGCManager:markSweepLoop() Mark and sweep finished, take 0ms.
2025-09-01T13:45:15.962Z 	 info: QueueGCManager:markSweepLoop() Sleep for 60000
2025-09-01T13:45:15.962Z 	 info: AccountDataStore:init() Refresh accounts from environment variable AZURITE_ACCOUNTS with value undefined
2025-09-01T13:45:15.962Z 	 info: AccountDataStore:init() Fallback to default emulator account devstoreaccount1.
2025-09-01T13:46:14.595Z 	 info: BlobGCManager:markSweepLoop() Start next mark and sweep.
2025-09-01T13:46:14.595Z 	 info: BlobGCManager:markSweep() Get all extents.
2025-09-01T13:46:14.595Z 	 info: BlobGCManager:markSweep() Got 1 extents.
2025-09-01T13:46:14.595Z 	 info: BlobGCManager:markSweep() Get referred extents.
2025-09-01T13:46:14.596Z 	 info: BlobGCManager:markSweep() Got referred extents, unreferenced extents count is 0.
2025-09-01T13:46:14.596Z 	 info: BlobGCManager:markSweepLoop() Mark and sweep finished, taken 1ms.
2025-09-01T13:46:14.596Z 	 info: BlobGCManager:markSweepLoop() Sleep for 600000ms.
2025-09-01T13:46:15.965Z 	 info: AccountDataStore:init() Refresh accounts from environment variable AZURITE_ACCOUNTS with value undefined
2025-09-01T13:46:15.965Z 	 info: AccountDataStore:init() Fallback to default emulator account devstoreaccount1.
2025-09-01T13:46:15.965Z 	 info: AccountDataStore:init() Refresh accounts from environment variable AZURITE_ACCOUNTS with value undefined
2025-09-01T13:46:15.965Z 	 info: AccountDataStore:init() Fallback to default emulator account devstoreaccount1.
2025-09-01T13:46:15.965Z 	 info: QueueGCManager:markSweepLoop() Start new mark and sweep.
2025-09-01T13:46:15.965Z 	 info: QueueGCManger:markSweep() Get all extents.
2025-09-01T13:46:15.965Z 	 info: QueueGCManager:marksweep() Get 0 extents.
2025-09-01T13:46:15.965Z 	 info: QueueGCManager:markSweep() Get referred extents, then remove from allExtents.
2025-09-01T13:46:15.965Z 	 info: QueueGCManager:markSweep() Got referred extents, unreferenced extents count is 0.
2025-09-01T13:46:15.965Z 	 info: QueueGCManager:markSweepLoop() Mark and sweep finished, take 0ms.
2025-09-01T13:46:15.965Z 	 info: QueueGCManager:markSweepLoop() Sleep for 60000
2025-09-01T13:46:15.965Z 	 info: AccountDataStore:init() Refresh accounts from environment variable AZURITE_ACCOUNTS with value undefined
2025-09-01T13:46:15.965Z 	 info: AccountDataStore:init() Fallback to default emulator account devstoreaccount1.
2025-09-01T13:47:15.970Z 	 info: AccountDataStore:init() Refresh accounts from environment variable AZURITE_ACCOUNTS with value undefined
2025-09-01T13:47:15.971Z 	 info: AccountDataStore:init() Fallback to default emulator account devstoreaccount1.
2025-09-01T13:47:15.971Z 	 info: AccountDataStore:init() Refresh accounts from environment variable AZURITE_ACCOUNTS with value undefined
2025-09-01T13:47:15.971Z 	 info: AccountDataStore:init() Fallback to default emulator account devstoreaccount1.
2025-09-01T13:47:15.971Z 	 info: QueueGCManager:markSweepLoop() Start new mark and sweep.
2025-09-01T13:47:15.971Z 	 info: QueueGCManger:markSweep() Get all extents.
2025-09-01T13:47:15.971Z 	 info: QueueGCManager:marksweep() Get 0 extents.
2025-09-01T13:47:15.971Z 	 info: QueueGCManager:markSweep() Get referred extents, then remove from allExtents.
2025-09-01T13:47:15.971Z 	 info: QueueGCManager:markSweep() Got referred extents, unreferenced extents count is 0.
2025-09-01T13:47:15.971Z 	 info: QueueGCManager:markSweepLoop() Mark and sweep finished, take 0ms.
2025-09-01T13:47:15.971Z 	 info: QueueGCManager:markSweepLoop() Sleep for 60000
2025-09-01T13:47:15.971Z 	 info: AccountDataStore:init() Refresh accounts from environment variable AZURITE_ACCOUNTS with value undefined
2025-09-01T13:47:15.971Z 	 info: AccountDataStore:init() Fallback to default emulator account devstoreaccount1.
2025-09-01T13:48:15.977Z 	 info: AccountDataStore:init() Refresh accounts from environment variable AZURITE_ACCOUNTS with value undefined
2025-09-01T13:48:15.977Z 	 info: AccountDataStore:init() Fallback to default emulator account devstoreaccount1.
2025-09-01T13:48:15.977Z 	 info: AccountDataStore:init() Refresh accounts from environment variable AZURITE_ACCOUNTS with value undefined
2025-09-01T13:48:15.977Z 	 info: AccountDataStore:init() Fallback to default emulator account devstoreaccount1.
2025-09-01T13:48:15.977Z 	 info: QueueGCManager:markSweepLoop() Start new mark and sweep.
2025-09-01T13:48:15.977Z 	 info: QueueGCManger:markSweep() Get all extents.
2025-09-01T13:48:15.977Z 	 info: QueueGCManager:marksweep() Get 0 extents.
2025-09-01T13:48:15.977Z 	 info: QueueGCManager:markSweep() Get referred extents, then remove from allExtents.
2025-09-01T13:48:15.977Z 	 info: QueueGCManager:markSweep() Got referred extents, unreferenced extents count is 0.
2025-09-01T13:48:15.977Z 	 info: QueueGCManager:markSweepLoop() Mark and sweep finished, take 0ms.
2025-09-01T13:48:15.977Z 	 info: QueueGCManager:markSweepLoop() Sleep for 60000
2025-09-01T13:48:15.977Z 	 info: AccountDataStore:init() Refresh accounts from environment variable AZURITE_ACCOUNTS with value undefined
2025-09-01T13:48:15.977Z 	 info: AccountDataStore:init() Fallback to default emulator account devstoreaccount1.
2025-09-01T13:49:15.989Z 	 info: AccountDataStore:init() Refresh accounts from environment variable AZURITE_ACCOUNTS with value undefined
2025-09-01T13:49:15.989Z 	 info: AccountDataStore:init() Fallback to default emulator account devstoreaccount1.
2025-09-01T13:49:15.989Z 	 info: AccountDataStore:init() Refresh accounts from environment variable AZURITE_ACCOUNTS with value undefined
2025-09-01T13:49:15.989Z 	 info: AccountDataStore:init() Fallback to default emulator account devstoreaccount1.
2025-09-01T13:49:15.989Z 	 info: QueueGCManager:markSweepLoop() Start new mark and sweep.
2025-09-01T13:49:15.989Z 	 info: QueueGCManger:markSweep() Get all extents.
2025-09-01T13:49:15.989Z 	 info: QueueGCManager:marksweep() Get 0 extents.
2025-09-01T13:49:15.989Z 	 info: QueueGCManager:markSweep() Get referred extents, then remove from allExtents.
2025-09-01T13:49:15.989Z 	 info: QueueGCManager:markSweep() Got referred extents, unreferenced extents count is 0.
2025-09-01T13:49:15.989Z 	 info: QueueGCManager:markSweepLoop() Mark and sweep finished, take 0ms.
2025-09-01T13:49:15.989Z 	 info: QueueGCManager:markSweepLoop() Sleep for 60000
2025-09-01T13:49:15.989Z 	 info: AccountDataStore:init() Refresh accounts from environment variable AZURITE_ACCOUNTS with value undefined
2025-09-01T13:49:15.989Z 	 info: AccountDataStore:init() Fallback to default emulator account devstoreaccount1.
2025-09-01T13:50:15.994Z 	 info: AccountDataStore:init() Refresh accounts from environment variable AZURITE_ACCOUNTS with value undefined
2025-09-01T13:50:15.994Z 	 info: AccountDataStore:init() Fallback to default emulator account devstoreaccount1.
2025-09-01T13:50:15.994Z 	 info: AccountDataStore:init() Refresh accounts from environment variable AZURITE_ACCOUNTS with value undefined
2025-09-01T13:50:15.994Z 	 info: AccountDataStore:init() Fallback to default emulator account devstoreaccount1.
2025-09-01T13:50:15.994Z 	 info: QueueGCManager:markSweepLoop() Start new mark and sweep.
2025-09-01T13:50:15.994Z 	 info: QueueGCManger:markSweep() Get all extents.
2025-09-01T13:50:15.994Z 	 info: QueueGCManager:marksweep() Get 0 extents.
2025-09-01T13:50:15.994Z 	 info: QueueGCManager:markSweep() Get referred extents, then remove from allExtents.
2025-09-01T13:50:15.994Z 	 info: QueueGCManager:markSweep() Got referred extents, unreferenced extents count is 0.
2025-09-01T13:50:15.994Z 	 info: QueueGCManager:markSweepLoop() Mark and sweep finished, take 0ms.
2025-09-01T13:50:15.994Z 	 info: QueueGCManager:markSweepLoop() Sleep for 60000
2025-09-01T13:50:15.994Z 	 info: AccountDataStore:init() Refresh accounts from environment variable AZURITE_ACCOUNTS with value undefined
2025-09-01T13:50:15.994Z 	 info: AccountDataStore:init() Fallback to default emulator account devstoreaccount1.
2025-09-01T13:51:16.007Z 	 info: AccountDataStore:init() Refresh accounts from environment variable AZURITE_ACCOUNTS with value undefined
2025-09-01T13:51:16.007Z 	 info: AccountDataStore:init() Fallback to default emulator account devstoreaccount1.
2025-09-01T13:51:16.007Z 	 info: AccountDataStore:init() Refresh accounts from environment variable AZURITE_ACCOUNTS with value undefined
2025-09-01T13:51:16.007Z 	 info: AccountDataStore:init() Fallback to default emulator account devstoreaccount1.
2025-09-01T13:51:16.007Z 	 info: QueueGCManager:markSweepLoop() Start new mark and sweep.
2025-09-01T13:51:16.007Z 	 info: QueueGCManger:markSweep() Get all extents.
2025-09-01T13:51:16.007Z 	 info: QueueGCManager:marksweep() Get 0 extents.
2025-09-01T13:51:16.007Z 	 info: QueueGCManager:markSweep() Get referred extents, then remove from allExtents.
2025-09-01T13:51:16.007Z 	 info: QueueGCManager:markSweep() Got referred extents, unreferenced extents count is 0.
2025-09-01T13:51:16.007Z 	 info: QueueGCManager:markSweepLoop() Mark and sweep finished, take 0ms.
2025-09-01T13:51:16.007Z 	 info: QueueGCManager:markSweepLoop() Sleep for 60000
2025-09-01T13:51:16.007Z 	 info: AccountDataStore:init() Refresh accounts from environment variable AZURITE_ACCOUNTS with value undefined
2025-09-01T13:51:16.007Z 	 info: AccountDataStore:init() Fallback to default emulator account devstoreaccount1.
2025-09-01T13:52:16.017Z 	 info: AccountDataStore:init() Refresh accounts from environment variable AZURITE_ACCOUNTS with value undefined
2025-09-01T13:52:16.018Z 	 info: AccountDataStore:init() Fallback to default emulator account devstoreaccount1.
2025-09-01T13:52:16.018Z 	 info: AccountDataStore:init() Refresh accounts from environment variable AZURITE_ACCOUNTS with value undefined
2025-09-01T13:52:16.018Z 	 info: AccountDataStore:init() Fallback to default emulator account devstoreaccount1.
2025-09-01T13:52:16.018Z 	 info: QueueGCManager:markSweepLoop() Start new mark and sweep.
2025-09-01T13:52:16.018Z 	 info: QueueGCManger:markSweep() Get all extents.
2025-09-01T13:52:16.018Z 	 info: QueueGCManager:marksweep() Get 0 extents.
2025-09-01T13:52:16.018Z 	 info: QueueGCManager:markSweep() Get referred extents, then remove from allExtents.
2025-09-01T13:52:16.018Z 	 info: QueueGCManager:markSweep() Got referred extents, unreferenced extents count is 0.
2025-09-01T13:52:16.018Z 	 info: QueueGCManager:markSweepLoop() Mark and sweep finished, take 0ms.
2025-09-01T13:52:16.018Z 	 info: QueueGCManager:markSweepLoop() Sleep for 60000
2025-09-01T13:52:16.018Z 	 info: AccountDataStore:init() Refresh accounts from environment variable AZURITE_ACCOUNTS with value undefined
2025-09-01T13:52:16.018Z 	 info: AccountDataStore:init() Fallback to default emulator account devstoreaccount1.
2025-09-01T13:53:16.033Z 	 info: AccountDataStore:init() Refresh accounts from environment variable AZURITE_ACCOUNTS with value undefined
2025-09-01T13:53:16.033Z 	 info: AccountDataStore:init() Fallback to default emulator account devstoreaccount1.
2025-09-01T13:53:16.033Z 	 info: AccountDataStore:init() Refresh accounts from environment variable AZURITE_ACCOUNTS with value undefined
2025-09-01T13:53:16.033Z 	 info: AccountDataStore:init() Fallback to default emulator account devstoreaccount1.
2025-09-01T13:53:16.033Z 	 info: QueueGCManager:markSweepLoop() Start new mark and sweep.
2025-09-01T13:53:16.033Z 	 info: QueueGCManger:markSweep() Get all extents.
2025-09-01T13:53:16.033Z 	 info: QueueGCManager:marksweep() Get 0 extents.
2025-09-01T13:53:16.033Z 	 info: QueueGCManager:markSweep() Get referred extents, then remove from allExtents.
2025-09-01T13:53:16.033Z 	 info: QueueGCManager:markSweep() Got referred extents, unreferenced extents count is 0.
2025-09-01T13:53:16.033Z 	 info: QueueGCManager:markSweepLoop() Mark and sweep finished, take 0ms.
2025-09-01T13:53:16.033Z 	 info: QueueGCManager:markSweepLoop() Sleep for 60000
2025-09-01T13:53:16.033Z 	 info: AccountDataStore:init() Refresh accounts from environment variable AZURITE_ACCOUNTS with value undefined
2025-09-01T13:53:16.034Z 	 info: AccountDataStore:init() Fallback to default emulator account devstoreaccount1.
2025-09-01T13:53:19.802Z d13bf2f0-ec6d-437a-b9af-7d524750e399 info: BlobStorageContextMiddleware: RequestMethod=PUT RequestURL=http://127.0.0.1/devstoreaccount1/quality-docs?restype=container RequestHeaders:{"x-ms-version":"2025-07-05","accept":"application/xml","x-ms-blob-public-access":"container","user-agent":"azsdk-js-azure-storage-blob/12.28.0 core-rest-pipeline/1.22.0 Node/22.18.0 OS/(x64-Windows_NT-10.0.26100)","x-ms-client-request-id":"efe800f9-b4c7-4e20-9378-1cd60474795a","x-ms-date":"Mon, 01 Sep 2025 13:53:19 GMT","authorization":"SharedKey devstoreaccount1:/pmOPlSbS8Eu1Uy/KaMOl7ldcTxCXhU7hTLFKKmIHeI=","host":"127.0.0.1:10000","connection":"keep-alive","content-length":"0"} ClientIP=127.0.0.1 Protocol=http HTTPVersion=1.1
2025-09-01T13:53:19.802Z d13bf2f0-ec6d-437a-b9af-7d524750e399 info: BlobStorageContextMiddleware: Account=devstoreaccount1 Container=quality-docs Blob=
2025-09-01T13:53:19.802Z d13bf2f0-ec6d-437a-b9af-7d524750e399 verbose: DispatchMiddleware: Dispatching request...
2025-09-01T13:53:19.803Z d13bf2f0-ec6d-437a-b9af-7d524750e399 info: DispatchMiddleware: Operation=Container_Create
2025-09-01T13:53:19.803Z d13bf2f0-ec6d-437a-b9af-7d524750e399 verbose: AuthenticationMiddlewareFactory:createAuthenticationMiddleware() Validating authentications.
2025-09-01T13:53:19.803Z d13bf2f0-ec6d-437a-b9af-7d524750e399 info: PublicAccessAuthenticator:validate() Start validation against public access.
2025-09-01T13:53:19.803Z d13bf2f0-ec6d-437a-b9af-7d524750e399 debug: PublicAccessAuthenticator:validate() Getting account properties...
2025-09-01T13:53:19.803Z d13bf2f0-ec6d-437a-b9af-7d524750e399 debug: PublicAccessAuthenticator:validate() Retrieved account name from context: devstoreaccount1, container: quality-docs, blob: 
2025-09-01T13:53:19.803Z d13bf2f0-ec6d-437a-b9af-7d524750e399 debug: PublicAccessAuthenticator:validate() Public access type for container quality-docs is "container"
2025-09-01T13:53:19.803Z d13bf2f0-ec6d-437a-b9af-7d524750e399 debug: PublicAccessAuthenticator:validate() Operation Container_Create is not in container neither blob level public access list. Validation failed.
2025-09-01T13:53:19.803Z d13bf2f0-ec6d-437a-b9af-7d524750e399 info: BlobSharedKeyAuthenticator:validate() Start validation against account shared key authentication.
2025-09-01T13:53:19.803Z d13bf2f0-ec6d-437a-b9af-7d524750e399 info: BlobSharedKeyAuthenticator:validate() [STRING TO SIGN]:"PUT\n\n\n\n\n\n\n\n\n\n\n\nx-ms-blob-public-access:container\nx-ms-client-request-id:efe800f9-b4c7-4e20-9378-1cd60474795a\nx-ms-date:Mon, 01 Sep 2025 13:53:19 GMT\nx-ms-version:2025-07-05\n/devstoreaccount1/devstoreaccount1/quality-docs\nrestype:container"
2025-09-01T13:53:19.804Z d13bf2f0-ec6d-437a-b9af-7d524750e399 info: BlobSharedKeyAuthenticator:validate() Calculated authentication header based on key1: SharedKey devstoreaccount1:/pmOPlSbS8Eu1Uy/KaMOl7ldcTxCXhU7hTLFKKmIHeI=
2025-09-01T13:53:19.804Z d13bf2f0-ec6d-437a-b9af-7d524750e399 info: BlobSharedKeyAuthenticator:validate() Signature 1 matched.
2025-09-01T13:53:19.804Z d13bf2f0-ec6d-437a-b9af-7d524750e399 verbose: DeserializerMiddleware: Start deserializing...
2025-09-01T13:53:19.804Z d13bf2f0-ec6d-437a-b9af-7d524750e399 info: HandlerMiddleware: DeserializedParameters={"options":{"metadata":{},"access":"container","requestId":"efe800f9-b4c7-4e20-9378-1cd60474795a","containerCpkScopeInfo":{}},"restype":"container","version":"2025-07-05"}
2025-09-01T13:53:19.805Z d13bf2f0-ec6d-437a-b9af-7d524750e399 error: ErrorMiddleware: Received a MiddlewareError, fill error information to HTTP response
2025-09-01T13:53:19.805Z d13bf2f0-ec6d-437a-b9af-7d524750e399 error: ErrorMiddleware: ErrorName=StorageError ErrorMessage=The specified container already exists.  ErrorHTTPStatusCode=409 ErrorHTTPStatusMessage=The specified container already exists. ErrorHTTPHeaders={"x-ms-error-code":"ContainerAlreadyExists","x-ms-request-id":"d13bf2f0-ec6d-437a-b9af-7d524750e399"} ErrorHTTPBody="<?xml version=\"1.0\" encoding=\"UTF-8\" standalone=\"yes\"?>\n<Error>\n  <Code>ContainerAlreadyExists</Code>\n  <Message>The specified container already exists.\nRequestId:d13bf2f0-ec6d-437a-b9af-7d524750e399\nTime:2025-09-01T13:53:19.804Z</Message>\n</Error>" ErrorStack="StorageError: The specified container already exists.\n    at StorageErrorFactory.getContainerAlreadyExists (C:\\QR Portal\\node_modules\\azurite\\dist\\src\\blob\\errors\\StorageErrorFactory.js:23:16)\n    at LokiBlobMetadataStore.createContainer (C:\\QR Portal\\node_modules\\azurite\\dist\\src\\blob\\persistence\\LokiBlobMetadataStore.js:299:49)\n    at ContainerHandler.create (C:\\QR Portal\\node_modules\\azurite\\dist\\src\\blob\\handlers\\ContainerHandler.js:44:34)\n    at C:\\QR Portal\\node_modules\\azurite\\dist\\src\\blob\\generated\\middleware\\HandlerMiddlewareFactory.js:58:18\n    at C:\\QR Portal\\node_modules\\azurite\\dist\\src\\blob\\generated\\ExpressMiddlewareFactory.js:78:63\n    at Layer.handle [as handle_request] (C:\\QR Portal\\node_modules\\azurite\\node_modules\\express\\lib\\router\\layer.js:95:5)\n    at trim_prefix (C:\\QR Portal\\node_modules\\azurite\\node_modules\\express\\lib\\router\\index.js:328:13)\n    at C:\\QR Portal\\node_modules\\azurite\\node_modules\\express\\lib\\router\\index.js:286:9\n    at Function.process_params (C:\\QR Portal\\node_modules\\azurite\\node_modules\\express\\lib\\router\\index.js:346:12)\n    at next (C:\\QR Portal\\node_modules\\azurite\\node_modules\\express\\lib\\router\\index.js:280:10)"
2025-09-01T13:53:19.805Z d13bf2f0-ec6d-437a-b9af-7d524750e399 error: ErrorMiddleware: Set HTTP code: 409
2025-09-01T13:53:19.805Z d13bf2f0-ec6d-437a-b9af-7d524750e399 error: ErrorMiddleware: Set HTTP status message: The specified container already exists.
2025-09-01T13:53:19.805Z d13bf2f0-ec6d-437a-b9af-7d524750e399 error: ErrorMiddleware: Set HTTP Header: x-ms-error-code=ContainerAlreadyExists
2025-09-01T13:53:19.805Z d13bf2f0-ec6d-437a-b9af-7d524750e399 error: ErrorMiddleware: Set HTTP Header: x-ms-request-id=d13bf2f0-ec6d-437a-b9af-7d524750e399
2025-09-01T13:53:19.805Z d13bf2f0-ec6d-437a-b9af-7d524750e399 error: ErrorMiddleware: Set content type: application/xml
2025-09-01T13:53:19.805Z d13bf2f0-ec6d-437a-b9af-7d524750e399 error: ErrorMiddleware: Set HTTP body: "<?xml version=\"1.0\" encoding=\"UTF-8\" standalone=\"yes\"?>\n<Error>\n  <Code>ContainerAlreadyExists</Code>\n  <Message>The specified container already exists.\nRequestId:d13bf2f0-ec6d-437a-b9af-7d524750e399\nTime:2025-09-01T13:53:19.804Z</Message>\n</Error>"
2025-09-01T13:53:19.805Z d13bf2f0-ec6d-437a-b9af-7d524750e399 verbose: Send Blob telemetry: B_Container_Create
2025-09-01T13:53:19.805Z d13bf2f0-ec6d-437a-b9af-7d524750e399 info: EndMiddleware: End response. TotalTimeInMS=3 StatusCode=409 StatusMessage=The specified container already exists. Headers={"server":"Azurite-Blob/3.35.0","x-ms-error-code":"ContainerAlreadyExists","x-ms-request-id":"d13bf2f0-ec6d-437a-b9af-7d524750e399","content-type":"application/xml"}
2025-09-01T13:53:19.828Z de8473a0-bfb5-4977-9069-21da6d0721fd info: BlobStorageContextMiddleware: RequestMethod=PUT RequestURL=http://127.0.0.1/devstoreaccount1/quality-docs/aaa/Jones-engineering-group-network-audit-.pdf RequestHeaders:{"content-type":"application/octet-stream","x-ms-version":"2025-07-05","content-length":"3507024","x-ms-blob-content-type":"application/pdf","accept":"application/xml","x-ms-blob-type":"BlockBlob","user-agent":"azsdk-js-azure-storage-blob/12.28.0 core-rest-pipeline/1.22.0 Node/22.18.0 OS/(x64-Windows_NT-10.0.26100)","x-ms-client-request-id":"5b9eed52-8fa0-4dac-b23c-0b13e7e104e4","x-ms-date":"Mon, 01 Sep 2025 13:53:19 GMT","authorization":"SharedKey devstoreaccount1:CGJTw43NWomO60n9He4goCrrY/fpTWQ3/+p0qbZ8YkU=","host":"127.0.0.1:10000","connection":"keep-alive"} ClientIP=127.0.0.1 Protocol=http HTTPVersion=1.1
2025-09-01T13:53:19.829Z de8473a0-bfb5-4977-9069-21da6d0721fd info: BlobStorageContextMiddleware: Account=devstoreaccount1 Container=quality-docs Blob=aaa/Jones-engineering-group-network-audit-.pdf
2025-09-01T13:53:19.829Z de8473a0-bfb5-4977-9069-21da6d0721fd verbose: DispatchMiddleware: Dispatching request...
2025-09-01T13:53:19.829Z de8473a0-bfb5-4977-9069-21da6d0721fd info: DispatchMiddleware: Operation=BlockBlob_Upload
2025-09-01T13:53:19.829Z de8473a0-bfb5-4977-9069-21da6d0721fd verbose: AuthenticationMiddlewareFactory:createAuthenticationMiddleware() Validating authentications.
2025-09-01T13:53:19.829Z de8473a0-bfb5-4977-9069-21da6d0721fd info: PublicAccessAuthenticator:validate() Start validation against public access.
2025-09-01T13:53:19.829Z de8473a0-bfb5-4977-9069-21da6d0721fd debug: PublicAccessAuthenticator:validate() Getting account properties...
2025-09-01T13:53:19.829Z de8473a0-bfb5-4977-9069-21da6d0721fd debug: PublicAccessAuthenticator:validate() Retrieved account name from context: devstoreaccount1, container: quality-docs, blob: aaa/Jones-engineering-group-network-audit-.pdf
2025-09-01T13:53:19.830Z de8473a0-bfb5-4977-9069-21da6d0721fd debug: PublicAccessAuthenticator:validate() Public access type for container quality-docs is "container"
2025-09-01T13:53:19.830Z de8473a0-bfb5-4977-9069-21da6d0721fd debug: PublicAccessAuthenticator:validate() Operation BlockBlob_Upload is not in container neither blob level public access list. Validation failed.
2025-09-01T13:53:19.830Z de8473a0-bfb5-4977-9069-21da6d0721fd info: BlobSharedKeyAuthenticator:validate() Start validation against account shared key authentication.
2025-09-01T13:53:19.830Z de8473a0-bfb5-4977-9069-21da6d0721fd info: BlobSharedKeyAuthenticator:validate() [STRING TO SIGN]:"PUT\n\n\n3507024\n\napplication/octet-stream\n\n\n\n\n\n\nx-ms-blob-content-type:application/pdf\nx-ms-blob-type:BlockBlob\nx-ms-client-request-id:5b9eed52-8fa0-4dac-b23c-0b13e7e104e4\nx-ms-date:Mon, 01 Sep 2025 13:53:19 GMT\nx-ms-version:2025-07-05\n/devstoreaccount1/devstoreaccount1/quality-docs/aaa/Jones-engineering-group-network-audit-.pdf"
2025-09-01T13:53:19.830Z de8473a0-bfb5-4977-9069-21da6d0721fd info: BlobSharedKeyAuthenticator:validate() Calculated authentication header based on key1: SharedKey devstoreaccount1:CGJTw43NWomO60n9He4goCrrY/fpTWQ3/+p0qbZ8YkU=
2025-09-01T13:53:19.830Z de8473a0-bfb5-4977-9069-21da6d0721fd info: BlobSharedKeyAuthenticator:validate() Signature 1 matched.
2025-09-01T13:53:19.830Z de8473a0-bfb5-4977-9069-21da6d0721fd verbose: DeserializerMiddleware: Start deserializing...
2025-09-01T13:53:19.830Z de8473a0-bfb5-4977-9069-21da6d0721fd info: HandlerMiddleware: DeserializedParameters={"options":{"metadata":{},"requestId":"5b9eed52-8fa0-4dac-b23c-0b13e7e104e4","blobHTTPHeaders":{"blobContentType":"application/pdf"},"leaseAccessConditions":{},"cpkInfo":{},"cpkScopeInfo":{},"modifiedAccessConditions":{}},"contentLength":3507024,"version":"2025-07-05","blobType":"BlockBlob","body":"ReadableStream"}
2025-09-01T13:53:19.830Z de8473a0-bfb5-4977-9069-21da6d0721fd debug: OperationQueue.operate() Schedule incoming job 2a372ab8-6728-49ed-a280-ee9dc77f2f8c
2025-09-01T13:53:19.830Z de8473a0-bfb5-4977-9069-21da6d0721fd debug: OperationQueue:execute() Current runningConcurrency:0 maxConcurrency:50 operations.length:1
2025-09-01T13:53:19.830Z de8473a0-bfb5-4977-9069-21da6d0721fd info: FSExtentStore:appendExtent() Select extent from idle location for extent append operation. LocationId:1 extentId:4e550bc3-1e62-43e4-9d3d-6ba2361db643 offset:14660084 MAX_EXTENT_SIZE:67108864 
2025-09-01T13:53:19.830Z de8473a0-bfb5-4977-9069-21da6d0721fd debug: FSExtentStore:appendExtent() Get fd:4 for extent:4e550bc3-1e62-43e4-9d3d-6ba2361db643 from cache.
2025-09-01T13:53:19.831Z de8473a0-bfb5-4977-9069-21da6d0721fd debug: FSExtentStore:appendExtent() Created write stream for fd:4
2025-09-01T13:53:19.831Z de8473a0-bfb5-4977-9069-21da6d0721fd debug: FSExtentStore:appendExtent() Start writing to extent 4e550bc3-1e62-43e4-9d3d-6ba2361db643
2025-09-01T13:53:19.831Z de8473a0-bfb5-4977-9069-21da6d0721fd debug: FSExtentStore:streamPipe() Start piping data to write stream
2025-09-01T13:53:19.852Z de8473a0-bfb5-4977-9069-21da6d0721fd debug: FSExtentStore:streamPipe() Readable stream triggers close event, 3507024 bytes piped
2025-09-01T13:53:19.852Z de8473a0-bfb5-4977-9069-21da6d0721fd debug: FSExtentStore:streamPipe() Invoke write stream end()
2025-09-01T13:53:19.852Z de8473a0-bfb5-4977-9069-21da6d0721fd debug: FSExtentStore:streamPipe() Readable stream triggers close event, 3507024 bytes piped
2025-09-01T13:53:19.852Z de8473a0-bfb5-4977-9069-21da6d0721fd debug: FSExtentStore:streamPipe() Writable stream triggers finish event, after 3507024 bytes piped. Flush data to fd:4.
2025-09-01T13:53:19.860Z de8473a0-bfb5-4977-9069-21da6d0721fd debug: FSExtentStore:streamPipe() Flush data to fd:4 successfully. Resolve streamPipe().
2025-09-01T13:53:19.861Z de8473a0-bfb5-4977-9069-21da6d0721fd debug: FSExtentStore:appendExtent() Write finish, start updating extent metadata. extent:{"id":"4e550bc3-1e62-43e4-9d3d-6ba2361db643","locationId":"Default","path":"4e550bc3-1e62-43e4-9d3d-6ba2361db643","size":18167108,"lastModifiedInMS":1756734799861}
2025-09-01T13:53:19.861Z de8473a0-bfb5-4977-9069-21da6d0721fd debug: FSExtentStore:appendExtent() Update extent metadata done. Resolve()
2025-09-01T13:53:19.861Z de8473a0-bfb5-4977-9069-21da6d0721fd debug: OperationQueue.operate() Job 2a372ab8-6728-49ed-a280-ee9dc77f2f8c completes callback, resolve.
2025-09-01T13:53:19.861Z de8473a0-bfb5-4977-9069-21da6d0721fd debug: OperationQueue.operate() Schedule incoming job 21379a46-64fb-4d4a-ba56-0efc763edde5
2025-09-01T13:53:19.861Z de8473a0-bfb5-4977-9069-21da6d0721fd debug: OperationQueue:execute() Current runningConcurrency:0 maxConcurrency:100 operations.length:1
2025-09-01T13:53:19.861Z de8473a0-bfb5-4977-9069-21da6d0721fd verbose: FSExtentStore:readExtent() Creating read stream. LocationId:Default extentId:4e550bc3-1e62-43e4-9d3d-6ba2361db643 path:azurite\__blobstorage__\4e550bc3-1e62-43e4-9d3d-6ba2361db643 offset:14660084 count:3507024 end:18167107
2025-09-01T13:53:19.861Z de8473a0-bfb5-4977-9069-21da6d0721fd debug: OperationQueue.operate() Job 21379a46-64fb-4d4a-ba56-0efc763edde5 completes callback, resolve.
2025-09-01T13:53:19.861Z de8473a0-bfb5-4977-9069-21da6d0721fd debug: OperationQueue:execute() Current runningConcurrency:0 maxConcurrency:50 operations.length:0
2025-09-01T13:53:19.861Z de8473a0-bfb5-4977-9069-21da6d0721fd debug: OperationQueue:execute() return. Operation.length === 0
2025-09-01T13:53:19.862Z de8473a0-bfb5-4977-9069-21da6d0721fd debug: OperationQueue:execute() Current runningConcurrency:0 maxConcurrency:100 operations.length:0
2025-09-01T13:53:19.862Z de8473a0-bfb5-4977-9069-21da6d0721fd debug: OperationQueue:execute() return. Operation.length === 0
2025-09-01T13:53:19.892Z de8473a0-bfb5-4977-9069-21da6d0721fd verbose: SerializerMiddleware: Start serializing...
2025-09-01T13:53:19.893Z de8473a0-bfb5-4977-9069-21da6d0721fd verbose: Send Blob telemetry: B_BlockBlob_Upload
2025-09-01T13:53:19.893Z de8473a0-bfb5-4977-9069-21da6d0721fd info: EndMiddleware: End response. TotalTimeInMS=65 StatusCode=201 StatusMessage=undefined Headers={"server":"Azurite-Blob/3.35.0","etag":"\"0x1CB881251FF9040\"","last-modified":"Mon, 01 Sep 2025 13:53:19 GMT","content-md5":"aPlkXtm3XQdc/QxVWc/dGA==","x-ms-client-request-id":"5b9eed52-8fa0-4dac-b23c-0b13e7e104e4","x-ms-request-id":"de8473a0-bfb5-4977-9069-21da6d0721fd","x-ms-version":"2025-11-05","date":"Mon, 01 Sep 2025 13:53:19 GMT","x-ms-request-server-encrypted":"true"}
2025-09-01T13:53:19.893Z de8473a0-bfb5-4977-9069-21da6d0721fd verbose: FSExtentStore:readExtent() Read stream closed. LocationId:Default extentId:4e550bc3-1e62-43e4-9d3d-6ba2361db643 path:azurite\__blobstorage__\4e550bc3-1e62-43e4-9d3d-6ba2361db643 offset:14660084 count:3507024 end:18167107
2025-09-01T13:53:41.484Z 5302de70-60aa-4bcf-b763-52389ced98d4 info: BlobStorageContextMiddleware: RequestMethod=PUT RequestURL=http://127.0.0.1/devstoreaccount1/quality-docs/testing/Jones-engineering-group-network-audit-.pdf RequestHeaders:{"content-type":"application/octet-stream","x-ms-version":"2025-07-05","content-length":"3507024","x-ms-blob-content-type":"application/pdf","accept":"application/xml","x-ms-blob-type":"BlockBlob","user-agent":"azsdk-js-azure-storage-blob/12.28.0 core-rest-pipeline/1.22.0 Node/22.18.0 OS/(x64-Windows_NT-10.0.26100)","x-ms-client-request-id":"f96ff909-4d4c-432c-9e98-5565c58a4ad2","x-ms-date":"Mon, 01 Sep 2025 13:53:41 GMT","authorization":"SharedKey devstoreaccount1:C7s3kQ1X5l/mev+HpqCwLfuzKMdelheZX6ShNpO9DIs=","host":"127.0.0.1:10000","connection":"keep-alive"} ClientIP=127.0.0.1 Protocol=http HTTPVersion=1.1
2025-09-01T13:53:41.484Z 5302de70-60aa-4bcf-b763-52389ced98d4 info: BlobStorageContextMiddleware: Account=devstoreaccount1 Container=quality-docs Blob=testing/Jones-engineering-group-network-audit-.pdf
2025-09-01T13:53:41.484Z 5302de70-60aa-4bcf-b763-52389ced98d4 verbose: DispatchMiddleware: Dispatching request...
2025-09-01T13:53:41.485Z 5302de70-60aa-4bcf-b763-52389ced98d4 info: DispatchMiddleware: Operation=BlockBlob_Upload
2025-09-01T13:53:41.485Z 5302de70-60aa-4bcf-b763-52389ced98d4 verbose: AuthenticationMiddlewareFactory:createAuthenticationMiddleware() Validating authentications.
2025-09-01T13:53:41.485Z 5302de70-60aa-4bcf-b763-52389ced98d4 info: PublicAccessAuthenticator:validate() Start validation against public access.
2025-09-01T13:53:41.485Z 5302de70-60aa-4bcf-b763-52389ced98d4 debug: PublicAccessAuthenticator:validate() Getting account properties...
2025-09-01T13:53:41.485Z 5302de70-60aa-4bcf-b763-52389ced98d4 debug: PublicAccessAuthenticator:validate() Retrieved account name from context: devstoreaccount1, container: quality-docs, blob: testing/Jones-engineering-group-network-audit-.pdf
2025-09-01T13:53:41.485Z 5302de70-60aa-4bcf-b763-52389ced98d4 debug: PublicAccessAuthenticator:validate() Public access type for container quality-docs is "container"
2025-09-01T13:53:41.485Z 5302de70-60aa-4bcf-b763-52389ced98d4 debug: PublicAccessAuthenticator:validate() Operation BlockBlob_Upload is not in container neither blob level public access list. Validation failed.
2025-09-01T13:53:41.485Z 5302de70-60aa-4bcf-b763-52389ced98d4 info: BlobSharedKeyAuthenticator:validate() Start validation against account shared key authentication.
2025-09-01T13:53:41.485Z 5302de70-60aa-4bcf-b763-52389ced98d4 info: BlobSharedKeyAuthenticator:validate() [STRING TO SIGN]:"PUT\n\n\n3507024\n\napplication/octet-stream\n\n\n\n\n\n\nx-ms-blob-content-type:application/pdf\nx-ms-blob-type:BlockBlob\nx-ms-client-request-id:f96ff909-4d4c-432c-9e98-5565c58a4ad2\nx-ms-date:Mon, 01 Sep 2025 13:53:41 GMT\nx-ms-version:2025-07-05\n/devstoreaccount1/devstoreaccount1/quality-docs/testing/Jones-engineering-group-network-audit-.pdf"
2025-09-01T13:53:41.485Z 5302de70-60aa-4bcf-b763-52389ced98d4 info: BlobSharedKeyAuthenticator:validate() Calculated authentication header based on key1: SharedKey devstoreaccount1:C7s3kQ1X5l/mev+HpqCwLfuzKMdelheZX6ShNpO9DIs=
2025-09-01T13:53:41.485Z 5302de70-60aa-4bcf-b763-52389ced98d4 info: BlobSharedKeyAuthenticator:validate() Signature 1 matched.
2025-09-01T13:53:41.485Z 5302de70-60aa-4bcf-b763-52389ced98d4 verbose: DeserializerMiddleware: Start deserializing...
2025-09-01T13:53:41.485Z 5302de70-60aa-4bcf-b763-52389ced98d4 info: HandlerMiddleware: DeserializedParameters={"options":{"metadata":{},"requestId":"f96ff909-4d4c-432c-9e98-5565c58a4ad2","blobHTTPHeaders":{"blobContentType":"application/pdf"},"leaseAccessConditions":{},"cpkInfo":{},"cpkScopeInfo":{},"modifiedAccessConditions":{}},"contentLength":3507024,"version":"2025-07-05","blobType":"BlockBlob","body":"ReadableStream"}
2025-09-01T13:53:41.485Z 5302de70-60aa-4bcf-b763-52389ced98d4 debug: OperationQueue.operate() Schedule incoming job dba2eaee-30cc-4ee1-9467-6048f513423d
2025-09-01T13:53:41.485Z 5302de70-60aa-4bcf-b763-52389ced98d4 debug: OperationQueue:execute() Current runningConcurrency:0 maxConcurrency:50 operations.length:1
2025-09-01T13:53:41.485Z 5302de70-60aa-4bcf-b763-52389ced98d4 info: FSExtentStore:appendExtent() Select extent from idle location for extent append operation. LocationId:1 extentId:4e550bc3-1e62-43e4-9d3d-6ba2361db643 offset:18167108 MAX_EXTENT_SIZE:67108864 
2025-09-01T13:53:41.485Z 5302de70-60aa-4bcf-b763-52389ced98d4 debug: FSExtentStore:appendExtent() Get fd:4 for extent:4e550bc3-1e62-43e4-9d3d-6ba2361db643 from cache.
2025-09-01T13:53:41.485Z 5302de70-60aa-4bcf-b763-52389ced98d4 debug: FSExtentStore:appendExtent() Created write stream for fd:4
2025-09-01T13:53:41.485Z 5302de70-60aa-4bcf-b763-52389ced98d4 debug: FSExtentStore:appendExtent() Start writing to extent 4e550bc3-1e62-43e4-9d3d-6ba2361db643
2025-09-01T13:53:41.485Z 5302de70-60aa-4bcf-b763-52389ced98d4 debug: FSExtentStore:streamPipe() Start piping data to write stream
2025-09-01T13:53:41.507Z 5302de70-60aa-4bcf-b763-52389ced98d4 debug: FSExtentStore:streamPipe() Readable stream triggers close event, 3507024 bytes piped
2025-09-01T13:53:41.507Z 5302de70-60aa-4bcf-b763-52389ced98d4 debug: FSExtentStore:streamPipe() Invoke write stream end()
2025-09-01T13:53:41.507Z 5302de70-60aa-4bcf-b763-52389ced98d4 debug: FSExtentStore:streamPipe() Readable stream triggers close event, 3507024 bytes piped
2025-09-01T13:53:41.507Z 5302de70-60aa-4bcf-b763-52389ced98d4 debug: FSExtentStore:streamPipe() Writable stream triggers finish event, after 3507024 bytes piped. Flush data to fd:4.
2025-09-01T13:53:41.518Z 5302de70-60aa-4bcf-b763-52389ced98d4 debug: FSExtentStore:streamPipe() Flush data to fd:4 successfully. Resolve streamPipe().
2025-09-01T13:53:41.519Z 5302de70-60aa-4bcf-b763-52389ced98d4 debug: FSExtentStore:appendExtent() Write finish, start updating extent metadata. extent:{"id":"4e550bc3-1e62-43e4-9d3d-6ba2361db643","locationId":"Default","path":"4e550bc3-1e62-43e4-9d3d-6ba2361db643","size":21674132,"lastModifiedInMS":1756734821519}
2025-09-01T13:53:41.519Z 5302de70-60aa-4bcf-b763-52389ced98d4 debug: FSExtentStore:appendExtent() Update extent metadata done. Resolve()
2025-09-01T13:53:41.519Z 5302de70-60aa-4bcf-b763-52389ced98d4 debug: OperationQueue.operate() Job dba2eaee-30cc-4ee1-9467-6048f513423d completes callback, resolve.
2025-09-01T13:53:41.519Z 5302de70-60aa-4bcf-b763-52389ced98d4 debug: OperationQueue.operate() Schedule incoming job 48684011-4779-4e89-ad8f-b22f6bf1eba3
2025-09-01T13:53:41.519Z 5302de70-60aa-4bcf-b763-52389ced98d4 debug: OperationQueue:execute() Current runningConcurrency:0 maxConcurrency:100 operations.length:1
2025-09-01T13:53:41.519Z 5302de70-60aa-4bcf-b763-52389ced98d4 verbose: FSExtentStore:readExtent() Creating read stream. LocationId:Default extentId:4e550bc3-1e62-43e4-9d3d-6ba2361db643 path:azurite\__blobstorage__\4e550bc3-1e62-43e4-9d3d-6ba2361db643 offset:18167108 count:3507024 end:21674131
2025-09-01T13:53:41.519Z 5302de70-60aa-4bcf-b763-52389ced98d4 debug: OperationQueue.operate() Job 48684011-4779-4e89-ad8f-b22f6bf1eba3 completes callback, resolve.
2025-09-01T13:53:41.519Z 5302de70-60aa-4bcf-b763-52389ced98d4 debug: OperationQueue:execute() Current runningConcurrency:0 maxConcurrency:50 operations.length:0
2025-09-01T13:53:41.519Z 5302de70-60aa-4bcf-b763-52389ced98d4 debug: OperationQueue:execute() return. Operation.length === 0
2025-09-01T13:53:41.519Z 5302de70-60aa-4bcf-b763-52389ced98d4 debug: OperationQueue:execute() Current runningConcurrency:0 maxConcurrency:100 operations.length:0
2025-09-01T13:53:41.519Z 5302de70-60aa-4bcf-b763-52389ced98d4 debug: OperationQueue:execute() return. Operation.length === 0
2025-09-01T13:53:41.548Z 5302de70-60aa-4bcf-b763-52389ced98d4 verbose: SerializerMiddleware: Start serializing...
2025-09-01T13:53:41.548Z 5302de70-60aa-4bcf-b763-52389ced98d4 verbose: Send Blob telemetry: B_BlockBlob_Upload
2025-09-01T13:53:41.548Z 5302de70-60aa-4bcf-b763-52389ced98d4 info: EndMiddleware: End response. TotalTimeInMS=64 StatusCode=201 StatusMessage=undefined Headers={"server":"Azurite-Blob/3.35.0","etag":"\"0x1DD54D493E44830\"","last-modified":"Mon, 01 Sep 2025 13:53:41 GMT","content-md5":"aPlkXtm3XQdc/QxVWc/dGA==","x-ms-client-request-id":"f96ff909-4d4c-432c-9e98-5565c58a4ad2","x-ms-request-id":"5302de70-60aa-4bcf-b763-52389ced98d4","x-ms-version":"2025-11-05","date":"Mon, 01 Sep 2025 13:53:41 GMT","x-ms-request-server-encrypted":"true"}
2025-09-01T13:53:41.548Z 5302de70-60aa-4bcf-b763-52389ced98d4 verbose: FSExtentStore:readExtent() Read stream closed. LocationId:Default extentId:4e550bc3-1e62-43e4-9d3d-6ba2361db643 path:azurite\__blobstorage__\4e550bc3-1e62-43e4-9d3d-6ba2361db643 offset:18167108 count:3507024 end:21674131
2025-09-01T13:54:16.036Z 	 info: AccountDataStore:init() Refresh accounts from environment variable AZURITE_ACCOUNTS with value undefined
2025-09-01T13:54:16.037Z 	 info: AccountDataStore:init() Fallback to default emulator account devstoreaccount1.
2025-09-01T13:54:16.037Z 	 info: AccountDataStore:init() Refresh accounts from environment variable AZURITE_ACCOUNTS with value undefined
2025-09-01T13:54:16.037Z 	 info: AccountDataStore:init() Fallback to default emulator account devstoreaccount1.
2025-09-01T13:54:16.037Z 	 info: QueueGCManager:markSweepLoop() Start new mark and sweep.
2025-09-01T13:54:16.037Z 	 info: QueueGCManger:markSweep() Get all extents.
2025-09-01T13:54:16.037Z 	 info: QueueGCManager:marksweep() Get 0 extents.
2025-09-01T13:54:16.037Z 	 info: QueueGCManager:markSweep() Get referred extents, then remove from allExtents.
2025-09-01T13:54:16.037Z 	 info: QueueGCManager:markSweep() Got referred extents, unreferenced extents count is 0.
2025-09-01T13:54:16.037Z 	 info: QueueGCManager:markSweepLoop() Mark and sweep finished, take 0ms.
2025-09-01T13:54:16.037Z 	 info: QueueGCManager:markSweepLoop() Sleep for 60000
2025-09-01T13:54:16.037Z 	 info: AccountDataStore:init() Refresh accounts from environment variable AZURITE_ACCOUNTS with value undefined
2025-09-01T13:54:16.037Z 	 info: AccountDataStore:init() Fallback to default emulator account devstoreaccount1.
2025-09-01T13:54:22.756Z 66d601ea-c330-495b-9357-c1c0ed06b21a info: BlobStorageContextMiddleware: RequestMethod=GET RequestURL=http://127.0.0.1/devstoreaccount1/quality-docs?comp=list&prefix=aaa%2F&restype=container RequestHeaders:{"x-ms-version":"2025-07-05","accept":"application/xml","user-agent":"azsdk-js-azure-storage-blob/12.28.0 core-rest-pipeline/1.22.0 Node/22.18.0 OS/(x64-Windows_NT-10.0.26100)","x-ms-client-request-id":"25e50f37-3787-49e7-8dd3-486969353fe4","x-ms-date":"Mon, 01 Sep 2025 13:54:22 GMT","authorization":"SharedKey devstoreaccount1:nPkTOz0YQOsGWYtYjHG0mUKTgw4YrON4u+h16j07qu0=","host":"127.0.0.1:10000","connection":"keep-alive"} ClientIP=127.0.0.1 Protocol=http HTTPVersion=1.1
2025-09-01T13:54:22.757Z 66d601ea-c330-495b-9357-c1c0ed06b21a info: BlobStorageContextMiddleware: Account=devstoreaccount1 Container=quality-docs Blob=
2025-09-01T13:54:22.757Z 66d601ea-c330-495b-9357-c1c0ed06b21a verbose: DispatchMiddleware: Dispatching request...
2025-09-01T13:54:22.757Z 66d601ea-c330-495b-9357-c1c0ed06b21a info: DispatchMiddleware: Operation=Container_ListBlobFlatSegment
2025-09-01T13:54:22.757Z 66d601ea-c330-495b-9357-c1c0ed06b21a verbose: AuthenticationMiddlewareFactory:createAuthenticationMiddleware() Validating authentications.
2025-09-01T13:54:22.757Z 66d601ea-c330-495b-9357-c1c0ed06b21a info: PublicAccessAuthenticator:validate() Start validation against public access.
2025-09-01T13:54:22.757Z 66d601ea-c330-495b-9357-c1c0ed06b21a debug: PublicAccessAuthenticator:validate() Getting account properties...
2025-09-01T13:54:22.757Z 66d601ea-c330-495b-9357-c1c0ed06b21a debug: PublicAccessAuthenticator:validate() Retrieved account name from context: devstoreaccount1, container: quality-docs, blob: 
2025-09-01T13:54:22.757Z 66d601ea-c330-495b-9357-c1c0ed06b21a debug: PublicAccessAuthenticator:validate() Public access type for container quality-docs is "container"
2025-09-01T13:54:22.757Z 66d601ea-c330-495b-9357-c1c0ed06b21a debug: PublicAccessAuthenticator:validate() Operation Container_ListBlobFlatSegment is in container level public access list. Validation passed.
2025-09-01T13:54:22.757Z 66d601ea-c330-495b-9357-c1c0ed06b21a verbose: DeserializerMiddleware: Start deserializing...
2025-09-01T13:54:22.758Z 66d601ea-c330-495b-9357-c1c0ed06b21a info: HandlerMiddleware: DeserializedParameters={"options":{"prefix":"aaa/","include":[],"requestId":"25e50f37-3787-49e7-8dd3-486969353fe4"},"restype":"container","comp":"list","version":"2025-07-05"}
2025-09-01T13:54:22.759Z 66d601ea-c330-495b-9357-c1c0ed06b21a verbose: SerializerMiddleware: Start serializing...
2025-09-01T13:54:22.761Z 66d601ea-c330-495b-9357-c1c0ed06b21a debug: Serializer: Raw response body string is <?xml version="1.0" encoding="UTF-8" standalone="yes"?><EnumerationResults ServiceEndpoint="http://127.0.0.1:10000/devstoreaccount1" ContainerName="quality-docs"><Prefix>aaa/</Prefix><Marker/><MaxResults>5000</MaxResults><Blobs><Blob><Name>aaa/Jones-engineering-group-network-audit-.pdf</Name><Properties><Creation-Time>Mon, 01 Sep 2025 13:53:19 GMT</Creation-Time><Last-Modified>Mon, 01 Sep 2025 13:53:19 GMT</Last-Modified><Etag>0x1CB881251FF9040</Etag><Content-Length>3507024</Content-Length><Content-Type>application/pdf</Content-Type><Content-MD5>aPlkXtm3XQdc/QxVWc/dGA==</Content-MD5><BlobType>BlockBlob</BlobType><LeaseStatus>unlocked</LeaseStatus><LeaseState>available</LeaseState><ServerEncrypted>true</ServerEncrypted><AccessTier>Hot</AccessTier><AccessTierInferred>true</AccessTierInferred><AccessTierChangeTime>Mon, 01 Sep 2025 13:53:19 GMT</AccessTierChangeTime></Properties></Blob></Blobs><NextMarker/></EnumerationResults>
2025-09-01T13:54:22.761Z 66d601ea-c330-495b-9357-c1c0ed06b21a info: Serializer: Start returning stream body.
2025-09-01T13:54:22.761Z 66d601ea-c330-495b-9357-c1c0ed06b21a verbose: Send Blob telemetry: B_Container_ListBlobFlatSegment
2025-09-01T13:54:22.761Z 66d601ea-c330-495b-9357-c1c0ed06b21a info: EndMiddleware: End response. TotalTimeInMS=5 StatusCode=200 StatusMessage=OK Headers={"server":"Azurite-Blob/3.35.0","content-type":"application/xml","x-ms-client-request-id":"25e50f37-3787-49e7-8dd3-486969353fe4","x-ms-request-id":"66d601ea-c330-495b-9357-c1c0ed06b21a","x-ms-version":"2025-11-05","date":"Mon, 01 Sep 2025 13:54:22 GMT"}
2025-09-01T13:54:22.765Z f33e5b70-215a-48de-a87d-0a9fb20f8319 info: BlobStorageContextMiddleware: RequestMethod=DELETE RequestURL=http://127.0.0.1/devstoreaccount1/quality-docs/aaa/Jones-engineering-group-network-audit-.pdf RequestHeaders:{"x-ms-version":"2025-07-05","accept":"application/xml","user-agent":"azsdk-js-azure-storage-blob/12.28.0 core-rest-pipeline/1.22.0 Node/22.18.0 OS/(x64-Windows_NT-10.0.26100)","x-ms-client-request-id":"f64b40d0-3ee6-4782-9a18-29f0b6176c7d","x-ms-date":"Mon, 01 Sep 2025 13:54:22 GMT","authorization":"SharedKey devstoreaccount1:ARrvGS4HkdC5M90/bseYbR3e53boCyryT7b+/52/I7M=","host":"127.0.0.1:10000","connection":"keep-alive"} ClientIP=127.0.0.1 Protocol=http HTTPVersion=1.1
2025-09-01T13:54:22.765Z f33e5b70-215a-48de-a87d-0a9fb20f8319 info: BlobStorageContextMiddleware: Account=devstoreaccount1 Container=quality-docs Blob=aaa/Jones-engineering-group-network-audit-.pdf
2025-09-01T13:54:22.765Z f33e5b70-215a-48de-a87d-0a9fb20f8319 verbose: DispatchMiddleware: Dispatching request...
2025-09-01T13:54:22.765Z f33e5b70-215a-48de-a87d-0a9fb20f8319 info: DispatchMiddleware: Operation=Blob_Delete
2025-09-01T13:54:22.765Z f33e5b70-215a-48de-a87d-0a9fb20f8319 verbose: AuthenticationMiddlewareFactory:createAuthenticationMiddleware() Validating authentications.
2025-09-01T13:54:22.765Z f33e5b70-215a-48de-a87d-0a9fb20f8319 info: PublicAccessAuthenticator:validate() Start validation against public access.
2025-09-01T13:54:22.765Z f33e5b70-215a-48de-a87d-0a9fb20f8319 debug: PublicAccessAuthenticator:validate() Getting account properties...
2025-09-01T13:54:22.765Z f33e5b70-215a-48de-a87d-0a9fb20f8319 debug: PublicAccessAuthenticator:validate() Retrieved account name from context: devstoreaccount1, container: quality-docs, blob: aaa/Jones-engineering-group-network-audit-.pdf
2025-09-01T13:54:22.765Z f33e5b70-215a-48de-a87d-0a9fb20f8319 debug: PublicAccessAuthenticator:validate() Public access type for container quality-docs is "container"
2025-09-01T13:54:22.765Z f33e5b70-215a-48de-a87d-0a9fb20f8319 debug: PublicAccessAuthenticator:validate() Operation Blob_Delete is not in container neither blob level public access list. Validation failed.
2025-09-01T13:54:22.765Z f33e5b70-215a-48de-a87d-0a9fb20f8319 info: BlobSharedKeyAuthenticator:validate() Start validation against account shared key authentication.
2025-09-01T13:54:22.765Z f33e5b70-215a-48de-a87d-0a9fb20f8319 info: BlobSharedKeyAuthenticator:validate() [STRING TO SIGN]:"DELETE\n\n\n\n\n\n\n\n\n\n\n\nx-ms-client-request-id:f64b40d0-3ee6-4782-9a18-29f0b6176c7d\nx-ms-date:Mon, 01 Sep 2025 13:54:22 GMT\nx-ms-version:2025-07-05\n/devstoreaccount1/devstoreaccount1/quality-docs/aaa/Jones-engineering-group-network-audit-.pdf"
2025-09-01T13:54:22.765Z f33e5b70-215a-48de-a87d-0a9fb20f8319 info: BlobSharedKeyAuthenticator:validate() Calculated authentication header based on key1: SharedKey devstoreaccount1:ARrvGS4HkdC5M90/bseYbR3e53boCyryT7b+/52/I7M=
2025-09-01T13:54:22.765Z f33e5b70-215a-48de-a87d-0a9fb20f8319 info: BlobSharedKeyAuthenticator:validate() Signature 1 matched.
2025-09-01T13:54:22.765Z f33e5b70-215a-48de-a87d-0a9fb20f8319 verbose: DeserializerMiddleware: Start deserializing...
2025-09-01T13:54:22.765Z f33e5b70-215a-48de-a87d-0a9fb20f8319 info: HandlerMiddleware: DeserializedParameters={"options":{"requestId":"f64b40d0-3ee6-4782-9a18-29f0b6176c7d","leaseAccessConditions":{},"modifiedAccessConditions":{}},"version":"2025-07-05"}
2025-09-01T13:54:22.765Z f33e5b70-215a-48de-a87d-0a9fb20f8319 verbose: SerializerMiddleware: Start serializing...
2025-09-01T13:54:22.765Z f33e5b70-215a-48de-a87d-0a9fb20f8319 verbose: Send Blob telemetry: B_Blob_Delete
2025-09-01T13:54:22.765Z f33e5b70-215a-48de-a87d-0a9fb20f8319 info: EndMiddleware: End response. TotalTimeInMS=0 StatusCode=202 StatusMessage=undefined Headers={"server":"Azurite-Blob/3.35.0","x-ms-client-request-id":"f64b40d0-3ee6-4782-9a18-29f0b6176c7d","x-ms-request-id":"f33e5b70-215a-48de-a87d-0a9fb20f8319","x-ms-version":"2025-11-05","date":"Mon, 01 Sep 2025 13:54:22 GMT","x-ms-delete-type-permanent":"true"}
2025-09-01T13:54:40.930Z 015ee9bf-6f05-42f4-a5a3-b386319844ea info: BlobStorageContextMiddleware: RequestMethod=PUT RequestURL=http://127.0.0.1/devstoreaccount1/quality-docs/testing/Continuous-Assessment---1---Cryptography.pdf RequestHeaders:{"content-type":"application/octet-stream","x-ms-version":"2025-07-05","content-length":"186593","x-ms-blob-content-type":"application/pdf","accept":"application/xml","x-ms-blob-type":"BlockBlob","user-agent":"azsdk-js-azure-storage-blob/12.28.0 core-rest-pipeline/1.22.0 Node/22.18.0 OS/(x64-Windows_NT-10.0.26100)","x-ms-client-request-id":"b05bfd14-a527-42c6-9cea-6c48067ecb68","x-ms-date":"Mon, 01 Sep 2025 13:54:40 GMT","authorization":"SharedKey devstoreaccount1:vzv7XiYTAaJDTYndSEAydlcVt/pIBatsXRDENsrsqFs=","host":"127.0.0.1:10000","connection":"keep-alive"} ClientIP=127.0.0.1 Protocol=http HTTPVersion=1.1
2025-09-01T13:54:40.931Z 015ee9bf-6f05-42f4-a5a3-b386319844ea info: BlobStorageContextMiddleware: Account=devstoreaccount1 Container=quality-docs Blob=testing/Continuous-Assessment---1---Cryptography.pdf
2025-09-01T13:54:40.931Z 015ee9bf-6f05-42f4-a5a3-b386319844ea verbose: DispatchMiddleware: Dispatching request...
2025-09-01T13:54:40.931Z 015ee9bf-6f05-42f4-a5a3-b386319844ea info: DispatchMiddleware: Operation=BlockBlob_Upload
2025-09-01T13:54:40.931Z 015ee9bf-6f05-42f4-a5a3-b386319844ea verbose: AuthenticationMiddlewareFactory:createAuthenticationMiddleware() Validating authentications.
2025-09-01T13:54:40.931Z 015ee9bf-6f05-42f4-a5a3-b386319844ea info: PublicAccessAuthenticator:validate() Start validation against public access.
2025-09-01T13:54:40.931Z 015ee9bf-6f05-42f4-a5a3-b386319844ea debug: PublicAccessAuthenticator:validate() Getting account properties...
2025-09-01T13:54:40.931Z 015ee9bf-6f05-42f4-a5a3-b386319844ea debug: PublicAccessAuthenticator:validate() Retrieved account name from context: devstoreaccount1, container: quality-docs, blob: testing/Continuous-Assessment---1---Cryptography.pdf
2025-09-01T13:54:40.931Z 015ee9bf-6f05-42f4-a5a3-b386319844ea debug: PublicAccessAuthenticator:validate() Public access type for container quality-docs is "container"
2025-09-01T13:54:40.931Z 015ee9bf-6f05-42f4-a5a3-b386319844ea debug: PublicAccessAuthenticator:validate() Operation BlockBlob_Upload is not in container neither blob level public access list. Validation failed.
2025-09-01T13:54:40.931Z 015ee9bf-6f05-42f4-a5a3-b386319844ea info: BlobSharedKeyAuthenticator:validate() Start validation against account shared key authentication.
2025-09-01T13:54:40.931Z 015ee9bf-6f05-42f4-a5a3-b386319844ea info: BlobSharedKeyAuthenticator:validate() [STRING TO SIGN]:"PUT\n\n\n186593\n\napplication/octet-stream\n\n\n\n\n\n\nx-ms-blob-content-type:application/pdf\nx-ms-blob-type:BlockBlob\nx-ms-client-request-id:b05bfd14-a527-42c6-9cea-6c48067ecb68\nx-ms-date:Mon, 01 Sep 2025 13:54:40 GMT\nx-ms-version:2025-07-05\n/devstoreaccount1/devstoreaccount1/quality-docs/testing/Continuous-Assessment---1---Cryptography.pdf"
2025-09-01T13:54:40.931Z 015ee9bf-6f05-42f4-a5a3-b386319844ea info: BlobSharedKeyAuthenticator:validate() Calculated authentication header based on key1: SharedKey devstoreaccount1:vzv7XiYTAaJDTYndSEAydlcVt/pIBatsXRDENsrsqFs=
2025-09-01T13:54:40.931Z 015ee9bf-6f05-42f4-a5a3-b386319844ea info: BlobSharedKeyAuthenticator:validate() Signature 1 matched.
2025-09-01T13:54:40.931Z 015ee9bf-6f05-42f4-a5a3-b386319844ea verbose: DeserializerMiddleware: Start deserializing...
2025-09-01T13:54:40.931Z 015ee9bf-6f05-42f4-a5a3-b386319844ea info: HandlerMiddleware: DeserializedParameters={"options":{"metadata":{},"requestId":"b05bfd14-a527-42c6-9cea-6c48067ecb68","blobHTTPHeaders":{"blobContentType":"application/pdf"},"leaseAccessConditions":{},"cpkInfo":{},"cpkScopeInfo":{},"modifiedAccessConditions":{}},"contentLength":186593,"version":"2025-07-05","blobType":"BlockBlob","body":"ReadableStream"}
2025-09-01T13:54:40.931Z 015ee9bf-6f05-42f4-a5a3-b386319844ea debug: OperationQueue.operate() Schedule incoming job 60fcd36d-8744-400b-a513-3ba94b41852d
2025-09-01T13:54:40.931Z 015ee9bf-6f05-42f4-a5a3-b386319844ea debug: OperationQueue:execute() Current runningConcurrency:0 maxConcurrency:50 operations.length:1
2025-09-01T13:54:40.931Z 015ee9bf-6f05-42f4-a5a3-b386319844ea info: FSExtentStore:appendExtent() Select extent from idle location for extent append operation. LocationId:1 extentId:4e550bc3-1e62-43e4-9d3d-6ba2361db643 offset:21674132 MAX_EXTENT_SIZE:67108864 
2025-09-01T13:54:40.931Z 015ee9bf-6f05-42f4-a5a3-b386319844ea debug: FSExtentStore:appendExtent() Get fd:4 for extent:4e550bc3-1e62-43e4-9d3d-6ba2361db643 from cache.
2025-09-01T13:54:40.931Z 015ee9bf-6f05-42f4-a5a3-b386319844ea debug: FSExtentStore:appendExtent() Created write stream for fd:4
2025-09-01T13:54:40.931Z 015ee9bf-6f05-42f4-a5a3-b386319844ea debug: FSExtentStore:appendExtent() Start writing to extent 4e550bc3-1e62-43e4-9d3d-6ba2361db643
2025-09-01T13:54:40.931Z 015ee9bf-6f05-42f4-a5a3-b386319844ea debug: FSExtentStore:streamPipe() Start piping data to write stream
2025-09-01T13:54:40.949Z 015ee9bf-6f05-42f4-a5a3-b386319844ea debug: FSExtentStore:streamPipe() Readable stream triggers close event, 186593 bytes piped
2025-09-01T13:54:40.949Z 015ee9bf-6f05-42f4-a5a3-b386319844ea debug: FSExtentStore:streamPipe() Invoke write stream end()
2025-09-01T13:54:40.949Z 015ee9bf-6f05-42f4-a5a3-b386319844ea debug: FSExtentStore:streamPipe() Readable stream triggers close event, 186593 bytes piped
2025-09-01T13:54:40.950Z 015ee9bf-6f05-42f4-a5a3-b386319844ea debug: FSExtentStore:streamPipe() Writable stream triggers finish event, after 186593 bytes piped. Flush data to fd:4.
2025-09-01T13:54:40.950Z 015ee9bf-6f05-42f4-a5a3-b386319844ea debug: FSExtentStore:streamPipe() Flush data to fd:4 successfully. Resolve streamPipe().
2025-09-01T13:54:40.951Z 015ee9bf-6f05-42f4-a5a3-b386319844ea debug: FSExtentStore:appendExtent() Write finish, start updating extent metadata. extent:{"id":"4e550bc3-1e62-43e4-9d3d-6ba2361db643","locationId":"Default","path":"4e550bc3-1e62-43e4-9d3d-6ba2361db643","size":21860725,"lastModifiedInMS":1756734880951}
2025-09-01T13:54:40.951Z 015ee9bf-6f05-42f4-a5a3-b386319844ea debug: FSExtentStore:appendExtent() Update extent metadata done. Resolve()
2025-09-01T13:54:40.951Z 015ee9bf-6f05-42f4-a5a3-b386319844ea debug: OperationQueue.operate() Job 60fcd36d-8744-400b-a513-3ba94b41852d completes callback, resolve.
2025-09-01T13:54:40.951Z 015ee9bf-6f05-42f4-a5a3-b386319844ea debug: OperationQueue.operate() Schedule incoming job 36c4c526-2d93-42fe-b8cb-a24239606d75
2025-09-01T13:54:40.951Z 015ee9bf-6f05-42f4-a5a3-b386319844ea debug: OperationQueue:execute() Current runningConcurrency:0 maxConcurrency:100 operations.length:1
2025-09-01T13:54:40.951Z 015ee9bf-6f05-42f4-a5a3-b386319844ea verbose: FSExtentStore:readExtent() Creating read stream. LocationId:Default extentId:4e550bc3-1e62-43e4-9d3d-6ba2361db643 path:azurite\__blobstorage__\4e550bc3-1e62-43e4-9d3d-6ba2361db643 offset:21674132 count:186593 end:21860724
2025-09-01T13:54:40.951Z 015ee9bf-6f05-42f4-a5a3-b386319844ea debug: OperationQueue.operate() Job 36c4c526-2d93-42fe-b8cb-a24239606d75 completes callback, resolve.
2025-09-01T13:54:40.951Z 015ee9bf-6f05-42f4-a5a3-b386319844ea debug: OperationQueue:execute() Current runningConcurrency:0 maxConcurrency:50 operations.length:0
2025-09-01T13:54:40.951Z 015ee9bf-6f05-42f4-a5a3-b386319844ea debug: OperationQueue:execute() return. Operation.length === 0
2025-09-01T13:54:40.951Z 015ee9bf-6f05-42f4-a5a3-b386319844ea debug: OperationQueue:execute() Current runningConcurrency:0 maxConcurrency:100 operations.length:0
2025-09-01T13:54:40.951Z 015ee9bf-6f05-42f4-a5a3-b386319844ea debug: OperationQueue:execute() return. Operation.length === 0
2025-09-01T13:54:40.971Z 015ee9bf-6f05-42f4-a5a3-b386319844ea verbose: SerializerMiddleware: Start serializing...
2025-09-01T13:54:40.971Z 015ee9bf-6f05-42f4-a5a3-b386319844ea verbose: Send Blob telemetry: B_BlockBlob_Upload
2025-09-01T13:54:40.972Z 015ee9bf-6f05-42f4-a5a3-b386319844ea info: EndMiddleware: End response. TotalTimeInMS=42 StatusCode=201 StatusMessage=undefined Headers={"server":"Azurite-Blob/3.35.0","etag":"\"0x1D03661FED3D280\"","last-modified":"Mon, 01 Sep 2025 13:54:40 GMT","content-md5":"urf7Oh04An5gpqYtson3dA==","x-ms-client-request-id":"b05bfd14-a527-42c6-9cea-6c48067ecb68","x-ms-request-id":"015ee9bf-6f05-42f4-a5a3-b386319844ea","x-ms-version":"2025-11-05","date":"Mon, 01 Sep 2025 13:54:40 GMT","x-ms-request-server-encrypted":"true"}
2025-09-01T13:54:40.972Z 015ee9bf-6f05-42f4-a5a3-b386319844ea verbose: FSExtentStore:readExtent() Read stream closed. LocationId:Default extentId:4e550bc3-1e62-43e4-9d3d-6ba2361db643 path:azurite\__blobstorage__\4e550bc3-1e62-43e4-9d3d-6ba2361db643 offset:21674132 count:186593 end:21860724
2025-09-01T13:54:54.614Z 379758fd-f269-4b58-ac78-330687fc8845 info: BlobStorageContextMiddleware: RequestMethod=GET RequestURL=http://127.0.0.1/devstoreaccount1/quality-docs/testing/Continuous-Assessment---1---Cryptography.pdf RequestHeaders:{"host":"127.0.0.1:10000","connection":"keep-alive","upgrade-insecure-requests":"1","user-agent":"Mozilla/5.0 (Windows NT 10.0; Win64; x64) AppleWebKit/537.36 (KHTML, like Gecko) Chrome/139.0.0.0 Safari/537.36","accept":"text/html,application/xhtml+xml,application/xml;q=0.9,image/avif,image/webp,image/apng,*/*;q=0.8,application/signed-exchange;v=b3;q=0.7","sec-fetch-site":"none","sec-fetch-mode":"navigate","sec-fetch-user":"?1","sec-fetch-dest":"document","sec-ch-ua":"\"Not;A=Brand\";v=\"99\", \"Google Chrome\";v=\"139\", \"Chromium\";v=\"139\"","sec-ch-ua-mobile":"?0","sec-ch-ua-platform":"\"Windows\"","accept-encoding":"gzip, deflate, br, zstd","accept-language":"en-US,en;q=0.9"} ClientIP=127.0.0.1 Protocol=http HTTPVersion=1.1
2025-09-01T13:54:54.614Z 379758fd-f269-4b58-ac78-330687fc8845 info: BlobStorageContextMiddleware: Account=devstoreaccount1 Container=quality-docs Blob=testing/Continuous-Assessment---1---Cryptography.pdf
2025-09-01T13:54:54.614Z 379758fd-f269-4b58-ac78-330687fc8845 verbose: DispatchMiddleware: Dispatching request...
2025-09-01T13:54:54.614Z 379758fd-f269-4b58-ac78-330687fc8845 info: DispatchMiddleware: Operation=Blob_Download
2025-09-01T13:54:54.614Z 379758fd-f269-4b58-ac78-330687fc8845 verbose: AuthenticationMiddlewareFactory:createAuthenticationMiddleware() Validating authentications.
2025-09-01T13:54:54.614Z 379758fd-f269-4b58-ac78-330687fc8845 info: PublicAccessAuthenticator:validate() Start validation against public access.
2025-09-01T13:54:54.614Z 379758fd-f269-4b58-ac78-330687fc8845 debug: PublicAccessAuthenticator:validate() Getting account properties...
2025-09-01T13:54:54.614Z 379758fd-f269-4b58-ac78-330687fc8845 debug: PublicAccessAuthenticator:validate() Retrieved account name from context: devstoreaccount1, container: quality-docs, blob: testing/Continuous-Assessment---1---Cryptography.pdf
2025-09-01T13:54:54.614Z 379758fd-f269-4b58-ac78-330687fc8845 debug: PublicAccessAuthenticator:validate() Public access type for container quality-docs is "container"
2025-09-01T13:54:54.614Z 379758fd-f269-4b58-ac78-330687fc8845 debug: PublicAccessAuthenticator:validate() Operation Blob_Download is in container level public access list. Validation passed.
2025-09-01T13:54:54.614Z 379758fd-f269-4b58-ac78-330687fc8845 verbose: DeserializerMiddleware: Start deserializing...
2025-09-01T13:54:54.614Z 379758fd-f269-4b58-ac78-330687fc8845 info: HandlerMiddleware: DeserializedParameters={"options":{"leaseAccessConditions":{},"cpkInfo":{},"modifiedAccessConditions":{}}}
2025-09-01T13:54:54.615Z 379758fd-f269-4b58-ac78-330687fc8845 info: BlobHandler:downloadBlockBlobOrAppendBlob() NormalizedDownloadRange=bytes=0-186592 RequiredContentLength=186593
2025-09-01T13:54:54.615Z 379758fd-f269-4b58-ac78-330687fc8845 debug: OperationQueue.operate() Schedule incoming job a210497f-67a7-407b-87fd-b57126403461
2025-09-01T13:54:54.615Z 379758fd-f269-4b58-ac78-330687fc8845 debug: OperationQueue:execute() Current runningConcurrency:0 maxConcurrency:100 operations.length:1
2025-09-01T13:54:54.615Z 379758fd-f269-4b58-ac78-330687fc8845 verbose: FSExtentStore:readExtent() Creating read stream. LocationId:Default extentId:4e550bc3-1e62-43e4-9d3d-6ba2361db643 path:azurite\__blobstorage__\4e550bc3-1e62-43e4-9d3d-6ba2361db643 offset:21674132 count:186593 end:21860724
2025-09-01T13:54:54.615Z 379758fd-f269-4b58-ac78-330687fc8845 debug: OperationQueue.operate() Job a210497f-67a7-407b-87fd-b57126403461 completes callback, resolve.
2025-09-01T13:54:54.615Z 379758fd-f269-4b58-ac78-330687fc8845 verbose: SerializerMiddleware: Start serializing...
2025-09-01T13:54:54.615Z 379758fd-f269-4b58-ac78-330687fc8845 info: Serializer: Start returning stream body.
2025-09-01T13:54:54.615Z 379758fd-f269-4b58-ac78-330687fc8845 debug: OperationQueue:execute() Current runningConcurrency:0 maxConcurrency:100 operations.length:0
2025-09-01T13:54:54.615Z 379758fd-f269-4b58-ac78-330687fc8845 debug: OperationQueue:execute() return. Operation.length === 0
2025-09-01T13:54:54.617Z 379758fd-f269-4b58-ac78-330687fc8845 verbose: Send Blob telemetry: B_Blob_Download
2025-09-01T13:54:54.617Z 379758fd-f269-4b58-ac78-330687fc8845 info: EndMiddleware: End response. TotalTimeInMS=3 StatusCode=200 StatusMessage=OK Headers={"server":"Azurite-Blob/3.35.0","last-modified":"Mon, 01 Sep 2025 13:54:40 GMT","x-ms-creation-time":"Mon, 01 Sep 2025 13:54:40 GMT","content-length":"186593","content-type":"application/pdf","etag":"\"0x1D03661FED3D280\"","content-md5":"urf7Oh04An5gpqYtson3dA==","x-ms-blob-type":"BlockBlob","x-ms-lease-state":"available","x-ms-lease-status":"unlocked","x-ms-request-id":"379758fd-f269-4b58-ac78-330687fc8845","x-ms-version":"2025-11-05","accept-ranges":"bytes","date":"Mon, 01 Sep 2025 13:54:54 GMT","x-ms-server-encrypted":"true","x-ms-blob-content-md5":"urf7Oh04An5gpqYtson3dA=="}
2025-09-01T13:54:54.617Z 379758fd-f269-4b58-ac78-330687fc8845 verbose: FSExtentStore:readExtent() Read stream closed. LocationId:Default extentId:4e550bc3-1e62-43e4-9d3d-6ba2361db643 path:azurite\__blobstorage__\4e550bc3-1e62-43e4-9d3d-6ba2361db643 offset:21674132 count:186593 end:21860724
2025-09-01T13:54:54.754Z 62aeb08c-fc97-495f-b481-0585bb7bf39b info: BlobStorageContextMiddleware: RequestMethod=GET RequestURL=http://127.0.0.1/favicon.ico RequestHeaders:{"host":"127.0.0.1:10000","connection":"keep-alive","sec-ch-ua-platform":"\"Windows\"","user-agent":"Mozilla/5.0 (Windows NT 10.0; Win64; x64) AppleWebKit/537.36 (KHTML, like Gecko) Chrome/139.0.0.0 Safari/537.36","sec-ch-ua":"\"Not;A=Brand\";v=\"99\", \"Google Chrome\";v=\"139\", \"Chromium\";v=\"139\"","sec-ch-ua-mobile":"?0","accept":"image/avif,image/webp,image/apng,image/svg+xml,image/*,*/*;q=0.8","sec-fetch-site":"same-origin","sec-fetch-mode":"no-cors","sec-fetch-dest":"image","referer":"http://127.0.0.1:10000/devstoreaccount1/quality-docs/testing/Continuous-Assessment---1---Cryptography.pdf","accept-encoding":"gzip, deflate, br, zstd","accept-language":"en-US,en;q=0.9"} ClientIP=127.0.0.1 Protocol=http HTTPVersion=1.1
2025-09-01T13:54:54.754Z 62aeb08c-fc97-495f-b481-0585bb7bf39b info: BlobStorageContextMiddleware: Account=favicon.ico Container=undefined Blob=
2025-09-01T13:54:54.754Z 62aeb08c-fc97-495f-b481-0585bb7bf39b verbose: DispatchMiddleware: Dispatching request...
2025-09-01T13:54:54.754Z 62aeb08c-fc97-495f-b481-0585bb7bf39b error: DispatchMiddleware: Incoming URL doesn't match any of swagger defined request patterns.
2025-09-01T13:54:54.754Z 62aeb08c-fc97-495f-b481-0585bb7bf39b error: ErrorMiddleware: Received a MiddlewareError, fill error information to HTTP response
2025-09-01T13:54:54.755Z 62aeb08c-fc97-495f-b481-0585bb7bf39b error: ErrorMiddleware: ErrorName=UnsupportedRequestError ErrorMessage=Incoming URL doesn't match any of swagger defined request patterns.  ErrorHTTPStatusCode=400 ErrorHTTPStatusMessage=undefined ErrorHTTPHeaders=undefined ErrorHTTPBody=undefined ErrorStack="UnsupportedRequestError: Incoming URL doesn't match any of swagger defined request patterns.\n    at dispatchMiddleware (C:\\QR Portal\\node_modules\\azurite\\dist\\src\\blob\\generated\\middleware\\dispatch.middleware.js:41:30)\n    at C:\\QR Portal\\node_modules\\azurite\\dist\\src\\blob\\generated\\ExpressMiddlewareFactory.js:50:47\n    at Layer.handle [as handle_request] (C:\\QR Portal\\node_modules\\azurite\\node_modules\\express\\lib\\router\\layer.js:95:5)\n    at trim_prefix (C:\\QR Portal\\node_modules\\azurite\\node_modules\\express\\lib\\router\\index.js:328:13)\n    at C:\\QR Portal\\node_modules\\azurite\\node_modules\\express\\lib\\router\\index.js:286:9\n    at Function.process_params (C:\\QR Portal\\node_modules\\azurite\\node_modules\\express\\lib\\router\\index.js:346:12)\n    at next (C:\\QR Portal\\node_modules\\azurite\\node_modules\\express\\lib\\router\\index.js:280:10)\n    at blobStorageContextMiddleware (C:\\QR Portal\\node_modules\\azurite\\dist\\src\\blob\\middlewares\\blobStorageContext.middleware.js:137:5)\n    at C:\\QR Portal\\node_modules\\azurite\\dist\\src\\blob\\middlewares\\blobStorageContext.middleware.js:15:16\n    at Layer.handle [as handle_request] (C:\\QR Portal\\node_modules\\azurite\\node_modules\\express\\lib\\router\\layer.js:95:5)"
2025-09-01T13:54:54.755Z 62aeb08c-fc97-495f-b481-0585bb7bf39b error: ErrorMiddleware: Set HTTP code: 400
2025-09-01T13:54:54.755Z 62aeb08c-fc97-495f-b481-0585bb7bf39b error: ErrorMiddleware: Set HTTP body: undefined
2025-09-01T13:54:54.755Z 62aeb08c-fc97-495f-b481-0585bb7bf39b verbose: Send Blob telemetry: B_Service_SetProperties
2025-09-01T13:54:54.755Z 62aeb08c-fc97-495f-b481-0585bb7bf39b info: EndMiddleware: End response. TotalTimeInMS=1 StatusCode=400 StatusMessage=undefined Headers={"server":"Azurite-Blob/3.35.0"}
2025-09-01T13:55:16.051Z 	 info: AccountDataStore:init() Refresh accounts from environment variable AZURITE_ACCOUNTS with value undefined
2025-09-01T13:55:16.051Z 	 info: AccountDataStore:init() Fallback to default emulator account devstoreaccount1.
2025-09-01T13:55:16.051Z 	 info: AccountDataStore:init() Refresh accounts from environment variable AZURITE_ACCOUNTS with value undefined
2025-09-01T13:55:16.051Z 	 info: AccountDataStore:init() Fallback to default emulator account devstoreaccount1.
2025-09-01T13:55:16.051Z 	 info: QueueGCManager:markSweepLoop() Start new mark and sweep.
2025-09-01T13:55:16.051Z 	 info: QueueGCManger:markSweep() Get all extents.
2025-09-01T13:55:16.051Z 	 info: QueueGCManager:marksweep() Get 0 extents.
2025-09-01T13:55:16.051Z 	 info: QueueGCManager:markSweep() Get referred extents, then remove from allExtents.
2025-09-01T13:55:16.051Z 	 info: QueueGCManager:markSweep() Got referred extents, unreferenced extents count is 0.
2025-09-01T13:55:16.051Z 	 info: QueueGCManager:markSweepLoop() Mark and sweep finished, take 0ms.
2025-09-01T13:55:16.051Z 	 info: QueueGCManager:markSweepLoop() Sleep for 60000
2025-09-01T13:55:16.051Z 	 info: AccountDataStore:init() Refresh accounts from environment variable AZURITE_ACCOUNTS with value undefined
2025-09-01T13:55:16.051Z 	 info: AccountDataStore:init() Fallback to default emulator account devstoreaccount1.
2025-09-01T13:56:14.609Z 	 info: BlobGCManager:markSweepLoop() Start next mark and sweep.
2025-09-01T13:56:14.609Z 	 info: BlobGCManager:markSweep() Get all extents.
2025-09-01T13:56:14.609Z 	 info: BlobGCManager:markSweep() Got 0 extents.
2025-09-01T13:56:14.609Z 	 info: BlobGCManager:markSweep() Get referred extents.
2025-09-01T13:56:14.609Z 	 info: BlobGCManager:markSweep() Got referred extents, unreferenced extents count is 0.
2025-09-01T13:56:14.609Z 	 info: BlobGCManager:markSweepLoop() Mark and sweep finished, taken 0ms.
2025-09-01T13:56:14.609Z 	 info: BlobGCManager:markSweepLoop() Sleep for 600000ms.
2025-09-01T13:56:16.053Z 	 info: AccountDataStore:init() Refresh accounts from environment variable AZURITE_ACCOUNTS with value undefined
2025-09-01T13:56:16.053Z 	 info: AccountDataStore:init() Fallback to default emulator account devstoreaccount1.
2025-09-01T13:56:16.053Z 	 info: AccountDataStore:init() Refresh accounts from environment variable AZURITE_ACCOUNTS with value undefined
2025-09-01T13:56:16.053Z 	 info: AccountDataStore:init() Fallback to default emulator account devstoreaccount1.
2025-09-01T13:56:16.053Z 	 info: QueueGCManager:markSweepLoop() Start new mark and sweep.
2025-09-01T13:56:16.053Z 	 info: QueueGCManger:markSweep() Get all extents.
2025-09-01T13:56:16.053Z 	 info: QueueGCManager:marksweep() Get 0 extents.
2025-09-01T13:56:16.053Z 	 info: QueueGCManager:markSweep() Get referred extents, then remove from allExtents.
2025-09-01T13:56:16.053Z 	 info: QueueGCManager:markSweep() Got referred extents, unreferenced extents count is 0.
2025-09-01T13:56:16.053Z 	 info: QueueGCManager:markSweepLoop() Mark and sweep finished, take 0ms.
2025-09-01T13:56:16.053Z 	 info: QueueGCManager:markSweepLoop() Sleep for 60000
2025-09-01T13:56:16.053Z 	 info: AccountDataStore:init() Refresh accounts from environment variable AZURITE_ACCOUNTS with value undefined
2025-09-01T13:56:16.053Z 	 info: AccountDataStore:init() Fallback to default emulator account devstoreaccount1.
2025-09-01T13:57:16.061Z 	 info: AccountDataStore:init() Refresh accounts from environment variable AZURITE_ACCOUNTS with value undefined
2025-09-01T13:57:16.062Z 	 info: AccountDataStore:init() Fallback to default emulator account devstoreaccount1.
2025-09-01T13:57:16.062Z 	 info: AccountDataStore:init() Refresh accounts from environment variable AZURITE_ACCOUNTS with value undefined
2025-09-01T13:57:16.062Z 	 info: AccountDataStore:init() Fallback to default emulator account devstoreaccount1.
2025-09-01T13:57:16.062Z 	 info: QueueGCManager:markSweepLoop() Start new mark and sweep.
2025-09-01T13:57:16.062Z 	 info: QueueGCManger:markSweep() Get all extents.
2025-09-01T13:57:16.062Z 	 info: QueueGCManager:marksweep() Get 0 extents.
2025-09-01T13:57:16.062Z 	 info: QueueGCManager:markSweep() Get referred extents, then remove from allExtents.
2025-09-01T13:57:16.062Z 	 info: QueueGCManager:markSweep() Got referred extents, unreferenced extents count is 0.
2025-09-01T13:57:16.062Z 	 info: QueueGCManager:markSweepLoop() Mark and sweep finished, take 0ms.
2025-09-01T13:57:16.062Z 	 info: QueueGCManager:markSweepLoop() Sleep for 60000
2025-09-01T13:57:16.062Z 	 info: AccountDataStore:init() Refresh accounts from environment variable AZURITE_ACCOUNTS with value undefined
2025-09-01T13:57:16.062Z 	 info: AccountDataStore:init() Fallback to default emulator account devstoreaccount1.
2025-09-01T13:58:16.074Z 	 info: AccountDataStore:init() Refresh accounts from environment variable AZURITE_ACCOUNTS with value undefined
2025-09-01T13:58:16.075Z 	 info: AccountDataStore:init() Fallback to default emulator account devstoreaccount1.
2025-09-01T13:58:16.077Z 	 info: AccountDataStore:init() Refresh accounts from environment variable AZURITE_ACCOUNTS with value undefined
2025-09-01T13:58:16.077Z 	 info: AccountDataStore:init() Fallback to default emulator account devstoreaccount1.
2025-09-01T13:58:16.077Z 	 info: QueueGCManager:markSweepLoop() Start new mark and sweep.
2025-09-01T13:58:16.077Z 	 info: QueueGCManger:markSweep() Get all extents.
2025-09-01T13:58:16.077Z 	 info: QueueGCManager:marksweep() Get 0 extents.
2025-09-01T13:58:16.077Z 	 info: QueueGCManager:markSweep() Get referred extents, then remove from allExtents.
2025-09-01T13:58:16.077Z 	 info: QueueGCManager:markSweep() Got referred extents, unreferenced extents count is 0.
2025-09-01T13:58:16.077Z 	 info: QueueGCManager:markSweepLoop() Mark and sweep finished, take 0ms.
2025-09-01T13:58:16.077Z 	 info: QueueGCManager:markSweepLoop() Sleep for 60000
2025-09-01T13:58:16.077Z 	 info: AccountDataStore:init() Refresh accounts from environment variable AZURITE_ACCOUNTS with value undefined
2025-09-01T13:58:16.077Z 	 info: AccountDataStore:init() Fallback to default emulator account devstoreaccount1.
2025-09-01T13:59:16.079Z 	 info: AccountDataStore:init() Refresh accounts from environment variable AZURITE_ACCOUNTS with value undefined
2025-09-01T13:59:16.079Z 	 info: AccountDataStore:init() Fallback to default emulator account devstoreaccount1.
2025-09-01T13:59:16.079Z 	 info: AccountDataStore:init() Refresh accounts from environment variable AZURITE_ACCOUNTS with value undefined
2025-09-01T13:59:16.079Z 	 info: AccountDataStore:init() Fallback to default emulator account devstoreaccount1.
2025-09-01T13:59:16.079Z 	 info: QueueGCManager:markSweepLoop() Start new mark and sweep.
2025-09-01T13:59:16.079Z 	 info: QueueGCManger:markSweep() Get all extents.
2025-09-01T13:59:16.079Z 	 info: QueueGCManager:marksweep() Get 0 extents.
2025-09-01T13:59:16.079Z 	 info: QueueGCManager:markSweep() Get referred extents, then remove from allExtents.
2025-09-01T13:59:16.079Z 	 info: QueueGCManager:markSweep() Got referred extents, unreferenced extents count is 0.
2025-09-01T13:59:16.079Z 	 info: QueueGCManager:markSweepLoop() Mark and sweep finished, take 0ms.
2025-09-01T13:59:16.079Z 	 info: QueueGCManager:markSweepLoop() Sleep for 60000
2025-09-01T13:59:16.079Z 	 info: AccountDataStore:init() Refresh accounts from environment variable AZURITE_ACCOUNTS with value undefined
2025-09-01T13:59:16.079Z 	 info: AccountDataStore:init() Fallback to default emulator account devstoreaccount1.
2025-09-01T14:00:16.089Z 	 info: AccountDataStore:init() Refresh accounts from environment variable AZURITE_ACCOUNTS with value undefined
2025-09-01T14:00:16.089Z 	 info: AccountDataStore:init() Fallback to default emulator account devstoreaccount1.
2025-09-01T14:00:16.089Z 	 info: AccountDataStore:init() Refresh accounts from environment variable AZURITE_ACCOUNTS with value undefined
2025-09-01T14:00:16.089Z 	 info: AccountDataStore:init() Fallback to default emulator account devstoreaccount1.
2025-09-01T14:00:16.089Z 	 info: QueueGCManager:markSweepLoop() Start new mark and sweep.
2025-09-01T14:00:16.089Z 	 info: QueueGCManger:markSweep() Get all extents.
2025-09-01T14:00:16.089Z 	 info: QueueGCManager:marksweep() Get 0 extents.
2025-09-01T14:00:16.089Z 	 info: QueueGCManager:markSweep() Get referred extents, then remove from allExtents.
2025-09-01T14:00:16.089Z 	 info: QueueGCManager:markSweep() Got referred extents, unreferenced extents count is 0.
2025-09-01T14:00:16.089Z 	 info: QueueGCManager:markSweepLoop() Mark and sweep finished, take 0ms.
2025-09-01T14:00:16.089Z 	 info: QueueGCManager:markSweepLoop() Sleep for 60000
2025-09-01T14:00:16.089Z 	 info: AccountDataStore:init() Refresh accounts from environment variable AZURITE_ACCOUNTS with value undefined
2025-09-01T14:00:16.089Z 	 info: AccountDataStore:init() Fallback to default emulator account devstoreaccount1.
2025-09-01T14:01:16.104Z 	 info: AccountDataStore:init() Refresh accounts from environment variable AZURITE_ACCOUNTS with value undefined
2025-09-01T14:01:16.104Z 	 info: AccountDataStore:init() Fallback to default emulator account devstoreaccount1.
2025-09-01T14:01:16.104Z 	 info: AccountDataStore:init() Refresh accounts from environment variable AZURITE_ACCOUNTS with value undefined
2025-09-01T14:01:16.104Z 	 info: AccountDataStore:init() Fallback to default emulator account devstoreaccount1.
2025-09-01T14:01:16.105Z 	 info: QueueGCManager:markSweepLoop() Start new mark and sweep.
2025-09-01T14:01:16.105Z 	 info: QueueGCManger:markSweep() Get all extents.
2025-09-01T14:01:16.105Z 	 info: QueueGCManager:marksweep() Get 0 extents.
2025-09-01T14:01:16.105Z 	 info: QueueGCManager:markSweep() Get referred extents, then remove from allExtents.
2025-09-01T14:01:16.105Z 	 info: QueueGCManager:markSweep() Got referred extents, unreferenced extents count is 0.
2025-09-01T14:01:16.105Z 	 info: QueueGCManager:markSweepLoop() Mark and sweep finished, take 0ms.
2025-09-01T14:01:16.105Z 	 info: QueueGCManager:markSweepLoop() Sleep for 60000
2025-09-01T14:01:16.105Z 	 info: AccountDataStore:init() Refresh accounts from environment variable AZURITE_ACCOUNTS with value undefined
2025-09-01T14:01:16.105Z 	 info: AccountDataStore:init() Fallback to default emulator account devstoreaccount1.
2025-09-01T14:02:16.116Z 	 info: AccountDataStore:init() Refresh accounts from environment variable AZURITE_ACCOUNTS with value undefined
2025-09-01T14:02:16.116Z 	 info: AccountDataStore:init() Fallback to default emulator account devstoreaccount1.
2025-09-01T14:02:16.117Z 	 info: AccountDataStore:init() Refresh accounts from environment variable AZURITE_ACCOUNTS with value undefined
2025-09-01T14:02:16.117Z 	 info: AccountDataStore:init() Fallback to default emulator account devstoreaccount1.
2025-09-01T14:02:16.117Z 	 info: QueueGCManager:markSweepLoop() Start new mark and sweep.
2025-09-01T14:02:16.117Z 	 info: QueueGCManger:markSweep() Get all extents.
2025-09-01T14:02:16.117Z 	 info: QueueGCManager:marksweep() Get 0 extents.
2025-09-01T14:02:16.117Z 	 info: QueueGCManager:markSweep() Get referred extents, then remove from allExtents.
2025-09-01T14:02:16.117Z 	 info: QueueGCManager:markSweep() Got referred extents, unreferenced extents count is 0.
2025-09-01T14:02:16.117Z 	 info: QueueGCManager:markSweepLoop() Mark and sweep finished, take 0ms.
2025-09-01T14:02:16.117Z 	 info: QueueGCManager:markSweepLoop() Sleep for 60000
2025-09-01T14:02:16.117Z 	 info: AccountDataStore:init() Refresh accounts from environment variable AZURITE_ACCOUNTS with value undefined
2025-09-01T14:02:16.117Z 	 info: AccountDataStore:init() Fallback to default emulator account devstoreaccount1.
2025-09-01T14:03:16.118Z 	 info: AccountDataStore:init() Refresh accounts from environment variable AZURITE_ACCOUNTS with value undefined
2025-09-01T14:03:16.119Z 	 info: AccountDataStore:init() Fallback to default emulator account devstoreaccount1.
2025-09-01T14:03:16.119Z 	 info: AccountDataStore:init() Refresh accounts from environment variable AZURITE_ACCOUNTS with value undefined
2025-09-01T14:03:16.119Z 	 info: AccountDataStore:init() Fallback to default emulator account devstoreaccount1.
2025-09-01T14:03:16.119Z 	 info: QueueGCManager:markSweepLoop() Start new mark and sweep.
2025-09-01T14:03:16.119Z 	 info: QueueGCManger:markSweep() Get all extents.
2025-09-01T14:03:16.119Z 	 info: QueueGCManager:marksweep() Get 0 extents.
2025-09-01T14:03:16.119Z 	 info: QueueGCManager:markSweep() Get referred extents, then remove from allExtents.
2025-09-01T14:03:16.119Z 	 info: QueueGCManager:markSweep() Got referred extents, unreferenced extents count is 0.
2025-09-01T14:03:16.119Z 	 info: QueueGCManager:markSweepLoop() Mark and sweep finished, take 0ms.
2025-09-01T14:03:16.119Z 	 info: QueueGCManager:markSweepLoop() Sleep for 60000
2025-09-01T14:03:16.119Z 	 info: AccountDataStore:init() Refresh accounts from environment variable AZURITE_ACCOUNTS with value undefined
2025-09-01T14:03:16.119Z 	 info: AccountDataStore:init() Fallback to default emulator account devstoreaccount1.
2025-09-01T14:03:21.003Z a310af90-f74e-49aa-979f-8a7b77775d5c info: BlobStorageContextMiddleware: RequestMethod=GET RequestURL=http://127.0.0.1/devstoreaccount1/quality-docs?comp=list&prefix=Test%2F&restype=container RequestHeaders:{"x-ms-version":"2025-07-05","accept":"application/xml","user-agent":"azsdk-js-azure-storage-blob/12.28.0 core-rest-pipeline/1.22.0 Node/22.18.0 OS/(x64-Windows_NT-10.0.26100)","x-ms-client-request-id":"28ddc5cc-1f91-449a-8bba-a899f145ca16","x-ms-date":"Mon, 01 Sep 2025 14:03:21 GMT","authorization":"SharedKey devstoreaccount1:Et02zJVnVvH+uWK7cLShMzDDLeueDmOLm9mumOXfekQ=","host":"127.0.0.1:10000","connection":"keep-alive"} ClientIP=127.0.0.1 Protocol=http HTTPVersion=1.1
2025-09-01T14:03:21.004Z a310af90-f74e-49aa-979f-8a7b77775d5c info: BlobStorageContextMiddleware: Account=devstoreaccount1 Container=quality-docs Blob=
2025-09-01T14:03:21.004Z a310af90-f74e-49aa-979f-8a7b77775d5c verbose: DispatchMiddleware: Dispatching request...
2025-09-01T14:03:21.004Z a310af90-f74e-49aa-979f-8a7b77775d5c info: DispatchMiddleware: Operation=Container_ListBlobFlatSegment
2025-09-01T14:03:21.005Z a310af90-f74e-49aa-979f-8a7b77775d5c verbose: AuthenticationMiddlewareFactory:createAuthenticationMiddleware() Validating authentications.
2025-09-01T14:03:21.005Z a310af90-f74e-49aa-979f-8a7b77775d5c info: PublicAccessAuthenticator:validate() Start validation against public access.
2025-09-01T14:03:21.005Z a310af90-f74e-49aa-979f-8a7b77775d5c debug: PublicAccessAuthenticator:validate() Getting account properties...
2025-09-01T14:03:21.005Z a310af90-f74e-49aa-979f-8a7b77775d5c debug: PublicAccessAuthenticator:validate() Retrieved account name from context: devstoreaccount1, container: quality-docs, blob: 
2025-09-01T14:03:21.005Z a310af90-f74e-49aa-979f-8a7b77775d5c debug: PublicAccessAuthenticator:validate() Public access type for container quality-docs is "container"
2025-09-01T14:03:21.005Z a310af90-f74e-49aa-979f-8a7b77775d5c debug: PublicAccessAuthenticator:validate() Operation Container_ListBlobFlatSegment is in container level public access list. Validation passed.
2025-09-01T14:03:21.005Z a310af90-f74e-49aa-979f-8a7b77775d5c verbose: DeserializerMiddleware: Start deserializing...
2025-09-01T14:03:21.005Z a310af90-f74e-49aa-979f-8a7b77775d5c info: HandlerMiddleware: DeserializedParameters={"options":{"prefix":"Test/","include":[],"requestId":"28ddc5cc-1f91-449a-8bba-a899f145ca16"},"restype":"container","comp":"list","version":"2025-07-05"}
2025-09-01T14:03:21.005Z a310af90-f74e-49aa-979f-8a7b77775d5c verbose: SerializerMiddleware: Start serializing...
2025-09-01T14:03:21.006Z a310af90-f74e-49aa-979f-8a7b77775d5c debug: Serializer: Raw response body string is <?xml version="1.0" encoding="UTF-8" standalone="yes"?><EnumerationResults ServiceEndpoint="http://127.0.0.1:10000/devstoreaccount1" ContainerName="quality-docs"><Prefix>Test/</Prefix><Marker/><MaxResults>5000</MaxResults><Blobs/><NextMarker/></EnumerationResults>
2025-09-01T14:03:21.006Z a310af90-f74e-49aa-979f-8a7b77775d5c info: Serializer: Start returning stream body.
2025-09-01T14:03:21.006Z a310af90-f74e-49aa-979f-8a7b77775d5c verbose: Send Blob telemetry: B_Container_ListBlobFlatSegment
2025-09-01T14:03:21.006Z a310af90-f74e-49aa-979f-8a7b77775d5c info: EndMiddleware: End response. TotalTimeInMS=3 StatusCode=200 StatusMessage=OK Headers={"server":"Azurite-Blob/3.35.0","content-type":"application/xml","x-ms-client-request-id":"28ddc5cc-1f91-449a-8bba-a899f145ca16","x-ms-request-id":"a310af90-f74e-49aa-979f-8a7b77775d5c","x-ms-version":"2025-11-05","date":"Mon, 01 Sep 2025 14:03:21 GMT"}
2025-09-01T14:04:16.132Z 	 info: AccountDataStore:init() Refresh accounts from environment variable AZURITE_ACCOUNTS with value undefined
2025-09-01T14:04:16.132Z 	 info: AccountDataStore:init() Fallback to default emulator account devstoreaccount1.
2025-09-01T14:04:16.132Z 	 info: AccountDataStore:init() Refresh accounts from environment variable AZURITE_ACCOUNTS with value undefined
2025-09-01T14:04:16.132Z 	 info: AccountDataStore:init() Fallback to default emulator account devstoreaccount1.
2025-09-01T14:04:16.132Z 	 info: QueueGCManager:markSweepLoop() Start new mark and sweep.
2025-09-01T14:04:16.132Z 	 info: QueueGCManger:markSweep() Get all extents.
2025-09-01T14:04:16.132Z 	 info: QueueGCManager:marksweep() Get 0 extents.
2025-09-01T14:04:16.132Z 	 info: QueueGCManager:markSweep() Get referred extents, then remove from allExtents.
2025-09-01T14:04:16.132Z 	 info: QueueGCManager:markSweep() Got referred extents, unreferenced extents count is 0.
2025-09-01T14:04:16.132Z 	 info: QueueGCManager:markSweepLoop() Mark and sweep finished, take 0ms.
2025-09-01T14:04:16.132Z 	 info: QueueGCManager:markSweepLoop() Sleep for 60000
2025-09-01T14:04:16.132Z 	 info: AccountDataStore:init() Refresh accounts from environment variable AZURITE_ACCOUNTS with value undefined
2025-09-01T14:04:16.132Z 	 info: AccountDataStore:init() Fallback to default emulator account devstoreaccount1.
2025-09-01T14:05:16.145Z 	 info: AccountDataStore:init() Refresh accounts from environment variable AZURITE_ACCOUNTS with value undefined
2025-09-01T14:05:16.145Z 	 info: AccountDataStore:init() Fallback to default emulator account devstoreaccount1.
2025-09-01T14:05:16.145Z 	 info: AccountDataStore:init() Refresh accounts from environment variable AZURITE_ACCOUNTS with value undefined
2025-09-01T14:05:16.145Z 	 info: AccountDataStore:init() Fallback to default emulator account devstoreaccount1.
2025-09-01T14:05:16.145Z 	 info: QueueGCManager:markSweepLoop() Start new mark and sweep.
2025-09-01T14:05:16.145Z 	 info: QueueGCManger:markSweep() Get all extents.
2025-09-01T14:05:16.145Z 	 info: QueueGCManager:marksweep() Get 0 extents.
2025-09-01T14:05:16.145Z 	 info: QueueGCManager:markSweep() Get referred extents, then remove from allExtents.
2025-09-01T14:05:16.145Z 	 info: QueueGCManager:markSweep() Got referred extents, unreferenced extents count is 0.
2025-09-01T14:05:16.145Z 	 info: QueueGCManager:markSweepLoop() Mark and sweep finished, take 0ms.
2025-09-01T14:05:16.145Z 	 info: QueueGCManager:markSweepLoop() Sleep for 60000
2025-09-01T14:05:16.145Z 	 info: AccountDataStore:init() Refresh accounts from environment variable AZURITE_ACCOUNTS with value undefined
2025-09-01T14:05:16.145Z 	 info: AccountDataStore:init() Fallback to default emulator account devstoreaccount1.
2025-09-01T14:06:14.621Z 	 info: BlobGCManager:markSweepLoop() Start next mark and sweep.
2025-09-01T14:06:14.622Z 	 info: BlobGCManager:markSweep() Get all extents.
2025-09-01T14:06:14.622Z 	 info: BlobGCManager:markSweep() Got 1 extents.
2025-09-01T14:06:14.622Z 	 info: BlobGCManager:markSweep() Get referred extents.
2025-09-01T14:06:14.622Z 	 info: BlobGCManager:markSweep() Got referred extents, unreferenced extents count is 0.
2025-09-01T14:06:14.622Z 	 info: BlobGCManager:markSweepLoop() Mark and sweep finished, taken 0ms.
2025-09-01T14:06:14.622Z 	 info: BlobGCManager:markSweepLoop() Sleep for 600000ms.
2025-09-01T14:06:16.159Z 	 info: AccountDataStore:init() Refresh accounts from environment variable AZURITE_ACCOUNTS with value undefined
2025-09-01T14:06:16.160Z 	 info: AccountDataStore:init() Fallback to default emulator account devstoreaccount1.
2025-09-01T14:06:16.160Z 	 info: AccountDataStore:init() Refresh accounts from environment variable AZURITE_ACCOUNTS with value undefined
2025-09-01T14:06:16.160Z 	 info: AccountDataStore:init() Fallback to default emulator account devstoreaccount1.
2025-09-01T14:06:16.160Z 	 info: QueueGCManager:markSweepLoop() Start new mark and sweep.
2025-09-01T14:06:16.160Z 	 info: QueueGCManger:markSweep() Get all extents.
2025-09-01T14:06:16.160Z 	 info: QueueGCManager:marksweep() Get 0 extents.
2025-09-01T14:06:16.160Z 	 info: QueueGCManager:markSweep() Get referred extents, then remove from allExtents.
2025-09-01T14:06:16.160Z 	 info: QueueGCManager:markSweep() Got referred extents, unreferenced extents count is 0.
2025-09-01T14:06:16.160Z 	 info: QueueGCManager:markSweepLoop() Mark and sweep finished, take 0ms.
2025-09-01T14:06:16.160Z 	 info: QueueGCManager:markSweepLoop() Sleep for 60000
2025-09-01T14:06:16.160Z 	 info: AccountDataStore:init() Refresh accounts from environment variable AZURITE_ACCOUNTS with value undefined
2025-09-01T14:06:16.160Z 	 info: AccountDataStore:init() Fallback to default emulator account devstoreaccount1.
2025-09-01T14:07:16.170Z 	 info: AccountDataStore:init() Refresh accounts from environment variable AZURITE_ACCOUNTS with value undefined
2025-09-01T14:07:16.170Z 	 info: AccountDataStore:init() Fallback to default emulator account devstoreaccount1.
2025-09-01T14:07:16.170Z 	 info: AccountDataStore:init() Refresh accounts from environment variable AZURITE_ACCOUNTS with value undefined
2025-09-01T14:07:16.170Z 	 info: AccountDataStore:init() Fallback to default emulator account devstoreaccount1.
2025-09-01T14:07:16.170Z 	 info: QueueGCManager:markSweepLoop() Start new mark and sweep.
2025-09-01T14:07:16.170Z 	 info: QueueGCManger:markSweep() Get all extents.
2025-09-01T14:07:16.170Z 	 info: QueueGCManager:marksweep() Get 0 extents.
2025-09-01T14:07:16.170Z 	 info: QueueGCManager:markSweep() Get referred extents, then remove from allExtents.
2025-09-01T14:07:16.170Z 	 info: QueueGCManager:markSweep() Got referred extents, unreferenced extents count is 0.
2025-09-01T14:07:16.170Z 	 info: QueueGCManager:markSweepLoop() Mark and sweep finished, take 0ms.
2025-09-01T14:07:16.170Z 	 info: QueueGCManager:markSweepLoop() Sleep for 60000
2025-09-01T14:07:16.170Z 	 info: AccountDataStore:init() Refresh accounts from environment variable AZURITE_ACCOUNTS with value undefined
2025-09-01T14:07:16.170Z 	 info: AccountDataStore:init() Fallback to default emulator account devstoreaccount1.
2025-09-01T14:08:16.170Z 	 info: AccountDataStore:init() Refresh accounts from environment variable AZURITE_ACCOUNTS with value undefined
2025-09-01T14:08:16.170Z 	 info: AccountDataStore:init() Fallback to default emulator account devstoreaccount1.
2025-09-01T14:08:16.171Z 	 info: AccountDataStore:init() Refresh accounts from environment variable AZURITE_ACCOUNTS with value undefined
2025-09-01T14:08:16.171Z 	 info: AccountDataStore:init() Fallback to default emulator account devstoreaccount1.
2025-09-01T14:08:16.185Z 	 info: QueueGCManager:markSweepLoop() Start new mark and sweep.
2025-09-01T14:08:16.186Z 	 info: QueueGCManger:markSweep() Get all extents.
2025-09-01T14:08:16.186Z 	 info: QueueGCManager:marksweep() Get 0 extents.
2025-09-01T14:08:16.186Z 	 info: QueueGCManager:markSweep() Get referred extents, then remove from allExtents.
2025-09-01T14:08:16.186Z 	 info: QueueGCManager:markSweep() Got referred extents, unreferenced extents count is 0.
2025-09-01T14:08:16.186Z 	 info: QueueGCManager:markSweepLoop() Mark and sweep finished, take 0ms.
2025-09-01T14:08:16.186Z 	 info: QueueGCManager:markSweepLoop() Sleep for 60000
2025-09-01T14:08:16.186Z 	 info: AccountDataStore:init() Refresh accounts from environment variable AZURITE_ACCOUNTS with value undefined
2025-09-01T14:08:16.186Z 	 info: AccountDataStore:init() Fallback to default emulator account devstoreaccount1.
2025-09-01T14:09:16.170Z 	 info: AccountDataStore:init() Refresh accounts from environment variable AZURITE_ACCOUNTS with value undefined
2025-09-01T14:09:16.171Z 	 info: AccountDataStore:init() Fallback to default emulator account devstoreaccount1.
2025-09-01T14:09:16.171Z 	 info: AccountDataStore:init() Refresh accounts from environment variable AZURITE_ACCOUNTS with value undefined
2025-09-01T14:09:16.171Z 	 info: AccountDataStore:init() Fallback to default emulator account devstoreaccount1.
2025-09-01T14:09:16.201Z 	 info: QueueGCManager:markSweepLoop() Start new mark and sweep.
2025-09-01T14:09:16.201Z 	 info: QueueGCManger:markSweep() Get all extents.
2025-09-01T14:09:16.201Z 	 info: QueueGCManager:marksweep() Get 0 extents.
2025-09-01T14:09:16.201Z 	 info: QueueGCManager:markSweep() Get referred extents, then remove from allExtents.
2025-09-01T14:09:16.201Z 	 info: QueueGCManager:markSweep() Got referred extents, unreferenced extents count is 0.
2025-09-01T14:09:16.201Z 	 info: QueueGCManager:markSweepLoop() Mark and sweep finished, take 0ms.
2025-09-01T14:09:16.201Z 	 info: QueueGCManager:markSweepLoop() Sleep for 60000
2025-09-01T14:09:16.201Z 	 info: AccountDataStore:init() Refresh accounts from environment variable AZURITE_ACCOUNTS with value undefined
2025-09-01T14:09:16.201Z 	 info: AccountDataStore:init() Fallback to default emulator account devstoreaccount1.
2025-09-01T14:10:16.176Z 	 info: AccountDataStore:init() Refresh accounts from environment variable AZURITE_ACCOUNTS with value undefined
2025-09-01T14:10:16.176Z 	 info: AccountDataStore:init() Fallback to default emulator account devstoreaccount1.
2025-09-01T14:10:16.177Z 	 info: AccountDataStore:init() Refresh accounts from environment variable AZURITE_ACCOUNTS with value undefined
2025-09-01T14:10:16.177Z 	 info: AccountDataStore:init() Fallback to default emulator account devstoreaccount1.
2025-09-01T14:10:16.207Z 	 info: QueueGCManager:markSweepLoop() Start new mark and sweep.
2025-09-01T14:10:16.207Z 	 info: QueueGCManger:markSweep() Get all extents.
2025-09-01T14:10:16.207Z 	 info: QueueGCManager:marksweep() Get 0 extents.
2025-09-01T14:10:16.207Z 	 info: QueueGCManager:markSweep() Get referred extents, then remove from allExtents.
2025-09-01T14:10:16.207Z 	 info: QueueGCManager:markSweep() Got referred extents, unreferenced extents count is 0.
2025-09-01T14:10:16.207Z 	 info: QueueGCManager:markSweepLoop() Mark and sweep finished, take 0ms.
2025-09-01T14:10:16.207Z 	 info: QueueGCManager:markSweepLoop() Sleep for 60000
2025-09-01T14:10:16.207Z 	 info: AccountDataStore:init() Refresh accounts from environment variable AZURITE_ACCOUNTS with value undefined
2025-09-01T14:10:16.207Z 	 info: AccountDataStore:init() Fallback to default emulator account devstoreaccount1.
2025-09-01T14:11:16.180Z 	 info: AccountDataStore:init() Refresh accounts from environment variable AZURITE_ACCOUNTS with value undefined
2025-09-01T14:11:16.180Z 	 info: AccountDataStore:init() Fallback to default emulator account devstoreaccount1.
2025-09-01T14:11:16.180Z 	 info: AccountDataStore:init() Refresh accounts from environment variable AZURITE_ACCOUNTS with value undefined
2025-09-01T14:11:16.180Z 	 info: AccountDataStore:init() Fallback to default emulator account devstoreaccount1.
2025-09-01T14:11:16.210Z 	 info: QueueGCManager:markSweepLoop() Start new mark and sweep.
2025-09-01T14:11:16.210Z 	 info: QueueGCManger:markSweep() Get all extents.
2025-09-01T14:11:16.210Z 	 info: QueueGCManager:marksweep() Get 0 extents.
2025-09-01T14:11:16.210Z 	 info: QueueGCManager:markSweep() Get referred extents, then remove from allExtents.
2025-09-01T14:11:16.210Z 	 info: QueueGCManager:markSweep() Got referred extents, unreferenced extents count is 0.
2025-09-01T14:11:16.210Z 	 info: QueueGCManager:markSweepLoop() Mark and sweep finished, take 0ms.
2025-09-01T14:11:16.210Z 	 info: QueueGCManager:markSweepLoop() Sleep for 60000
2025-09-01T14:11:16.211Z 	 info: AccountDataStore:init() Refresh accounts from environment variable AZURITE_ACCOUNTS with value undefined
2025-09-01T14:11:16.211Z 	 info: AccountDataStore:init() Fallback to default emulator account devstoreaccount1.
2025-09-01T14:12:16.194Z 	 info: AccountDataStore:init() Refresh accounts from environment variable AZURITE_ACCOUNTS with value undefined
2025-09-01T14:12:16.194Z 	 info: AccountDataStore:init() Fallback to default emulator account devstoreaccount1.
2025-09-01T14:12:16.194Z 	 info: AccountDataStore:init() Refresh accounts from environment variable AZURITE_ACCOUNTS with value undefined
2025-09-01T14:12:16.194Z 	 info: AccountDataStore:init() Fallback to default emulator account devstoreaccount1.
2025-09-01T14:12:16.225Z 	 info: QueueGCManager:markSweepLoop() Start new mark and sweep.
2025-09-01T14:12:16.226Z 	 info: QueueGCManger:markSweep() Get all extents.
2025-09-01T14:12:16.226Z 	 info: QueueGCManager:marksweep() Get 0 extents.
2025-09-01T14:12:16.226Z 	 info: QueueGCManager:markSweep() Get referred extents, then remove from allExtents.
2025-09-01T14:12:16.226Z 	 info: QueueGCManager:markSweep() Got referred extents, unreferenced extents count is 0.
2025-09-01T14:12:16.226Z 	 info: QueueGCManager:markSweepLoop() Mark and sweep finished, take 0ms.
2025-09-01T14:12:16.226Z 	 info: QueueGCManager:markSweepLoop() Sleep for 60000
2025-09-01T14:12:16.226Z 	 info: AccountDataStore:init() Refresh accounts from environment variable AZURITE_ACCOUNTS with value undefined
2025-09-01T14:12:16.226Z 	 info: AccountDataStore:init() Fallback to default emulator account devstoreaccount1.
2025-09-01T14:13:16.202Z 	 info: AccountDataStore:init() Refresh accounts from environment variable AZURITE_ACCOUNTS with value undefined
2025-09-01T14:13:16.202Z 	 info: AccountDataStore:init() Fallback to default emulator account devstoreaccount1.
2025-09-01T14:13:16.202Z 	 info: AccountDataStore:init() Refresh accounts from environment variable AZURITE_ACCOUNTS with value undefined
2025-09-01T14:13:16.202Z 	 info: AccountDataStore:init() Fallback to default emulator account devstoreaccount1.
2025-09-01T14:13:16.232Z 	 info: QueueGCManager:markSweepLoop() Start new mark and sweep.
2025-09-01T14:13:16.233Z 	 info: QueueGCManger:markSweep() Get all extents.
2025-09-01T14:13:16.233Z 	 info: QueueGCManager:marksweep() Get 0 extents.
2025-09-01T14:13:16.233Z 	 info: QueueGCManager:markSweep() Get referred extents, then remove from allExtents.
2025-09-01T14:13:16.233Z 	 info: QueueGCManager:markSweep() Got referred extents, unreferenced extents count is 0.
2025-09-01T14:13:16.233Z 	 info: QueueGCManager:markSweepLoop() Mark and sweep finished, take 0ms.
2025-09-01T14:13:16.233Z 	 info: QueueGCManager:markSweepLoop() Sleep for 60000
2025-09-01T14:13:16.233Z 	 info: AccountDataStore:init() Refresh accounts from environment variable AZURITE_ACCOUNTS with value undefined
2025-09-01T14:13:16.233Z 	 info: AccountDataStore:init() Fallback to default emulator account devstoreaccount1.
2025-09-01T14:14:16.203Z 	 info: AccountDataStore:init() Refresh accounts from environment variable AZURITE_ACCOUNTS with value undefined
2025-09-01T14:14:16.203Z 	 info: AccountDataStore:init() Fallback to default emulator account devstoreaccount1.
2025-09-01T14:14:16.203Z 	 info: AccountDataStore:init() Refresh accounts from environment variable AZURITE_ACCOUNTS with value undefined
2025-09-01T14:14:16.203Z 	 info: AccountDataStore:init() Fallback to default emulator account devstoreaccount1.
2025-09-01T14:14:16.235Z 	 info: QueueGCManager:markSweepLoop() Start new mark and sweep.
2025-09-01T14:14:16.235Z 	 info: QueueGCManger:markSweep() Get all extents.
2025-09-01T14:14:16.235Z 	 info: QueueGCManager:marksweep() Get 0 extents.
2025-09-01T14:14:16.235Z 	 info: QueueGCManager:markSweep() Get referred extents, then remove from allExtents.
2025-09-01T14:14:16.235Z 	 info: QueueGCManager:markSweep() Got referred extents, unreferenced extents count is 0.
2025-09-01T14:14:16.235Z 	 info: QueueGCManager:markSweepLoop() Mark and sweep finished, take 0ms.
2025-09-01T14:14:16.235Z 	 info: QueueGCManager:markSweepLoop() Sleep for 60000
2025-09-01T14:14:16.235Z 	 info: AccountDataStore:init() Refresh accounts from environment variable AZURITE_ACCOUNTS with value undefined
2025-09-01T14:14:16.235Z 	 info: AccountDataStore:init() Fallback to default emulator account devstoreaccount1.
2025-09-01T14:15:16.213Z 	 info: AccountDataStore:init() Refresh accounts from environment variable AZURITE_ACCOUNTS with value undefined
2025-09-01T14:15:16.214Z 	 info: AccountDataStore:init() Fallback to default emulator account devstoreaccount1.
2025-09-01T14:15:16.214Z 	 info: AccountDataStore:init() Refresh accounts from environment variable AZURITE_ACCOUNTS with value undefined
2025-09-01T14:15:16.214Z 	 info: AccountDataStore:init() Fallback to default emulator account devstoreaccount1.
2025-09-01T14:15:16.245Z 	 info: QueueGCManager:markSweepLoop() Start new mark and sweep.
2025-09-01T14:15:16.245Z 	 info: QueueGCManger:markSweep() Get all extents.
2025-09-01T14:15:16.245Z 	 info: QueueGCManager:marksweep() Get 0 extents.
2025-09-01T14:15:16.245Z 	 info: QueueGCManager:markSweep() Get referred extents, then remove from allExtents.
2025-09-01T14:15:16.245Z 	 info: QueueGCManager:markSweep() Got referred extents, unreferenced extents count is 0.
2025-09-01T14:15:16.245Z 	 info: QueueGCManager:markSweepLoop() Mark and sweep finished, take 0ms.
2025-09-01T14:15:16.245Z 	 info: QueueGCManager:markSweepLoop() Sleep for 60000
2025-09-01T14:15:16.245Z 	 info: AccountDataStore:init() Refresh accounts from environment variable AZURITE_ACCOUNTS with value undefined
2025-09-01T14:15:16.245Z 	 info: AccountDataStore:init() Fallback to default emulator account devstoreaccount1.
2025-09-01T14:16:14.631Z 	 info: BlobGCManager:markSweepLoop() Start next mark and sweep.
2025-09-01T14:16:14.631Z 	 info: BlobGCManager:markSweep() Get all extents.
2025-09-01T14:16:14.631Z 	 info: BlobGCManager:markSweep() Got 1 extents.
2025-09-01T14:16:14.631Z 	 info: BlobGCManager:markSweep() Get referred extents.
2025-09-01T14:16:14.631Z 	 info: BlobGCManager:markSweep() Got referred extents, unreferenced extents count is 0.
2025-09-01T14:16:14.631Z 	 info: BlobGCManager:markSweepLoop() Mark and sweep finished, taken 0ms.
2025-09-01T14:16:14.631Z 	 info: BlobGCManager:markSweepLoop() Sleep for 600000ms.
2025-09-01T14:16:16.214Z 	 info: AccountDataStore:init() Refresh accounts from environment variable AZURITE_ACCOUNTS with value undefined
2025-09-01T14:16:16.214Z 	 info: AccountDataStore:init() Fallback to default emulator account devstoreaccount1.
2025-09-01T14:16:16.214Z 	 info: AccountDataStore:init() Refresh accounts from environment variable AZURITE_ACCOUNTS with value undefined
2025-09-01T14:16:16.214Z 	 info: AccountDataStore:init() Fallback to default emulator account devstoreaccount1.
2025-09-01T14:16:16.260Z 	 info: QueueGCManager:markSweepLoop() Start new mark and sweep.
2025-09-01T14:16:16.260Z 	 info: QueueGCManger:markSweep() Get all extents.
2025-09-01T14:16:16.260Z 	 info: QueueGCManager:marksweep() Get 0 extents.
2025-09-01T14:16:16.260Z 	 info: QueueGCManager:markSweep() Get referred extents, then remove from allExtents.
2025-09-01T14:16:16.260Z 	 info: QueueGCManager:markSweep() Got referred extents, unreferenced extents count is 0.
2025-09-01T14:16:16.260Z 	 info: QueueGCManager:markSweepLoop() Mark and sweep finished, take 0ms.
2025-09-01T14:16:16.260Z 	 info: QueueGCManager:markSweepLoop() Sleep for 60000
2025-09-01T14:16:16.261Z 	 info: AccountDataStore:init() Refresh accounts from environment variable AZURITE_ACCOUNTS with value undefined
2025-09-01T14:16:16.261Z 	 info: AccountDataStore:init() Fallback to default emulator account devstoreaccount1.
2025-09-01T14:17:16.224Z 	 info: AccountDataStore:init() Refresh accounts from environment variable AZURITE_ACCOUNTS with value undefined
2025-09-01T14:17:16.224Z 	 info: AccountDataStore:init() Fallback to default emulator account devstoreaccount1.
2025-09-01T14:17:16.224Z 	 info: AccountDataStore:init() Refresh accounts from environment variable AZURITE_ACCOUNTS with value undefined
2025-09-01T14:17:16.224Z 	 info: AccountDataStore:init() Fallback to default emulator account devstoreaccount1.
2025-09-01T14:17:16.270Z 	 info: QueueGCManager:markSweepLoop() Start new mark and sweep.
2025-09-01T14:17:16.271Z 	 info: QueueGCManger:markSweep() Get all extents.
2025-09-01T14:17:16.271Z 	 info: QueueGCManager:marksweep() Get 0 extents.
2025-09-01T14:17:16.271Z 	 info: QueueGCManager:markSweep() Get referred extents, then remove from allExtents.
2025-09-01T14:17:16.271Z 	 info: QueueGCManager:markSweep() Got referred extents, unreferenced extents count is 0.
2025-09-01T14:17:16.271Z 	 info: QueueGCManager:markSweepLoop() Mark and sweep finished, take 0ms.
2025-09-01T14:17:16.271Z 	 info: QueueGCManager:markSweepLoop() Sleep for 60000
2025-09-01T14:17:16.271Z 	 info: AccountDataStore:init() Refresh accounts from environment variable AZURITE_ACCOUNTS with value undefined
2025-09-01T14:17:16.271Z 	 info: AccountDataStore:init() Fallback to default emulator account devstoreaccount1.
2025-09-01T14:18:16.231Z 	 info: AccountDataStore:init() Refresh accounts from environment variable AZURITE_ACCOUNTS with value undefined
2025-09-01T14:18:16.231Z 	 info: AccountDataStore:init() Fallback to default emulator account devstoreaccount1.
2025-09-01T14:18:16.232Z 	 info: AccountDataStore:init() Refresh accounts from environment variable AZURITE_ACCOUNTS with value undefined
2025-09-01T14:18:16.232Z 	 info: AccountDataStore:init() Fallback to default emulator account devstoreaccount1.
2025-09-01T14:18:16.278Z 	 info: QueueGCManager:markSweepLoop() Start new mark and sweep.
2025-09-01T14:18:16.278Z 	 info: QueueGCManger:markSweep() Get all extents.
2025-09-01T14:18:16.278Z 	 info: QueueGCManager:marksweep() Get 0 extents.
2025-09-01T14:18:16.278Z 	 info: QueueGCManager:markSweep() Get referred extents, then remove from allExtents.
2025-09-01T14:18:16.278Z 	 info: QueueGCManager:markSweep() Got referred extents, unreferenced extents count is 0.
2025-09-01T14:18:16.279Z 	 info: QueueGCManager:markSweepLoop() Mark and sweep finished, take 1ms.
2025-09-01T14:18:16.279Z 	 info: QueueGCManager:markSweepLoop() Sleep for 60000
2025-09-01T14:18:16.279Z 	 info: AccountDataStore:init() Refresh accounts from environment variable AZURITE_ACCOUNTS with value undefined
2025-09-01T14:18:16.279Z 	 info: AccountDataStore:init() Fallback to default emulator account devstoreaccount1.
2025-09-01T14:19:16.232Z 	 info: AccountDataStore:init() Refresh accounts from environment variable AZURITE_ACCOUNTS with value undefined
2025-09-01T14:19:16.232Z 	 info: AccountDataStore:init() Fallback to default emulator account devstoreaccount1.
2025-09-01T14:19:16.232Z 	 info: AccountDataStore:init() Refresh accounts from environment variable AZURITE_ACCOUNTS with value undefined
2025-09-01T14:19:16.232Z 	 info: AccountDataStore:init() Fallback to default emulator account devstoreaccount1.
2025-09-01T14:19:16.293Z 	 info: QueueGCManager:markSweepLoop() Start new mark and sweep.
2025-09-01T14:19:16.293Z 	 info: QueueGCManger:markSweep() Get all extents.
2025-09-01T14:19:16.293Z 	 info: QueueGCManager:marksweep() Get 0 extents.
2025-09-01T14:19:16.293Z 	 info: QueueGCManager:markSweep() Get referred extents, then remove from allExtents.
2025-09-01T14:19:16.293Z 	 info: QueueGCManager:markSweep() Got referred extents, unreferenced extents count is 0.
2025-09-01T14:19:16.293Z 	 info: QueueGCManager:markSweepLoop() Mark and sweep finished, take 0ms.
2025-09-01T14:19:16.293Z 	 info: QueueGCManager:markSweepLoop() Sleep for 60000
2025-09-01T14:19:16.294Z 	 info: AccountDataStore:init() Refresh accounts from environment variable AZURITE_ACCOUNTS with value undefined
2025-09-01T14:19:16.294Z 	 info: AccountDataStore:init() Fallback to default emulator account devstoreaccount1.
2025-09-01T14:20:16.243Z 	 info: AccountDataStore:init() Refresh accounts from environment variable AZURITE_ACCOUNTS with value undefined
2025-09-01T14:20:16.243Z 	 info: AccountDataStore:init() Fallback to default emulator account devstoreaccount1.
2025-09-01T14:20:16.243Z 	 info: AccountDataStore:init() Refresh accounts from environment variable AZURITE_ACCOUNTS with value undefined
2025-09-01T14:20:16.243Z 	 info: AccountDataStore:init() Fallback to default emulator account devstoreaccount1.
2025-09-01T14:20:16.307Z 	 info: QueueGCManager:markSweepLoop() Start new mark and sweep.
2025-09-01T14:20:16.307Z 	 info: QueueGCManger:markSweep() Get all extents.
2025-09-01T14:20:16.307Z 	 info: QueueGCManager:marksweep() Get 0 extents.
2025-09-01T14:20:16.307Z 	 info: QueueGCManager:markSweep() Get referred extents, then remove from allExtents.
2025-09-01T14:20:16.307Z 	 info: QueueGCManager:markSweep() Got referred extents, unreferenced extents count is 0.
2025-09-01T14:20:16.307Z 	 info: QueueGCManager:markSweepLoop() Mark and sweep finished, take 0ms.
2025-09-01T14:20:16.307Z 	 info: QueueGCManager:markSweepLoop() Sleep for 60000
2025-09-01T14:20:16.307Z 	 info: AccountDataStore:init() Refresh accounts from environment variable AZURITE_ACCOUNTS with value undefined
2025-09-01T14:20:16.307Z 	 info: AccountDataStore:init() Fallback to default emulator account devstoreaccount1.
2025-09-01T14:21:16.248Z 	 info: AccountDataStore:init() Refresh accounts from environment variable AZURITE_ACCOUNTS with value undefined
2025-09-01T14:21:16.249Z 	 info: AccountDataStore:init() Fallback to default emulator account devstoreaccount1.
2025-09-01T14:21:16.249Z 	 info: AccountDataStore:init() Refresh accounts from environment variable AZURITE_ACCOUNTS with value undefined
2025-09-01T14:21:16.249Z 	 info: AccountDataStore:init() Fallback to default emulator account devstoreaccount1.
2025-09-01T14:21:16.311Z 	 info: QueueGCManager:markSweepLoop() Start new mark and sweep.
2025-09-01T14:21:16.311Z 	 info: QueueGCManger:markSweep() Get all extents.
2025-09-01T14:21:16.311Z 	 info: QueueGCManager:marksweep() Get 0 extents.
2025-09-01T14:21:16.311Z 	 info: QueueGCManager:markSweep() Get referred extents, then remove from allExtents.
2025-09-01T14:21:16.311Z 	 info: QueueGCManager:markSweep() Got referred extents, unreferenced extents count is 0.
2025-09-01T14:21:16.311Z 	 info: QueueGCManager:markSweepLoop() Mark and sweep finished, take 0ms.
2025-09-01T14:21:16.311Z 	 info: QueueGCManager:markSweepLoop() Sleep for 60000
2025-09-01T14:21:16.311Z 	 info: AccountDataStore:init() Refresh accounts from environment variable AZURITE_ACCOUNTS with value undefined
2025-09-01T14:21:16.311Z 	 info: AccountDataStore:init() Fallback to default emulator account devstoreaccount1.
2025-09-01T14:22:16.262Z 	 info: AccountDataStore:init() Refresh accounts from environment variable AZURITE_ACCOUNTS with value undefined
2025-09-01T14:22:16.262Z 	 info: AccountDataStore:init() Fallback to default emulator account devstoreaccount1.
2025-09-01T14:22:16.262Z 	 info: AccountDataStore:init() Refresh accounts from environment variable AZURITE_ACCOUNTS with value undefined
2025-09-01T14:22:16.262Z 	 info: AccountDataStore:init() Fallback to default emulator account devstoreaccount1.
2025-09-01T14:22:16.327Z 	 info: QueueGCManager:markSweepLoop() Start new mark and sweep.
2025-09-01T14:22:16.327Z 	 info: QueueGCManger:markSweep() Get all extents.
2025-09-01T14:22:16.327Z 	 info: QueueGCManager:marksweep() Get 0 extents.
2025-09-01T14:22:16.327Z 	 info: QueueGCManager:markSweep() Get referred extents, then remove from allExtents.
2025-09-01T14:22:16.327Z 	 info: QueueGCManager:markSweep() Got referred extents, unreferenced extents count is 0.
2025-09-01T14:22:16.327Z 	 info: QueueGCManager:markSweepLoop() Mark and sweep finished, take 0ms.
2025-09-01T14:22:16.327Z 	 info: QueueGCManager:markSweepLoop() Sleep for 60000
2025-09-01T14:22:16.327Z 	 info: AccountDataStore:init() Refresh accounts from environment variable AZURITE_ACCOUNTS with value undefined
2025-09-01T14:22:16.327Z 	 info: AccountDataStore:init() Fallback to default emulator account devstoreaccount1.
2025-09-01T14:23:16.265Z 	 info: AccountDataStore:init() Refresh accounts from environment variable AZURITE_ACCOUNTS with value undefined
2025-09-01T14:23:16.265Z 	 info: AccountDataStore:init() Fallback to default emulator account devstoreaccount1.
2025-09-01T14:23:16.265Z 	 info: AccountDataStore:init() Refresh accounts from environment variable AZURITE_ACCOUNTS with value undefined
2025-09-01T14:23:16.265Z 	 info: AccountDataStore:init() Fallback to default emulator account devstoreaccount1.
2025-09-01T14:23:16.344Z 	 info: QueueGCManager:markSweepLoop() Start new mark and sweep.
2025-09-01T14:23:16.344Z 	 info: QueueGCManger:markSweep() Get all extents.
2025-09-01T14:23:16.344Z 	 info: QueueGCManager:marksweep() Get 0 extents.
2025-09-01T14:23:16.344Z 	 info: QueueGCManager:markSweep() Get referred extents, then remove from allExtents.
2025-09-01T14:23:16.344Z 	 info: QueueGCManager:markSweep() Got referred extents, unreferenced extents count is 0.
2025-09-01T14:23:16.344Z 	 info: QueueGCManager:markSweepLoop() Mark and sweep finished, take 0ms.
2025-09-01T14:23:16.344Z 	 info: QueueGCManager:markSweepLoop() Sleep for 60000
2025-09-01T14:23:16.344Z 	 info: AccountDataStore:init() Refresh accounts from environment variable AZURITE_ACCOUNTS with value undefined
2025-09-01T14:23:16.344Z 	 info: AccountDataStore:init() Fallback to default emulator account devstoreaccount1.
2025-09-01T14:24:16.273Z 	 info: AccountDataStore:init() Refresh accounts from environment variable AZURITE_ACCOUNTS with value undefined
2025-09-01T14:24:16.273Z 	 info: AccountDataStore:init() Fallback to default emulator account devstoreaccount1.
2025-09-01T14:24:16.274Z 	 info: AccountDataStore:init() Refresh accounts from environment variable AZURITE_ACCOUNTS with value undefined
2025-09-01T14:24:16.274Z 	 info: AccountDataStore:init() Fallback to default emulator account devstoreaccount1.
2025-09-01T14:24:16.351Z 	 info: QueueGCManager:markSweepLoop() Start new mark and sweep.
2025-09-01T14:24:16.351Z 	 info: QueueGCManger:markSweep() Get all extents.
2025-09-01T14:24:16.351Z 	 info: QueueGCManager:marksweep() Get 0 extents.
2025-09-01T14:24:16.351Z 	 info: QueueGCManager:markSweep() Get referred extents, then remove from allExtents.
2025-09-01T14:24:16.351Z 	 info: QueueGCManager:markSweep() Got referred extents, unreferenced extents count is 0.
2025-09-01T14:24:16.351Z 	 info: QueueGCManager:markSweepLoop() Mark and sweep finished, take 0ms.
2025-09-01T14:24:16.351Z 	 info: QueueGCManager:markSweepLoop() Sleep for 60000
2025-09-01T14:24:16.351Z 	 info: AccountDataStore:init() Refresh accounts from environment variable AZURITE_ACCOUNTS with value undefined
2025-09-01T14:24:16.351Z 	 info: AccountDataStore:init() Fallback to default emulator account devstoreaccount1.
2025-09-01T14:25:16.284Z 	 info: AccountDataStore:init() Refresh accounts from environment variable AZURITE_ACCOUNTS with value undefined
2025-09-01T14:25:16.284Z 	 info: AccountDataStore:init() Fallback to default emulator account devstoreaccount1.
2025-09-01T14:25:16.284Z 	 info: AccountDataStore:init() Refresh accounts from environment variable AZURITE_ACCOUNTS with value undefined
2025-09-01T14:25:16.284Z 	 info: AccountDataStore:init() Fallback to default emulator account devstoreaccount1.
2025-09-01T14:25:16.362Z 	 info: QueueGCManager:markSweepLoop() Start new mark and sweep.
2025-09-01T14:25:16.363Z 	 info: QueueGCManger:markSweep() Get all extents.
2025-09-01T14:25:16.363Z 	 info: QueueGCManager:marksweep() Get 0 extents.
2025-09-01T14:25:16.363Z 	 info: QueueGCManager:markSweep() Get referred extents, then remove from allExtents.
2025-09-01T14:25:16.363Z 	 info: QueueGCManager:markSweep() Got referred extents, unreferenced extents count is 0.
2025-09-01T14:25:16.363Z 	 info: QueueGCManager:markSweepLoop() Mark and sweep finished, take 0ms.
2025-09-01T14:25:16.363Z 	 info: QueueGCManager:markSweepLoop() Sleep for 60000
2025-09-01T14:25:16.363Z 	 info: AccountDataStore:init() Refresh accounts from environment variable AZURITE_ACCOUNTS with value undefined
2025-09-01T14:25:16.363Z 	 info: AccountDataStore:init() Fallback to default emulator account devstoreaccount1.
2025-09-01T14:26:14.637Z 	 info: BlobGCManager:markSweepLoop() Start next mark and sweep.
2025-09-01T14:26:14.638Z 	 info: BlobGCManager:markSweep() Get all extents.
2025-09-01T14:26:14.638Z 	 info: BlobGCManager:markSweep() Got 1 extents.
2025-09-01T14:26:14.638Z 	 info: BlobGCManager:markSweep() Get referred extents.
2025-09-01T14:26:14.638Z 	 info: BlobGCManager:markSweep() Got referred extents, unreferenced extents count is 0.
2025-09-01T14:26:14.638Z 	 info: BlobGCManager:markSweepLoop() Mark and sweep finished, taken 0ms.
2025-09-01T14:26:14.638Z 	 info: BlobGCManager:markSweepLoop() Sleep for 600000ms.
2025-09-01T14:26:16.292Z 	 info: AccountDataStore:init() Refresh accounts from environment variable AZURITE_ACCOUNTS with value undefined
2025-09-01T14:26:16.292Z 	 info: AccountDataStore:init() Fallback to default emulator account devstoreaccount1.
2025-09-01T14:26:16.292Z 	 info: AccountDataStore:init() Refresh accounts from environment variable AZURITE_ACCOUNTS with value undefined
2025-09-01T14:26:16.292Z 	 info: AccountDataStore:init() Fallback to default emulator account devstoreaccount1.
2025-09-01T14:26:16.368Z 	 info: QueueGCManager:markSweepLoop() Start new mark and sweep.
2025-09-01T14:26:16.368Z 	 info: QueueGCManger:markSweep() Get all extents.
2025-09-01T14:26:16.369Z 	 info: QueueGCManager:marksweep() Get 0 extents.
2025-09-01T14:26:16.369Z 	 info: QueueGCManager:markSweep() Get referred extents, then remove from allExtents.
2025-09-01T14:26:16.369Z 	 info: QueueGCManager:markSweep() Got referred extents, unreferenced extents count is 0.
2025-09-01T14:26:16.369Z 	 info: QueueGCManager:markSweepLoop() Mark and sweep finished, take 1ms.
2025-09-01T14:26:16.369Z 	 info: QueueGCManager:markSweepLoop() Sleep for 60000
2025-09-01T14:26:16.369Z 	 info: AccountDataStore:init() Refresh accounts from environment variable AZURITE_ACCOUNTS with value undefined
2025-09-01T14:26:16.369Z 	 info: AccountDataStore:init() Fallback to default emulator account devstoreaccount1.
2025-09-01T14:26:52.243Z 16791a6e-9d07-4fcf-9ecb-cabdd648f2c7 info: BlobStorageContextMiddleware: RequestMethod=PUT RequestURL=http://127.0.0.1/devstoreaccount1/quality-docs?restype=container RequestHeaders:{"x-ms-version":"2025-07-05","accept":"application/xml","x-ms-blob-public-access":"container","user-agent":"azsdk-js-azure-storage-blob/12.28.0 core-rest-pipeline/1.22.0 Node/22.18.0 OS/(x64-Windows_NT-10.0.26100)","x-ms-client-request-id":"49ed8259-7f8a-4154-85f2-283f612c66ba","x-ms-date":"Mon, 01 Sep 2025 14:26:52 GMT","authorization":"SharedKey devstoreaccount1:ujAFqryKRfrSRcFFbxY9QaTWAEWQbsc+Sq+miOuTZbE=","host":"127.0.0.1:10000","connection":"keep-alive","content-length":"0"} ClientIP=127.0.0.1 Protocol=http HTTPVersion=1.1
2025-09-01T14:26:52.243Z 16791a6e-9d07-4fcf-9ecb-cabdd648f2c7 info: BlobStorageContextMiddleware: Account=devstoreaccount1 Container=quality-docs Blob=
2025-09-01T14:26:52.243Z 16791a6e-9d07-4fcf-9ecb-cabdd648f2c7 verbose: DispatchMiddleware: Dispatching request...
2025-09-01T14:26:52.243Z 16791a6e-9d07-4fcf-9ecb-cabdd648f2c7 info: DispatchMiddleware: Operation=Container_Create
2025-09-01T14:26:52.244Z 16791a6e-9d07-4fcf-9ecb-cabdd648f2c7 verbose: AuthenticationMiddlewareFactory:createAuthenticationMiddleware() Validating authentications.
2025-09-01T14:26:52.244Z 16791a6e-9d07-4fcf-9ecb-cabdd648f2c7 info: PublicAccessAuthenticator:validate() Start validation against public access.
2025-09-01T14:26:52.244Z 16791a6e-9d07-4fcf-9ecb-cabdd648f2c7 debug: PublicAccessAuthenticator:validate() Getting account properties...
2025-09-01T14:26:52.244Z 16791a6e-9d07-4fcf-9ecb-cabdd648f2c7 debug: PublicAccessAuthenticator:validate() Retrieved account name from context: devstoreaccount1, container: quality-docs, blob: 
2025-09-01T14:26:52.244Z 16791a6e-9d07-4fcf-9ecb-cabdd648f2c7 debug: PublicAccessAuthenticator:validate() Public access type for container quality-docs is "container"
2025-09-01T14:26:52.244Z 16791a6e-9d07-4fcf-9ecb-cabdd648f2c7 debug: PublicAccessAuthenticator:validate() Operation Container_Create is not in container neither blob level public access list. Validation failed.
2025-09-01T14:26:52.244Z 16791a6e-9d07-4fcf-9ecb-cabdd648f2c7 info: BlobSharedKeyAuthenticator:validate() Start validation against account shared key authentication.
2025-09-01T14:26:52.244Z 16791a6e-9d07-4fcf-9ecb-cabdd648f2c7 info: BlobSharedKeyAuthenticator:validate() [STRING TO SIGN]:"PUT\n\n\n\n\n\n\n\n\n\n\n\nx-ms-blob-public-access:container\nx-ms-client-request-id:49ed8259-7f8a-4154-85f2-283f612c66ba\nx-ms-date:Mon, 01 Sep 2025 14:26:52 GMT\nx-ms-version:2025-07-05\n/devstoreaccount1/devstoreaccount1/quality-docs\nrestype:container"
2025-09-01T14:26:52.244Z 16791a6e-9d07-4fcf-9ecb-cabdd648f2c7 info: BlobSharedKeyAuthenticator:validate() Calculated authentication header based on key1: SharedKey devstoreaccount1:ujAFqryKRfrSRcFFbxY9QaTWAEWQbsc+Sq+miOuTZbE=
2025-09-01T14:26:52.244Z 16791a6e-9d07-4fcf-9ecb-cabdd648f2c7 info: BlobSharedKeyAuthenticator:validate() Signature 1 matched.
2025-09-01T14:26:52.244Z 16791a6e-9d07-4fcf-9ecb-cabdd648f2c7 verbose: DeserializerMiddleware: Start deserializing...
2025-09-01T14:26:52.244Z 16791a6e-9d07-4fcf-9ecb-cabdd648f2c7 info: HandlerMiddleware: DeserializedParameters={"options":{"metadata":{},"access":"container","requestId":"49ed8259-7f8a-4154-85f2-283f612c66ba","containerCpkScopeInfo":{}},"restype":"container","version":"2025-07-05"}
2025-09-01T14:26:52.245Z 16791a6e-9d07-4fcf-9ecb-cabdd648f2c7 error: ErrorMiddleware: Received a MiddlewareError, fill error information to HTTP response
2025-09-01T14:26:52.245Z 16791a6e-9d07-4fcf-9ecb-cabdd648f2c7 error: ErrorMiddleware: ErrorName=StorageError ErrorMessage=The specified container already exists.  ErrorHTTPStatusCode=409 ErrorHTTPStatusMessage=The specified container already exists. ErrorHTTPHeaders={"x-ms-error-code":"ContainerAlreadyExists","x-ms-request-id":"16791a6e-9d07-4fcf-9ecb-cabdd648f2c7"} ErrorHTTPBody="<?xml version=\"1.0\" encoding=\"UTF-8\" standalone=\"yes\"?>\n<Error>\n  <Code>ContainerAlreadyExists</Code>\n  <Message>The specified container already exists.\nRequestId:16791a6e-9d07-4fcf-9ecb-cabdd648f2c7\nTime:2025-09-01T14:26:52.244Z</Message>\n</Error>" ErrorStack="StorageError: The specified container already exists.\n    at StorageErrorFactory.getContainerAlreadyExists (C:\\QR Portal\\node_modules\\azurite\\dist\\src\\blob\\errors\\StorageErrorFactory.js:23:16)\n    at LokiBlobMetadataStore.createContainer (C:\\QR Portal\\node_modules\\azurite\\dist\\src\\blob\\persistence\\LokiBlobMetadataStore.js:299:49)\n    at ContainerHandler.create (C:\\QR Portal\\node_modules\\azurite\\dist\\src\\blob\\handlers\\ContainerHandler.js:44:34)\n    at C:\\QR Portal\\node_modules\\azurite\\dist\\src\\blob\\generated\\middleware\\HandlerMiddlewareFactory.js:58:18\n    at C:\\QR Portal\\node_modules\\azurite\\dist\\src\\blob\\generated\\ExpressMiddlewareFactory.js:78:63\n    at Layer.handle [as handle_request] (C:\\QR Portal\\node_modules\\azurite\\node_modules\\express\\lib\\router\\layer.js:95:5)\n    at trim_prefix (C:\\QR Portal\\node_modules\\azurite\\node_modules\\express\\lib\\router\\index.js:328:13)\n    at C:\\QR Portal\\node_modules\\azurite\\node_modules\\express\\lib\\router\\index.js:286:9\n    at Function.process_params (C:\\QR Portal\\node_modules\\azurite\\node_modules\\express\\lib\\router\\index.js:346:12)\n    at next (C:\\QR Portal\\node_modules\\azurite\\node_modules\\express\\lib\\router\\index.js:280:10)"
2025-09-01T14:26:52.245Z 16791a6e-9d07-4fcf-9ecb-cabdd648f2c7 error: ErrorMiddleware: Set HTTP code: 409
2025-09-01T14:26:52.245Z 16791a6e-9d07-4fcf-9ecb-cabdd648f2c7 error: ErrorMiddleware: Set HTTP status message: The specified container already exists.
2025-09-01T14:26:52.245Z 16791a6e-9d07-4fcf-9ecb-cabdd648f2c7 error: ErrorMiddleware: Set HTTP Header: x-ms-error-code=ContainerAlreadyExists
2025-09-01T14:26:52.245Z 16791a6e-9d07-4fcf-9ecb-cabdd648f2c7 error: ErrorMiddleware: Set HTTP Header: x-ms-request-id=16791a6e-9d07-4fcf-9ecb-cabdd648f2c7
2025-09-01T14:26:52.245Z 16791a6e-9d07-4fcf-9ecb-cabdd648f2c7 error: ErrorMiddleware: Set content type: application/xml
2025-09-01T14:26:52.245Z 16791a6e-9d07-4fcf-9ecb-cabdd648f2c7 error: ErrorMiddleware: Set HTTP body: "<?xml version=\"1.0\" encoding=\"UTF-8\" standalone=\"yes\"?>\n<Error>\n  <Code>ContainerAlreadyExists</Code>\n  <Message>The specified container already exists.\nRequestId:16791a6e-9d07-4fcf-9ecb-cabdd648f2c7\nTime:2025-09-01T14:26:52.244Z</Message>\n</Error>"
2025-09-01T14:26:52.245Z 16791a6e-9d07-4fcf-9ecb-cabdd648f2c7 verbose: Send Blob telemetry: B_Container_Create
2025-09-01T14:26:52.245Z 16791a6e-9d07-4fcf-9ecb-cabdd648f2c7 info: EndMiddleware: End response. TotalTimeInMS=2 StatusCode=409 StatusMessage=The specified container already exists. Headers={"server":"Azurite-Blob/3.35.0","x-ms-error-code":"ContainerAlreadyExists","x-ms-request-id":"16791a6e-9d07-4fcf-9ecb-cabdd648f2c7","content-type":"application/xml"}
2025-09-01T14:26:52.251Z 7c07fb29-b538-4653-b6f4-a1141c6bec1a info: BlobStorageContextMiddleware: RequestMethod=GET RequestURL=http://127.0.0.1/devstoreaccount1/quality-docs?comp=list&prefix=electric%2F&restype=container RequestHeaders:{"x-ms-version":"2025-07-05","accept":"application/xml","user-agent":"azsdk-js-azure-storage-blob/12.28.0 core-rest-pipeline/1.22.0 Node/22.18.0 OS/(x64-Windows_NT-10.0.26100)","x-ms-client-request-id":"8260b3ef-272d-4803-ba7e-472e5d892b1d","x-ms-date":"Mon, 01 Sep 2025 14:26:52 GMT","authorization":"SharedKey devstoreaccount1:iKJt6+rbbWqx/rWI1G/gt6FbW3Ca7EHnkiWmFvTE1kE=","host":"127.0.0.1:10000","connection":"keep-alive"} ClientIP=127.0.0.1 Protocol=http HTTPVersion=1.1
2025-09-01T14:26:52.251Z 7c07fb29-b538-4653-b6f4-a1141c6bec1a info: BlobStorageContextMiddleware: Account=devstoreaccount1 Container=quality-docs Blob=
2025-09-01T14:26:52.251Z 7c07fb29-b538-4653-b6f4-a1141c6bec1a verbose: DispatchMiddleware: Dispatching request...
2025-09-01T14:26:52.252Z 7c07fb29-b538-4653-b6f4-a1141c6bec1a info: DispatchMiddleware: Operation=Container_ListBlobFlatSegment
2025-09-01T14:26:52.252Z 7c07fb29-b538-4653-b6f4-a1141c6bec1a verbose: AuthenticationMiddlewareFactory:createAuthenticationMiddleware() Validating authentications.
2025-09-01T14:26:52.252Z 7c07fb29-b538-4653-b6f4-a1141c6bec1a info: PublicAccessAuthenticator:validate() Start validation against public access.
2025-09-01T14:26:52.252Z 7c07fb29-b538-4653-b6f4-a1141c6bec1a debug: PublicAccessAuthenticator:validate() Getting account properties...
2025-09-01T14:26:52.252Z 7c07fb29-b538-4653-b6f4-a1141c6bec1a debug: PublicAccessAuthenticator:validate() Retrieved account name from context: devstoreaccount1, container: quality-docs, blob: 
2025-09-01T14:26:52.252Z 7c07fb29-b538-4653-b6f4-a1141c6bec1a debug: PublicAccessAuthenticator:validate() Public access type for container quality-docs is "container"
2025-09-01T14:26:52.252Z 7c07fb29-b538-4653-b6f4-a1141c6bec1a debug: PublicAccessAuthenticator:validate() Operation Container_ListBlobFlatSegment is in container level public access list. Validation passed.
2025-09-01T14:26:52.252Z 7c07fb29-b538-4653-b6f4-a1141c6bec1a verbose: DeserializerMiddleware: Start deserializing...
2025-09-01T14:26:52.252Z 7c07fb29-b538-4653-b6f4-a1141c6bec1a info: HandlerMiddleware: DeserializedParameters={"options":{"prefix":"electric/","include":[],"requestId":"8260b3ef-272d-4803-ba7e-472e5d892b1d"},"restype":"container","comp":"list","version":"2025-07-05"}
2025-09-01T14:26:52.252Z 7c07fb29-b538-4653-b6f4-a1141c6bec1a verbose: SerializerMiddleware: Start serializing...
2025-09-01T14:26:52.253Z 7c07fb29-b538-4653-b6f4-a1141c6bec1a debug: Serializer: Raw response body string is <?xml version="1.0" encoding="UTF-8" standalone="yes"?><EnumerationResults ServiceEndpoint="http://127.0.0.1:10000/devstoreaccount1" ContainerName="quality-docs"><Prefix>electric/</Prefix><Marker/><MaxResults>5000</MaxResults><Blobs><Blob><Name>electric/Continuous-Assessment---1---Cryptography.pdf</Name><Properties><Creation-Time>Mon, 01 Sep 2025 13:02:58 GMT</Creation-Time><Last-Modified>Mon, 01 Sep 2025 13:02:58 GMT</Last-Modified><Etag>0x24BD2FA009B3CC0</Etag><Content-Length>186593</Content-Length><Content-Type>application/pdf</Content-Type><Content-MD5>urf7Oh04An5gpqYtson3dA==</Content-MD5><BlobType>BlockBlob</BlobType><LeaseStatus>unlocked</LeaseStatus><LeaseState>available</LeaseState><ServerEncrypted>true</ServerEncrypted><AccessTier>Hot</AccessTier><AccessTierInferred>true</AccessTierInferred><AccessTierChangeTime>Mon, 01 Sep 2025 13:02:58 GMT</AccessTierChangeTime></Properties></Blob></Blobs><NextMarker/></EnumerationResults>
2025-09-01T14:26:52.253Z 7c07fb29-b538-4653-b6f4-a1141c6bec1a info: Serializer: Start returning stream body.
2025-09-01T14:26:52.253Z 7c07fb29-b538-4653-b6f4-a1141c6bec1a verbose: Send Blob telemetry: B_Container_ListBlobFlatSegment
2025-09-01T14:26:52.253Z 7c07fb29-b538-4653-b6f4-a1141c6bec1a info: EndMiddleware: End response. TotalTimeInMS=2 StatusCode=200 StatusMessage=OK Headers={"server":"Azurite-Blob/3.35.0","content-type":"application/xml","x-ms-client-request-id":"8260b3ef-272d-4803-ba7e-472e5d892b1d","x-ms-request-id":"7c07fb29-b538-4653-b6f4-a1141c6bec1a","x-ms-version":"2025-11-05","date":"Mon, 01 Sep 2025 14:26:52 GMT"}
2025-09-01T14:26:52.261Z 02050656-9984-468e-a366-9e68d3cb27de info: BlobStorageContextMiddleware: RequestMethod=DELETE RequestURL=http://127.0.0.1/devstoreaccount1/quality-docs/electric/Continuous-Assessment---1---Cryptography.pdf RequestHeaders:{"x-ms-version":"2025-07-05","accept":"application/xml","user-agent":"azsdk-js-azure-storage-blob/12.28.0 core-rest-pipeline/1.22.0 Node/22.18.0 OS/(x64-Windows_NT-10.0.26100)","x-ms-client-request-id":"7403d3cf-cc78-4ca7-8569-844f3d2b98db","x-ms-date":"Mon, 01 Sep 2025 14:26:52 GMT","authorization":"SharedKey devstoreaccount1:utjh9N6MD2nphR7/trL/we9GC4Md8XheG8nFriSws7w=","host":"127.0.0.1:10000","connection":"keep-alive"} ClientIP=127.0.0.1 Protocol=http HTTPVersion=1.1
2025-09-01T14:26:52.261Z 02050656-9984-468e-a366-9e68d3cb27de info: BlobStorageContextMiddleware: Account=devstoreaccount1 Container=quality-docs Blob=electric/Continuous-Assessment---1---Cryptography.pdf
2025-09-01T14:26:52.261Z 02050656-9984-468e-a366-9e68d3cb27de verbose: DispatchMiddleware: Dispatching request...
2025-09-01T14:26:52.262Z 02050656-9984-468e-a366-9e68d3cb27de info: DispatchMiddleware: Operation=Blob_Delete
2025-09-01T14:26:52.262Z 02050656-9984-468e-a366-9e68d3cb27de verbose: AuthenticationMiddlewareFactory:createAuthenticationMiddleware() Validating authentications.
2025-09-01T14:26:52.262Z 02050656-9984-468e-a366-9e68d3cb27de info: PublicAccessAuthenticator:validate() Start validation against public access.
2025-09-01T14:26:52.262Z 02050656-9984-468e-a366-9e68d3cb27de debug: PublicAccessAuthenticator:validate() Getting account properties...
2025-09-01T14:26:52.262Z 02050656-9984-468e-a366-9e68d3cb27de debug: PublicAccessAuthenticator:validate() Retrieved account name from context: devstoreaccount1, container: quality-docs, blob: electric/Continuous-Assessment---1---Cryptography.pdf
2025-09-01T14:26:52.262Z 02050656-9984-468e-a366-9e68d3cb27de debug: PublicAccessAuthenticator:validate() Public access type for container quality-docs is "container"
2025-09-01T14:26:52.262Z 02050656-9984-468e-a366-9e68d3cb27de debug: PublicAccessAuthenticator:validate() Operation Blob_Delete is not in container neither blob level public access list. Validation failed.
2025-09-01T14:26:52.262Z 02050656-9984-468e-a366-9e68d3cb27de info: BlobSharedKeyAuthenticator:validate() Start validation against account shared key authentication.
2025-09-01T14:26:52.262Z 02050656-9984-468e-a366-9e68d3cb27de info: BlobSharedKeyAuthenticator:validate() [STRING TO SIGN]:"DELETE\n\n\n\n\n\n\n\n\n\n\n\nx-ms-client-request-id:7403d3cf-cc78-4ca7-8569-844f3d2b98db\nx-ms-date:Mon, 01 Sep 2025 14:26:52 GMT\nx-ms-version:2025-07-05\n/devstoreaccount1/devstoreaccount1/quality-docs/electric/Continuous-Assessment---1---Cryptography.pdf"
2025-09-01T14:26:52.262Z 02050656-9984-468e-a366-9e68d3cb27de info: BlobSharedKeyAuthenticator:validate() Calculated authentication header based on key1: SharedKey devstoreaccount1:utjh9N6MD2nphR7/trL/we9GC4Md8XheG8nFriSws7w=
2025-09-01T14:26:52.262Z 02050656-9984-468e-a366-9e68d3cb27de info: BlobSharedKeyAuthenticator:validate() Signature 1 matched.
2025-09-01T14:26:52.262Z 02050656-9984-468e-a366-9e68d3cb27de verbose: DeserializerMiddleware: Start deserializing...
2025-09-01T14:26:52.262Z 02050656-9984-468e-a366-9e68d3cb27de info: HandlerMiddleware: DeserializedParameters={"options":{"requestId":"7403d3cf-cc78-4ca7-8569-844f3d2b98db","leaseAccessConditions":{},"modifiedAccessConditions":{}},"version":"2025-07-05"}
2025-09-01T14:26:52.262Z 02050656-9984-468e-a366-9e68d3cb27de verbose: SerializerMiddleware: Start serializing...
2025-09-01T14:26:52.263Z 02050656-9984-468e-a366-9e68d3cb27de verbose: Send Blob telemetry: B_Blob_Delete
2025-09-01T14:26:52.263Z 02050656-9984-468e-a366-9e68d3cb27de info: EndMiddleware: End response. TotalTimeInMS=2 StatusCode=202 StatusMessage=undefined Headers={"server":"Azurite-Blob/3.35.0","x-ms-client-request-id":"7403d3cf-cc78-4ca7-8569-844f3d2b98db","x-ms-request-id":"02050656-9984-468e-a366-9e68d3cb27de","x-ms-version":"2025-11-05","date":"Mon, 01 Sep 2025 14:26:52 GMT","x-ms-delete-type-permanent":"true"}
2025-09-01T14:27:16.300Z 	 info: AccountDataStore:init() Refresh accounts from environment variable AZURITE_ACCOUNTS with value undefined
2025-09-01T14:27:16.300Z 	 info: AccountDataStore:init() Fallback to default emulator account devstoreaccount1.
2025-09-01T14:27:16.300Z 	 info: AccountDataStore:init() Refresh accounts from environment variable AZURITE_ACCOUNTS with value undefined
2025-09-01T14:27:16.300Z 	 info: AccountDataStore:init() Fallback to default emulator account devstoreaccount1.
2025-09-01T14:27:16.377Z 	 info: QueueGCManager:markSweepLoop() Start new mark and sweep.
2025-09-01T14:27:16.377Z 	 info: QueueGCManger:markSweep() Get all extents.
2025-09-01T14:27:16.378Z 	 info: QueueGCManager:marksweep() Get 0 extents.
2025-09-01T14:27:16.378Z 	 info: QueueGCManager:markSweep() Get referred extents, then remove from allExtents.
2025-09-01T14:27:16.378Z 	 info: QueueGCManager:markSweep() Got referred extents, unreferenced extents count is 0.
2025-09-01T14:27:16.378Z 	 info: QueueGCManager:markSweepLoop() Mark and sweep finished, take 1ms.
2025-09-01T14:27:16.378Z 	 info: QueueGCManager:markSweepLoop() Sleep for 60000
2025-09-01T14:27:16.378Z 	 info: AccountDataStore:init() Refresh accounts from environment variable AZURITE_ACCOUNTS with value undefined
2025-09-01T14:27:16.378Z 	 info: AccountDataStore:init() Fallback to default emulator account devstoreaccount1.
2025-09-01T14:28:16.305Z 	 info: AccountDataStore:init() Refresh accounts from environment variable AZURITE_ACCOUNTS with value undefined
2025-09-01T14:28:16.305Z 	 info: AccountDataStore:init() Fallback to default emulator account devstoreaccount1.
2025-09-01T14:28:16.305Z 	 info: AccountDataStore:init() Refresh accounts from environment variable AZURITE_ACCOUNTS with value undefined
2025-09-01T14:28:16.305Z 	 info: AccountDataStore:init() Fallback to default emulator account devstoreaccount1.
2025-09-01T14:28:16.383Z 	 info: QueueGCManager:markSweepLoop() Start new mark and sweep.
2025-09-01T14:28:16.383Z 	 info: QueueGCManger:markSweep() Get all extents.
2025-09-01T14:28:16.383Z 	 info: QueueGCManager:marksweep() Get 0 extents.
2025-09-01T14:28:16.383Z 	 info: QueueGCManager:markSweep() Get referred extents, then remove from allExtents.
2025-09-01T14:28:16.383Z 	 info: QueueGCManager:markSweep() Got referred extents, unreferenced extents count is 0.
2025-09-01T14:28:16.383Z 	 info: QueueGCManager:markSweepLoop() Mark and sweep finished, take 0ms.
2025-09-01T14:28:16.383Z 	 info: QueueGCManager:markSweepLoop() Sleep for 60000
2025-09-01T14:28:16.383Z 	 info: AccountDataStore:init() Refresh accounts from environment variable AZURITE_ACCOUNTS with value undefined
2025-09-01T14:28:16.383Z 	 info: AccountDataStore:init() Fallback to default emulator account devstoreaccount1.
2025-09-01T14:29:16.309Z 	 info: AccountDataStore:init() Refresh accounts from environment variable AZURITE_ACCOUNTS with value undefined
2025-09-01T14:29:16.309Z 	 info: AccountDataStore:init() Fallback to default emulator account devstoreaccount1.
2025-09-01T14:29:16.310Z 	 info: AccountDataStore:init() Refresh accounts from environment variable AZURITE_ACCOUNTS with value undefined
2025-09-01T14:29:16.310Z 	 info: AccountDataStore:init() Fallback to default emulator account devstoreaccount1.
2025-09-01T14:29:16.387Z 	 info: QueueGCManager:markSweepLoop() Start new mark and sweep.
2025-09-01T14:29:16.388Z 	 info: QueueGCManger:markSweep() Get all extents.
2025-09-01T14:29:16.388Z 	 info: QueueGCManager:marksweep() Get 0 extents.
2025-09-01T14:29:16.388Z 	 info: QueueGCManager:markSweep() Get referred extents, then remove from allExtents.
2025-09-01T14:29:16.388Z 	 info: QueueGCManager:markSweep() Got referred extents, unreferenced extents count is 0.
2025-09-01T14:29:16.388Z 	 info: QueueGCManager:markSweepLoop() Mark and sweep finished, take 0ms.
2025-09-01T14:29:16.388Z 	 info: QueueGCManager:markSweepLoop() Sleep for 60000
2025-09-01T14:29:16.388Z 	 info: AccountDataStore:init() Refresh accounts from environment variable AZURITE_ACCOUNTS with value undefined
2025-09-01T14:29:16.388Z 	 info: AccountDataStore:init() Fallback to default emulator account devstoreaccount1.
2025-09-01T14:30:16.310Z 	 info: AccountDataStore:init() Refresh accounts from environment variable AZURITE_ACCOUNTS with value undefined
2025-09-01T14:30:16.311Z 	 info: AccountDataStore:init() Fallback to default emulator account devstoreaccount1.
2025-09-01T14:30:16.311Z 	 info: AccountDataStore:init() Refresh accounts from environment variable AZURITE_ACCOUNTS with value undefined
2025-09-01T14:30:16.311Z 	 info: AccountDataStore:init() Fallback to default emulator account devstoreaccount1.
2025-09-01T14:30:16.401Z 	 info: QueueGCManager:markSweepLoop() Start new mark and sweep.
2025-09-01T14:30:16.402Z 	 info: QueueGCManger:markSweep() Get all extents.
2025-09-01T14:30:16.402Z 	 info: QueueGCManager:marksweep() Get 0 extents.
2025-09-01T14:30:16.402Z 	 info: QueueGCManager:markSweep() Get referred extents, then remove from allExtents.
2025-09-01T14:30:16.402Z 	 info: QueueGCManager:markSweep() Got referred extents, unreferenced extents count is 0.
2025-09-01T14:30:16.402Z 	 info: QueueGCManager:markSweepLoop() Mark and sweep finished, take 0ms.
2025-09-01T14:30:16.402Z 	 info: QueueGCManager:markSweepLoop() Sleep for 60000
2025-09-01T14:30:16.402Z 	 info: AccountDataStore:init() Refresh accounts from environment variable AZURITE_ACCOUNTS with value undefined
2025-09-01T14:30:16.402Z 	 info: AccountDataStore:init() Fallback to default emulator account devstoreaccount1.
2025-09-01T14:31:16.320Z 	 info: AccountDataStore:init() Refresh accounts from environment variable AZURITE_ACCOUNTS with value undefined
2025-09-01T14:31:16.320Z 	 info: AccountDataStore:init() Fallback to default emulator account devstoreaccount1.
2025-09-01T14:31:16.320Z 	 info: AccountDataStore:init() Refresh accounts from environment variable AZURITE_ACCOUNTS with value undefined
2025-09-01T14:31:16.320Z 	 info: AccountDataStore:init() Fallback to default emulator account devstoreaccount1.
2025-09-01T14:31:16.412Z 	 info: QueueGCManager:markSweepLoop() Start new mark and sweep.
2025-09-01T14:31:16.412Z 	 info: QueueGCManger:markSweep() Get all extents.
2025-09-01T14:31:16.412Z 	 info: QueueGCManager:marksweep() Get 0 extents.
2025-09-01T14:31:16.412Z 	 info: QueueGCManager:markSweep() Get referred extents, then remove from allExtents.
2025-09-01T14:31:16.412Z 	 info: QueueGCManager:markSweep() Got referred extents, unreferenced extents count is 0.
2025-09-01T14:31:16.412Z 	 info: QueueGCManager:markSweepLoop() Mark and sweep finished, take 0ms.
2025-09-01T14:31:16.412Z 	 info: QueueGCManager:markSweepLoop() Sleep for 60000
2025-09-01T14:31:16.412Z 	 info: AccountDataStore:init() Refresh accounts from environment variable AZURITE_ACCOUNTS with value undefined
2025-09-01T14:31:16.412Z 	 info: AccountDataStore:init() Fallback to default emulator account devstoreaccount1.
2025-09-01T14:32:16.323Z 	 info: AccountDataStore:init() Refresh accounts from environment variable AZURITE_ACCOUNTS with value undefined
2025-09-01T14:32:16.323Z 	 info: AccountDataStore:init() Fallback to default emulator account devstoreaccount1.
2025-09-01T14:32:16.323Z 	 info: AccountDataStore:init() Refresh accounts from environment variable AZURITE_ACCOUNTS with value undefined
2025-09-01T14:32:16.323Z 	 info: AccountDataStore:init() Fallback to default emulator account devstoreaccount1.
2025-09-01T14:32:16.415Z 	 info: QueueGCManager:markSweepLoop() Start new mark and sweep.
2025-09-01T14:32:16.415Z 	 info: QueueGCManger:markSweep() Get all extents.
2025-09-01T14:32:16.415Z 	 info: QueueGCManager:marksweep() Get 0 extents.
2025-09-01T14:32:16.415Z 	 info: QueueGCManager:markSweep() Get referred extents, then remove from allExtents.
2025-09-01T14:32:16.416Z 	 info: QueueGCManager:markSweep() Got referred extents, unreferenced extents count is 0.
2025-09-01T14:32:16.416Z 	 info: QueueGCManager:markSweepLoop() Mark and sweep finished, take 1ms.
2025-09-01T14:32:16.416Z 	 info: QueueGCManager:markSweepLoop() Sleep for 60000
2025-09-01T14:32:16.416Z 	 info: AccountDataStore:init() Refresh accounts from environment variable AZURITE_ACCOUNTS with value undefined
2025-09-01T14:32:16.416Z 	 info: AccountDataStore:init() Fallback to default emulator account devstoreaccount1.
2025-09-01T14:33:16.330Z 	 info: AccountDataStore:init() Refresh accounts from environment variable AZURITE_ACCOUNTS with value undefined
2025-09-01T14:33:16.330Z 	 info: AccountDataStore:init() Fallback to default emulator account devstoreaccount1.
2025-09-01T14:33:16.331Z 	 info: AccountDataStore:init() Refresh accounts from environment variable AZURITE_ACCOUNTS with value undefined
2025-09-01T14:33:16.331Z 	 info: AccountDataStore:init() Fallback to default emulator account devstoreaccount1.
2025-09-01T14:33:16.423Z 	 info: QueueGCManager:markSweepLoop() Start new mark and sweep.
2025-09-01T14:33:16.423Z 	 info: QueueGCManger:markSweep() Get all extents.
2025-09-01T14:33:16.423Z 	 info: QueueGCManager:marksweep() Get 0 extents.
2025-09-01T14:33:16.423Z 	 info: QueueGCManager:markSweep() Get referred extents, then remove from allExtents.
2025-09-01T14:33:16.423Z 	 info: QueueGCManager:markSweep() Got referred extents, unreferenced extents count is 0.
2025-09-01T14:33:16.423Z 	 info: QueueGCManager:markSweepLoop() Mark and sweep finished, take 0ms.
2025-09-01T14:33:16.423Z 	 info: QueueGCManager:markSweepLoop() Sleep for 60000
2025-09-01T14:33:16.423Z 	 info: AccountDataStore:init() Refresh accounts from environment variable AZURITE_ACCOUNTS with value undefined
2025-09-01T14:33:16.423Z 	 info: AccountDataStore:init() Fallback to default emulator account devstoreaccount1.
2025-09-01T14:34:16.333Z 	 info: AccountDataStore:init() Refresh accounts from environment variable AZURITE_ACCOUNTS with value undefined
2025-09-01T14:34:16.333Z 	 info: AccountDataStore:init() Fallback to default emulator account devstoreaccount1.
2025-09-01T14:34:16.333Z 	 info: AccountDataStore:init() Refresh accounts from environment variable AZURITE_ACCOUNTS with value undefined
2025-09-01T14:34:16.333Z 	 info: AccountDataStore:init() Fallback to default emulator account devstoreaccount1.
2025-09-01T14:34:16.426Z 	 info: QueueGCManager:markSweepLoop() Start new mark and sweep.
2025-09-01T14:34:16.426Z 	 info: QueueGCManger:markSweep() Get all extents.
2025-09-01T14:34:16.426Z 	 info: QueueGCManager:marksweep() Get 0 extents.
2025-09-01T14:34:16.427Z 	 info: QueueGCManager:markSweep() Get referred extents, then remove from allExtents.
2025-09-01T14:34:16.427Z 	 info: QueueGCManager:markSweep() Got referred extents, unreferenced extents count is 0.
2025-09-01T14:34:16.427Z 	 info: QueueGCManager:markSweepLoop() Mark and sweep finished, take 1ms.
2025-09-01T14:34:16.427Z 	 info: QueueGCManager:markSweepLoop() Sleep for 60000
2025-09-01T14:34:16.427Z 	 info: AccountDataStore:init() Refresh accounts from environment variable AZURITE_ACCOUNTS with value undefined
2025-09-01T14:34:16.427Z 	 info: AccountDataStore:init() Fallback to default emulator account devstoreaccount1.
2025-09-01T14:35:16.348Z 	 info: AccountDataStore:init() Refresh accounts from environment variable AZURITE_ACCOUNTS with value undefined
2025-09-01T14:35:16.349Z 	 info: AccountDataStore:init() Fallback to default emulator account devstoreaccount1.
2025-09-01T14:35:16.349Z 	 info: AccountDataStore:init() Refresh accounts from environment variable AZURITE_ACCOUNTS with value undefined
2025-09-01T14:35:16.349Z 	 info: AccountDataStore:init() Fallback to default emulator account devstoreaccount1.
2025-09-01T14:35:16.442Z 	 info: QueueGCManager:markSweepLoop() Start new mark and sweep.
2025-09-01T14:35:16.442Z 	 info: QueueGCManger:markSweep() Get all extents.
2025-09-01T14:35:16.442Z 	 info: QueueGCManager:marksweep() Get 0 extents.
2025-09-01T14:35:16.442Z 	 info: QueueGCManager:markSweep() Get referred extents, then remove from allExtents.
2025-09-01T14:35:16.442Z 	 info: QueueGCManager:markSweep() Got referred extents, unreferenced extents count is 0.
2025-09-01T14:35:16.442Z 	 info: QueueGCManager:markSweepLoop() Mark and sweep finished, take 0ms.
2025-09-01T14:35:16.442Z 	 info: QueueGCManager:markSweepLoop() Sleep for 60000
2025-09-01T14:35:16.442Z 	 info: AccountDataStore:init() Refresh accounts from environment variable AZURITE_ACCOUNTS with value undefined
2025-09-01T14:35:16.442Z 	 info: AccountDataStore:init() Fallback to default emulator account devstoreaccount1.
2025-09-01T14:36:14.647Z 	 info: BlobGCManager:markSweepLoop() Start next mark and sweep.
2025-09-01T14:36:14.647Z 	 info: BlobGCManager:markSweep() Get all extents.
2025-09-01T14:36:14.647Z 	 info: BlobGCManager:markSweep() Got 1 extents.
2025-09-01T14:36:14.647Z 	 info: BlobGCManager:markSweep() Get referred extents.
2025-09-01T14:36:14.648Z 	 info: BlobGCManager:markSweep() Got referred extents, unreferenced extents count is 0.
2025-09-01T14:36:14.648Z 	 info: BlobGCManager:markSweepLoop() Mark and sweep finished, taken 1ms.
2025-09-01T14:36:14.648Z 	 info: BlobGCManager:markSweepLoop() Sleep for 600000ms.
2025-09-01T14:36:16.359Z 	 info: AccountDataStore:init() Refresh accounts from environment variable AZURITE_ACCOUNTS with value undefined
2025-09-01T14:36:16.360Z 	 info: AccountDataStore:init() Fallback to default emulator account devstoreaccount1.
2025-09-01T14:36:16.360Z 	 info: AccountDataStore:init() Refresh accounts from environment variable AZURITE_ACCOUNTS with value undefined
2025-09-01T14:36:16.360Z 	 info: AccountDataStore:init() Fallback to default emulator account devstoreaccount1.
2025-09-01T14:36:16.452Z 	 info: QueueGCManager:markSweepLoop() Start new mark and sweep.
2025-09-01T14:36:16.452Z 	 info: QueueGCManger:markSweep() Get all extents.
2025-09-01T14:36:16.452Z 	 info: QueueGCManager:marksweep() Get 0 extents.
2025-09-01T14:36:16.452Z 	 info: QueueGCManager:markSweep() Get referred extents, then remove from allExtents.
2025-09-01T14:36:16.452Z 	 info: QueueGCManager:markSweep() Got referred extents, unreferenced extents count is 0.
2025-09-01T14:36:16.452Z 	 info: QueueGCManager:markSweepLoop() Mark and sweep finished, take 0ms.
2025-09-01T14:36:16.452Z 	 info: QueueGCManager:markSweepLoop() Sleep for 60000
2025-09-01T14:36:16.453Z 	 info: AccountDataStore:init() Refresh accounts from environment variable AZURITE_ACCOUNTS with value undefined
2025-09-01T14:36:16.453Z 	 info: AccountDataStore:init() Fallback to default emulator account devstoreaccount1.
2025-09-01T14:37:16.369Z 	 info: AccountDataStore:init() Refresh accounts from environment variable AZURITE_ACCOUNTS with value undefined
2025-09-01T14:37:16.369Z 	 info: AccountDataStore:init() Fallback to default emulator account devstoreaccount1.
2025-09-01T14:37:16.369Z 	 info: AccountDataStore:init() Refresh accounts from environment variable AZURITE_ACCOUNTS with value undefined
2025-09-01T14:37:16.369Z 	 info: AccountDataStore:init() Fallback to default emulator account devstoreaccount1.
2025-09-01T14:37:16.461Z 	 info: QueueGCManager:markSweepLoop() Start new mark and sweep.
2025-09-01T14:37:16.461Z 	 info: QueueGCManger:markSweep() Get all extents.
2025-09-01T14:37:16.461Z 	 info: QueueGCManager:marksweep() Get 0 extents.
2025-09-01T14:37:16.461Z 	 info: QueueGCManager:markSweep() Get referred extents, then remove from allExtents.
2025-09-01T14:37:16.461Z 	 info: QueueGCManager:markSweep() Got referred extents, unreferenced extents count is 0.
2025-09-01T14:37:16.461Z 	 info: QueueGCManager:markSweepLoop() Mark and sweep finished, take 0ms.
2025-09-01T14:37:16.461Z 	 info: QueueGCManager:markSweepLoop() Sleep for 60000
2025-09-01T14:37:16.462Z 	 info: AccountDataStore:init() Refresh accounts from environment variable AZURITE_ACCOUNTS with value undefined
2025-09-01T14:37:16.462Z 	 info: AccountDataStore:init() Fallback to default emulator account devstoreaccount1.
2025-09-01T14:38:16.382Z 	 info: AccountDataStore:init() Refresh accounts from environment variable AZURITE_ACCOUNTS with value undefined
2025-09-01T14:38:16.382Z 	 info: AccountDataStore:init() Fallback to default emulator account devstoreaccount1.
2025-09-01T14:38:16.382Z 	 info: AccountDataStore:init() Refresh accounts from environment variable AZURITE_ACCOUNTS with value undefined
2025-09-01T14:38:16.382Z 	 info: AccountDataStore:init() Fallback to default emulator account devstoreaccount1.
2025-09-01T14:38:16.474Z 	 info: QueueGCManager:markSweepLoop() Start new mark and sweep.
2025-09-01T14:38:16.474Z 	 info: QueueGCManger:markSweep() Get all extents.
2025-09-01T14:38:16.474Z 	 info: QueueGCManager:marksweep() Get 0 extents.
2025-09-01T14:38:16.474Z 	 info: QueueGCManager:markSweep() Get referred extents, then remove from allExtents.
2025-09-01T14:38:16.474Z 	 info: QueueGCManager:markSweep() Got referred extents, unreferenced extents count is 0.
2025-09-01T14:38:16.474Z 	 info: QueueGCManager:markSweepLoop() Mark and sweep finished, take 0ms.
2025-09-01T14:38:16.474Z 	 info: QueueGCManager:markSweepLoop() Sleep for 60000
2025-09-01T14:38:16.474Z 	 info: AccountDataStore:init() Refresh accounts from environment variable AZURITE_ACCOUNTS with value undefined
2025-09-01T14:38:16.474Z 	 info: AccountDataStore:init() Fallback to default emulator account devstoreaccount1.
2025-09-01T14:39:16.397Z 	 info: AccountDataStore:init() Refresh accounts from environment variable AZURITE_ACCOUNTS with value undefined
2025-09-01T14:39:16.397Z 	 info: AccountDataStore:init() Fallback to default emulator account devstoreaccount1.
2025-09-01T14:39:16.397Z 	 info: AccountDataStore:init() Refresh accounts from environment variable AZURITE_ACCOUNTS with value undefined
2025-09-01T14:39:16.397Z 	 info: AccountDataStore:init() Fallback to default emulator account devstoreaccount1.
2025-09-01T14:39:16.488Z 	 info: QueueGCManager:markSweepLoop() Start new mark and sweep.
2025-09-01T14:39:16.488Z 	 info: QueueGCManger:markSweep() Get all extents.
2025-09-01T14:39:16.488Z 	 info: QueueGCManager:marksweep() Get 0 extents.
2025-09-01T14:39:16.488Z 	 info: QueueGCManager:markSweep() Get referred extents, then remove from allExtents.
2025-09-01T14:39:16.488Z 	 info: QueueGCManager:markSweep() Got referred extents, unreferenced extents count is 0.
2025-09-01T14:39:16.488Z 	 info: QueueGCManager:markSweepLoop() Mark and sweep finished, take 0ms.
2025-09-01T14:39:16.488Z 	 info: QueueGCManager:markSweepLoop() Sleep for 60000
2025-09-01T14:39:16.488Z 	 info: AccountDataStore:init() Refresh accounts from environment variable AZURITE_ACCOUNTS with value undefined
2025-09-01T14:39:16.488Z 	 info: AccountDataStore:init() Fallback to default emulator account devstoreaccount1.
2025-09-01T14:40:16.411Z 	 info: AccountDataStore:init() Refresh accounts from environment variable AZURITE_ACCOUNTS with value undefined
2025-09-01T14:40:16.412Z 	 info: AccountDataStore:init() Fallback to default emulator account devstoreaccount1.
2025-09-01T14:40:16.412Z 	 info: AccountDataStore:init() Refresh accounts from environment variable AZURITE_ACCOUNTS with value undefined
2025-09-01T14:40:16.412Z 	 info: AccountDataStore:init() Fallback to default emulator account devstoreaccount1.
2025-09-01T14:40:16.490Z 	 info: QueueGCManager:markSweepLoop() Start new mark and sweep.
2025-09-01T14:40:16.491Z 	 info: QueueGCManger:markSweep() Get all extents.
2025-09-01T14:40:16.491Z 	 info: QueueGCManager:marksweep() Get 0 extents.
2025-09-01T14:40:16.491Z 	 info: QueueGCManager:markSweep() Get referred extents, then remove from allExtents.
2025-09-01T14:40:16.491Z 	 info: QueueGCManager:markSweep() Got referred extents, unreferenced extents count is 0.
2025-09-01T14:40:16.491Z 	 info: QueueGCManager:markSweepLoop() Mark and sweep finished, take 0ms.
2025-09-01T14:40:16.491Z 	 info: QueueGCManager:markSweepLoop() Sleep for 60000
2025-09-01T14:40:16.491Z 	 info: AccountDataStore:init() Refresh accounts from environment variable AZURITE_ACCOUNTS with value undefined
2025-09-01T14:40:16.491Z 	 info: AccountDataStore:init() Fallback to default emulator account devstoreaccount1.
2025-09-01T14:41:16.416Z 	 info: AccountDataStore:init() Refresh accounts from environment variable AZURITE_ACCOUNTS with value undefined
2025-09-01T14:41:16.416Z 	 info: AccountDataStore:init() Fallback to default emulator account devstoreaccount1.
2025-09-01T14:41:16.416Z 	 info: AccountDataStore:init() Refresh accounts from environment variable AZURITE_ACCOUNTS with value undefined
2025-09-01T14:41:16.416Z 	 info: AccountDataStore:init() Fallback to default emulator account devstoreaccount1.
2025-09-01T14:41:16.493Z 	 info: QueueGCManager:markSweepLoop() Start new mark and sweep.
2025-09-01T14:41:16.494Z 	 info: QueueGCManger:markSweep() Get all extents.
2025-09-01T14:41:16.494Z 	 info: QueueGCManager:marksweep() Get 0 extents.
2025-09-01T14:41:16.494Z 	 info: QueueGCManager:markSweep() Get referred extents, then remove from allExtents.
2025-09-01T14:41:16.494Z 	 info: QueueGCManager:markSweep() Got referred extents, unreferenced extents count is 0.
2025-09-01T14:41:16.494Z 	 info: QueueGCManager:markSweepLoop() Mark and sweep finished, take 0ms.
2025-09-01T14:41:16.494Z 	 info: QueueGCManager:markSweepLoop() Sleep for 60000
2025-09-01T14:41:16.494Z 	 info: AccountDataStore:init() Refresh accounts from environment variable AZURITE_ACCOUNTS with value undefined
2025-09-01T14:41:16.494Z 	 info: AccountDataStore:init() Fallback to default emulator account devstoreaccount1.
2025-09-01T14:42:16.427Z 	 info: AccountDataStore:init() Refresh accounts from environment variable AZURITE_ACCOUNTS with value undefined
2025-09-01T14:42:16.427Z 	 info: AccountDataStore:init() Fallback to default emulator account devstoreaccount1.
2025-09-01T14:42:16.427Z 	 info: AccountDataStore:init() Refresh accounts from environment variable AZURITE_ACCOUNTS with value undefined
2025-09-01T14:42:16.427Z 	 info: AccountDataStore:init() Fallback to default emulator account devstoreaccount1.
2025-09-01T14:42:16.505Z 	 info: QueueGCManager:markSweepLoop() Start new mark and sweep.
2025-09-01T14:42:16.506Z 	 info: QueueGCManger:markSweep() Get all extents.
2025-09-01T14:42:16.506Z 	 info: QueueGCManager:marksweep() Get 0 extents.
2025-09-01T14:42:16.506Z 	 info: QueueGCManager:markSweep() Get referred extents, then remove from allExtents.
2025-09-01T14:42:16.506Z 	 info: QueueGCManager:markSweep() Got referred extents, unreferenced extents count is 0.
2025-09-01T14:42:16.506Z 	 info: QueueGCManager:markSweepLoop() Mark and sweep finished, take 0ms.
2025-09-01T14:42:16.506Z 	 info: QueueGCManager:markSweepLoop() Sleep for 60000
2025-09-01T14:42:16.506Z 	 info: AccountDataStore:init() Refresh accounts from environment variable AZURITE_ACCOUNTS with value undefined
2025-09-01T14:42:16.506Z 	 info: AccountDataStore:init() Fallback to default emulator account devstoreaccount1.
2025-09-01T14:43:16.442Z 	 info: AccountDataStore:init() Refresh accounts from environment variable AZURITE_ACCOUNTS with value undefined
2025-09-01T14:43:16.442Z 	 info: AccountDataStore:init() Fallback to default emulator account devstoreaccount1.
2025-09-01T14:43:16.442Z 	 info: AccountDataStore:init() Refresh accounts from environment variable AZURITE_ACCOUNTS with value undefined
2025-09-01T14:43:16.442Z 	 info: AccountDataStore:init() Fallback to default emulator account devstoreaccount1.
2025-09-01T14:43:16.518Z 	 info: QueueGCManager:markSweepLoop() Start new mark and sweep.
2025-09-01T14:43:16.520Z 	 info: QueueGCManger:markSweep() Get all extents.
2025-09-01T14:43:16.520Z 	 info: QueueGCManager:marksweep() Get 0 extents.
2025-09-01T14:43:16.520Z 	 info: QueueGCManager:markSweep() Get referred extents, then remove from allExtents.
2025-09-01T14:43:16.520Z 	 info: QueueGCManager:markSweep() Got referred extents, unreferenced extents count is 0.
2025-09-01T14:43:16.520Z 	 info: QueueGCManager:markSweepLoop() Mark and sweep finished, take 0ms.
2025-09-01T14:43:16.520Z 	 info: QueueGCManager:markSweepLoop() Sleep for 60000
2025-09-01T14:43:16.520Z 	 info: AccountDataStore:init() Refresh accounts from environment variable AZURITE_ACCOUNTS with value undefined
2025-09-01T14:43:16.520Z 	 info: AccountDataStore:init() Fallback to default emulator account devstoreaccount1.
2025-09-01T14:43:59.979Z 88173b41-09e4-4e08-88fb-d40c5261bc4a info: BlobStorageContextMiddleware: RequestMethod=GET RequestURL=http://127.0.0.1/devstoreaccount1/quality-docs/testing/Continuous-Assessment---1---Cryptography.pdf RequestHeaders:{"host":"127.0.0.1:10000","connection":"keep-alive","upgrade-insecure-requests":"1","user-agent":"Mozilla/5.0 (Windows NT 10.0; Win64; x64) AppleWebKit/537.36 (KHTML, like Gecko) Chrome/136.0.0.0 Safari/537.36","accept-language":"en-US,en;q=0.9","accept":"text/html,application/xhtml+xml,application/xml;q=0.9,image/avif,image/webp,image/apng,*/*;q=0.8,application/signed-exchange;v=b3;q=0.7","sec-fetch-site":"cross-site","sec-fetch-mode":"navigate","sec-fetch-user":"?1","sec-fetch-dest":"document","sec-ch-ua":"\"Not.A/Brand\";v=\"99\", \"Chromium\";v=\"136\"","sec-ch-ua-mobile":"?0","sec-ch-ua-platform":"\"Windows\"","accept-encoding":"gzip, deflate, br, zstd"} ClientIP=127.0.0.1 Protocol=http HTTPVersion=1.1
2025-09-01T14:43:59.979Z 88173b41-09e4-4e08-88fb-d40c5261bc4a info: BlobStorageContextMiddleware: Account=devstoreaccount1 Container=quality-docs Blob=testing/Continuous-Assessment---1---Cryptography.pdf
2025-09-01T14:43:59.979Z 88173b41-09e4-4e08-88fb-d40c5261bc4a verbose: DispatchMiddleware: Dispatching request...
2025-09-01T14:43:59.979Z 88173b41-09e4-4e08-88fb-d40c5261bc4a info: DispatchMiddleware: Operation=Blob_Download
2025-09-01T14:43:59.979Z 88173b41-09e4-4e08-88fb-d40c5261bc4a verbose: AuthenticationMiddlewareFactory:createAuthenticationMiddleware() Validating authentications.
2025-09-01T14:43:59.979Z 88173b41-09e4-4e08-88fb-d40c5261bc4a info: PublicAccessAuthenticator:validate() Start validation against public access.
2025-09-01T14:43:59.979Z 88173b41-09e4-4e08-88fb-d40c5261bc4a debug: PublicAccessAuthenticator:validate() Getting account properties...
2025-09-01T14:43:59.979Z 88173b41-09e4-4e08-88fb-d40c5261bc4a debug: PublicAccessAuthenticator:validate() Retrieved account name from context: devstoreaccount1, container: quality-docs, blob: testing/Continuous-Assessment---1---Cryptography.pdf
2025-09-01T14:43:59.979Z 88173b41-09e4-4e08-88fb-d40c5261bc4a debug: PublicAccessAuthenticator:validate() Public access type for container quality-docs is "container"
2025-09-01T14:43:59.979Z 88173b41-09e4-4e08-88fb-d40c5261bc4a debug: PublicAccessAuthenticator:validate() Operation Blob_Download is in container level public access list. Validation passed.
2025-09-01T14:43:59.979Z 88173b41-09e4-4e08-88fb-d40c5261bc4a verbose: DeserializerMiddleware: Start deserializing...
2025-09-01T14:43:59.980Z 88173b41-09e4-4e08-88fb-d40c5261bc4a info: HandlerMiddleware: DeserializedParameters={"options":{"leaseAccessConditions":{},"cpkInfo":{},"modifiedAccessConditions":{}}}
2025-09-01T14:43:59.980Z 88173b41-09e4-4e08-88fb-d40c5261bc4a info: BlobHandler:downloadBlockBlobOrAppendBlob() NormalizedDownloadRange=bytes=0-186592 RequiredContentLength=186593
2025-09-01T14:43:59.980Z 88173b41-09e4-4e08-88fb-d40c5261bc4a debug: OperationQueue.operate() Schedule incoming job ca0db8d4-e62a-42a5-bdef-76952bf1149e
2025-09-01T14:43:59.980Z 88173b41-09e4-4e08-88fb-d40c5261bc4a debug: OperationQueue:execute() Current runningConcurrency:0 maxConcurrency:100 operations.length:1
2025-09-01T14:43:59.980Z 88173b41-09e4-4e08-88fb-d40c5261bc4a verbose: FSExtentStore:readExtent() Creating read stream. LocationId:Default extentId:4e550bc3-1e62-43e4-9d3d-6ba2361db643 path:azurite\__blobstorage__\4e550bc3-1e62-43e4-9d3d-6ba2361db643 offset:21674132 count:186593 end:21860724
2025-09-01T14:43:59.980Z 88173b41-09e4-4e08-88fb-d40c5261bc4a debug: OperationQueue.operate() Job ca0db8d4-e62a-42a5-bdef-76952bf1149e completes callback, resolve.
2025-09-01T14:43:59.980Z 88173b41-09e4-4e08-88fb-d40c5261bc4a verbose: SerializerMiddleware: Start serializing...
2025-09-01T14:43:59.981Z 88173b41-09e4-4e08-88fb-d40c5261bc4a info: Serializer: Start returning stream body.
2025-09-01T14:43:59.981Z 88173b41-09e4-4e08-88fb-d40c5261bc4a debug: OperationQueue:execute() Current runningConcurrency:0 maxConcurrency:100 operations.length:0
2025-09-01T14:43:59.981Z 88173b41-09e4-4e08-88fb-d40c5261bc4a debug: OperationQueue:execute() return. Operation.length === 0
2025-09-01T14:43:59.983Z 88173b41-09e4-4e08-88fb-d40c5261bc4a verbose: Send Blob telemetry: B_Blob_Download
2025-09-01T14:43:59.984Z 88173b41-09e4-4e08-88fb-d40c5261bc4a info: EndMiddleware: End response. TotalTimeInMS=5 StatusCode=200 StatusMessage=OK Headers={"server":"Azurite-Blob/3.35.0","last-modified":"Mon, 01 Sep 2025 13:54:40 GMT","x-ms-creation-time":"Mon, 01 Sep 2025 13:54:40 GMT","content-length":"186593","content-type":"application/pdf","etag":"\"0x1D03661FED3D280\"","content-md5":"urf7Oh04An5gpqYtson3dA==","x-ms-blob-type":"BlockBlob","x-ms-lease-state":"available","x-ms-lease-status":"unlocked","x-ms-request-id":"88173b41-09e4-4e08-88fb-d40c5261bc4a","x-ms-version":"2025-11-05","accept-ranges":"bytes","date":"Mon, 01 Sep 2025 14:43:59 GMT","x-ms-server-encrypted":"true","x-ms-blob-content-md5":"urf7Oh04An5gpqYtson3dA=="}
2025-09-01T14:43:59.984Z 88173b41-09e4-4e08-88fb-d40c5261bc4a verbose: FSExtentStore:readExtent() Read stream closed. LocationId:Default extentId:4e550bc3-1e62-43e4-9d3d-6ba2361db643 path:azurite\__blobstorage__\4e550bc3-1e62-43e4-9d3d-6ba2361db643 offset:21674132 count:186593 end:21860724
2025-09-01T14:44:00.091Z 7bcb2fb2-6db5-4b4f-a3d9-d3698cd4792a info: BlobStorageContextMiddleware: RequestMethod=GET RequestURL=http://127.0.0.1/favicon.ico RequestHeaders:{"host":"127.0.0.1:10000","connection":"keep-alive","sec-ch-ua-platform":"\"macOS\"","user-agent":"Mozilla/5.0 (Windows NT 10.0; Win64; x64) AppleWebKit/537.36 (KHTML, like Gecko) Chrome/136.0.0.0 Safari/537.36","sec-ch-ua":"\"Chromium\";v=\"135\", \"Not:A Brand\";v=\"99\", \"Google Chrome\";v=\"135\"","accept-language":"en-US,en;q=0.9","sec-ch-ua-mobile":"?0","accept":"image/avif,image/webp,image/apng,image/svg+xml,image/*,*/*;q=0.8","sec-fetch-site":"same-origin","sec-fetch-mode":"no-cors","sec-fetch-dest":"image","referer":"http://127.0.0.1:10000/devstoreaccount1/quality-docs/testing/Continuous-Assessment---1---Cryptography.pdf","accept-encoding":"gzip, deflate, br, zstd"} ClientIP=127.0.0.1 Protocol=http HTTPVersion=1.1
2025-09-01T14:44:00.091Z 7bcb2fb2-6db5-4b4f-a3d9-d3698cd4792a info: BlobStorageContextMiddleware: Account=favicon.ico Container=undefined Blob=
2025-09-01T14:44:00.091Z 7bcb2fb2-6db5-4b4f-a3d9-d3698cd4792a verbose: DispatchMiddleware: Dispatching request...
2025-09-01T14:44:00.091Z 7bcb2fb2-6db5-4b4f-a3d9-d3698cd4792a error: DispatchMiddleware: Incoming URL doesn't match any of swagger defined request patterns.
2025-09-01T14:44:00.091Z 7bcb2fb2-6db5-4b4f-a3d9-d3698cd4792a error: ErrorMiddleware: Received a MiddlewareError, fill error information to HTTP response
2025-09-01T14:44:00.091Z 7bcb2fb2-6db5-4b4f-a3d9-d3698cd4792a error: ErrorMiddleware: ErrorName=UnsupportedRequestError ErrorMessage=Incoming URL doesn't match any of swagger defined request patterns.  ErrorHTTPStatusCode=400 ErrorHTTPStatusMessage=undefined ErrorHTTPHeaders=undefined ErrorHTTPBody=undefined ErrorStack="UnsupportedRequestError: Incoming URL doesn't match any of swagger defined request patterns.\n    at dispatchMiddleware (C:\\QR Portal\\node_modules\\azurite\\dist\\src\\blob\\generated\\middleware\\dispatch.middleware.js:41:30)\n    at C:\\QR Portal\\node_modules\\azurite\\dist\\src\\blob\\generated\\ExpressMiddlewareFactory.js:50:47\n    at Layer.handle [as handle_request] (C:\\QR Portal\\node_modules\\azurite\\node_modules\\express\\lib\\router\\layer.js:95:5)\n    at trim_prefix (C:\\QR Portal\\node_modules\\azurite\\node_modules\\express\\lib\\router\\index.js:328:13)\n    at C:\\QR Portal\\node_modules\\azurite\\node_modules\\express\\lib\\router\\index.js:286:9\n    at Function.process_params (C:\\QR Portal\\node_modules\\azurite\\node_modules\\express\\lib\\router\\index.js:346:12)\n    at next (C:\\QR Portal\\node_modules\\azurite\\node_modules\\express\\lib\\router\\index.js:280:10)\n    at blobStorageContextMiddleware (C:\\QR Portal\\node_modules\\azurite\\dist\\src\\blob\\middlewares\\blobStorageContext.middleware.js:137:5)\n    at C:\\QR Portal\\node_modules\\azurite\\dist\\src\\blob\\middlewares\\blobStorageContext.middleware.js:15:16\n    at Layer.handle [as handle_request] (C:\\QR Portal\\node_modules\\azurite\\node_modules\\express\\lib\\router\\layer.js:95:5)"
2025-09-01T14:44:00.091Z 7bcb2fb2-6db5-4b4f-a3d9-d3698cd4792a error: ErrorMiddleware: Set HTTP code: 400
2025-09-01T14:44:00.091Z 7bcb2fb2-6db5-4b4f-a3d9-d3698cd4792a error: ErrorMiddleware: Set HTTP body: undefined
2025-09-01T14:44:00.091Z 7bcb2fb2-6db5-4b4f-a3d9-d3698cd4792a verbose: Send Blob telemetry: B_Service_SetProperties
2025-09-01T14:44:00.091Z 7bcb2fb2-6db5-4b4f-a3d9-d3698cd4792a info: EndMiddleware: End response. TotalTimeInMS=0 StatusCode=400 StatusMessage=undefined Headers={"server":"Azurite-Blob/3.35.0"}
2025-09-01T14:44:02.699Z e40ad636-b92f-44d0-afde-d20368c714fa info: BlobStorageContextMiddleware: RequestMethod=GET RequestURL=http://127.0.0.1/devstoreaccount1/quality-docs/testing/Jones-engineering-group-network-audit-.pdf RequestHeaders:{"host":"127.0.0.1:10000","connection":"keep-alive","upgrade-insecure-requests":"1","user-agent":"Mozilla/5.0 (Windows NT 10.0; Win64; x64) AppleWebKit/537.36 (KHTML, like Gecko) Chrome/136.0.0.0 Safari/537.36","accept-language":"en-US,en;q=0.9","accept":"text/html,application/xhtml+xml,application/xml;q=0.9,image/avif,image/webp,image/apng,*/*;q=0.8,application/signed-exchange;v=b3;q=0.7","sec-fetch-site":"cross-site","sec-fetch-mode":"navigate","sec-fetch-user":"?1","sec-fetch-dest":"document","sec-ch-ua":"\"Not.A/Brand\";v=\"99\", \"Chromium\";v=\"136\"","sec-ch-ua-mobile":"?0","sec-ch-ua-platform":"\"Windows\"","accept-encoding":"gzip, deflate, br, zstd"} ClientIP=127.0.0.1 Protocol=http HTTPVersion=1.1
2025-09-01T14:44:02.699Z e40ad636-b92f-44d0-afde-d20368c714fa info: BlobStorageContextMiddleware: Account=devstoreaccount1 Container=quality-docs Blob=testing/Jones-engineering-group-network-audit-.pdf
2025-09-01T14:44:02.699Z e40ad636-b92f-44d0-afde-d20368c714fa verbose: DispatchMiddleware: Dispatching request...
2025-09-01T14:44:02.700Z e40ad636-b92f-44d0-afde-d20368c714fa info: DispatchMiddleware: Operation=Blob_Download
2025-09-01T14:44:02.700Z e40ad636-b92f-44d0-afde-d20368c714fa verbose: AuthenticationMiddlewareFactory:createAuthenticationMiddleware() Validating authentications.
2025-09-01T14:44:02.700Z e40ad636-b92f-44d0-afde-d20368c714fa info: PublicAccessAuthenticator:validate() Start validation against public access.
2025-09-01T14:44:02.700Z e40ad636-b92f-44d0-afde-d20368c714fa debug: PublicAccessAuthenticator:validate() Getting account properties...
2025-09-01T14:44:02.700Z e40ad636-b92f-44d0-afde-d20368c714fa debug: PublicAccessAuthenticator:validate() Retrieved account name from context: devstoreaccount1, container: quality-docs, blob: testing/Jones-engineering-group-network-audit-.pdf
2025-09-01T14:44:02.700Z e40ad636-b92f-44d0-afde-d20368c714fa debug: PublicAccessAuthenticator:validate() Public access type for container quality-docs is "container"
2025-09-01T14:44:02.700Z e40ad636-b92f-44d0-afde-d20368c714fa debug: PublicAccessAuthenticator:validate() Operation Blob_Download is in container level public access list. Validation passed.
2025-09-01T14:44:02.700Z e40ad636-b92f-44d0-afde-d20368c714fa verbose: DeserializerMiddleware: Start deserializing...
2025-09-01T14:44:02.700Z e40ad636-b92f-44d0-afde-d20368c714fa info: HandlerMiddleware: DeserializedParameters={"options":{"leaseAccessConditions":{},"cpkInfo":{},"modifiedAccessConditions":{}}}
2025-09-01T14:44:02.700Z e40ad636-b92f-44d0-afde-d20368c714fa info: BlobHandler:downloadBlockBlobOrAppendBlob() NormalizedDownloadRange=bytes=0-3507023 RequiredContentLength=3507024
2025-09-01T14:44:02.700Z e40ad636-b92f-44d0-afde-d20368c714fa debug: OperationQueue.operate() Schedule incoming job c3c8a8b4-0756-4fb6-9995-fd03af8b67bd
2025-09-01T14:44:02.700Z e40ad636-b92f-44d0-afde-d20368c714fa debug: OperationQueue:execute() Current runningConcurrency:0 maxConcurrency:100 operations.length:1
2025-09-01T14:44:02.700Z e40ad636-b92f-44d0-afde-d20368c714fa verbose: FSExtentStore:readExtent() Creating read stream. LocationId:Default extentId:4e550bc3-1e62-43e4-9d3d-6ba2361db643 path:azurite\__blobstorage__\4e550bc3-1e62-43e4-9d3d-6ba2361db643 offset:18167108 count:3507024 end:21674131
2025-09-01T14:44:02.700Z e40ad636-b92f-44d0-afde-d20368c714fa debug: OperationQueue.operate() Job c3c8a8b4-0756-4fb6-9995-fd03af8b67bd completes callback, resolve.
2025-09-01T14:44:02.700Z e40ad636-b92f-44d0-afde-d20368c714fa verbose: SerializerMiddleware: Start serializing...
2025-09-01T14:44:02.700Z e40ad636-b92f-44d0-afde-d20368c714fa info: Serializer: Start returning stream body.
2025-09-01T14:44:02.700Z e40ad636-b92f-44d0-afde-d20368c714fa debug: OperationQueue:execute() Current runningConcurrency:0 maxConcurrency:100 operations.length:0
2025-09-01T14:44:02.700Z e40ad636-b92f-44d0-afde-d20368c714fa debug: OperationQueue:execute() return. Operation.length === 0
2025-09-01T14:44:02.790Z abb1b5f3-d412-4569-9248-43d64c2c0164 info: BlobStorageContextMiddleware: RequestMethod=GET RequestURL=http://127.0.0.1/favicon.ico RequestHeaders:{"host":"127.0.0.1:10000","connection":"keep-alive","sec-ch-ua-platform":"\"macOS\"","user-agent":"Mozilla/5.0 (Windows NT 10.0; Win64; x64) AppleWebKit/537.36 (KHTML, like Gecko) Chrome/136.0.0.0 Safari/537.36","sec-ch-ua":"\"Chromium\";v=\"135\", \"Not:A Brand\";v=\"99\", \"Google Chrome\";v=\"135\"","accept-language":"en-US,en;q=0.9","sec-ch-ua-mobile":"?0","accept":"image/avif,image/webp,image/apng,image/svg+xml,image/*,*/*;q=0.8","sec-fetch-site":"same-origin","sec-fetch-mode":"no-cors","sec-fetch-dest":"image","referer":"http://127.0.0.1:10000/devstoreaccount1/quality-docs/testing/Jones-engineering-group-network-audit-.pdf","accept-encoding":"gzip, deflate, br, zstd"} ClientIP=127.0.0.1 Protocol=http HTTPVersion=1.1
2025-09-01T14:44:02.790Z abb1b5f3-d412-4569-9248-43d64c2c0164 info: BlobStorageContextMiddleware: Account=favicon.ico Container=undefined Blob=
2025-09-01T14:44:02.790Z abb1b5f3-d412-4569-9248-43d64c2c0164 verbose: DispatchMiddleware: Dispatching request...
2025-09-01T14:44:02.791Z abb1b5f3-d412-4569-9248-43d64c2c0164 error: DispatchMiddleware: Incoming URL doesn't match any of swagger defined request patterns.
2025-09-01T14:44:02.791Z abb1b5f3-d412-4569-9248-43d64c2c0164 error: ErrorMiddleware: Received a MiddlewareError, fill error information to HTTP response
2025-09-01T14:44:02.791Z abb1b5f3-d412-4569-9248-43d64c2c0164 error: ErrorMiddleware: ErrorName=UnsupportedRequestError ErrorMessage=Incoming URL doesn't match any of swagger defined request patterns.  ErrorHTTPStatusCode=400 ErrorHTTPStatusMessage=undefined ErrorHTTPHeaders=undefined ErrorHTTPBody=undefined ErrorStack="UnsupportedRequestError: Incoming URL doesn't match any of swagger defined request patterns.\n    at dispatchMiddleware (C:\\QR Portal\\node_modules\\azurite\\dist\\src\\blob\\generated\\middleware\\dispatch.middleware.js:41:30)\n    at C:\\QR Portal\\node_modules\\azurite\\dist\\src\\blob\\generated\\ExpressMiddlewareFactory.js:50:47\n    at Layer.handle [as handle_request] (C:\\QR Portal\\node_modules\\azurite\\node_modules\\express\\lib\\router\\layer.js:95:5)\n    at trim_prefix (C:\\QR Portal\\node_modules\\azurite\\node_modules\\express\\lib\\router\\index.js:328:13)\n    at C:\\QR Portal\\node_modules\\azurite\\node_modules\\express\\lib\\router\\index.js:286:9\n    at Function.process_params (C:\\QR Portal\\node_modules\\azurite\\node_modules\\express\\lib\\router\\index.js:346:12)\n    at next (C:\\QR Portal\\node_modules\\azurite\\node_modules\\express\\lib\\router\\index.js:280:10)\n    at blobStorageContextMiddleware (C:\\QR Portal\\node_modules\\azurite\\dist\\src\\blob\\middlewares\\blobStorageContext.middleware.js:137:5)\n    at C:\\QR Portal\\node_modules\\azurite\\dist\\src\\blob\\middlewares\\blobStorageContext.middleware.js:15:16\n    at Layer.handle [as handle_request] (C:\\QR Portal\\node_modules\\azurite\\node_modules\\express\\lib\\router\\layer.js:95:5)"
2025-09-01T14:44:02.791Z abb1b5f3-d412-4569-9248-43d64c2c0164 error: ErrorMiddleware: Set HTTP code: 400
2025-09-01T14:44:02.791Z abb1b5f3-d412-4569-9248-43d64c2c0164 error: ErrorMiddleware: Set HTTP body: undefined
2025-09-01T14:44:02.791Z abb1b5f3-d412-4569-9248-43d64c2c0164 verbose: Send Blob telemetry: B_Service_SetProperties
2025-09-01T14:44:02.791Z abb1b5f3-d412-4569-9248-43d64c2c0164 info: EndMiddleware: End response. TotalTimeInMS=1 StatusCode=400 StatusMessage=undefined Headers={"server":"Azurite-Blob/3.35.0"}
2025-09-01T14:44:03.145Z e40ad636-b92f-44d0-afde-d20368c714fa verbose: Send Blob telemetry: B_Blob_Download
2025-09-01T14:44:03.146Z e40ad636-b92f-44d0-afde-d20368c714fa info: EndMiddleware: End response. TotalTimeInMS=447 StatusCode=200 StatusMessage=OK Headers={"server":"Azurite-Blob/3.35.0","last-modified":"Mon, 01 Sep 2025 13:53:41 GMT","x-ms-creation-time":"Mon, 01 Sep 2025 13:53:41 GMT","content-length":"3507024","content-type":"application/pdf","etag":"\"0x1DD54D493E44830\"","content-md5":"aPlkXtm3XQdc/QxVWc/dGA==","x-ms-blob-type":"BlockBlob","x-ms-lease-state":"available","x-ms-lease-status":"unlocked","x-ms-request-id":"e40ad636-b92f-44d0-afde-d20368c714fa","x-ms-version":"2025-11-05","accept-ranges":"bytes","date":"Mon, 01 Sep 2025 14:44:02 GMT","x-ms-server-encrypted":"true","x-ms-blob-content-md5":"aPlkXtm3XQdc/QxVWc/dGA=="}
2025-09-01T14:44:03.146Z e40ad636-b92f-44d0-afde-d20368c714fa verbose: FSExtentStore:readExtent() Read stream closed. LocationId:Default extentId:4e550bc3-1e62-43e4-9d3d-6ba2361db643 path:azurite\__blobstorage__\4e550bc3-1e62-43e4-9d3d-6ba2361db643 offset:18167108 count:3507024 end:21674131
2025-09-01T14:44:16.458Z 	 info: AccountDataStore:init() Refresh accounts from environment variable AZURITE_ACCOUNTS with value undefined
2025-09-01T14:44:16.458Z 	 info: AccountDataStore:init() Fallback to default emulator account devstoreaccount1.
2025-09-01T14:44:16.458Z 	 info: AccountDataStore:init() Refresh accounts from environment variable AZURITE_ACCOUNTS with value undefined
2025-09-01T14:44:16.458Z 	 info: AccountDataStore:init() Fallback to default emulator account devstoreaccount1.
2025-09-01T14:44:16.521Z 	 info: QueueGCManager:markSweepLoop() Start new mark and sweep.
2025-09-01T14:44:16.521Z 	 info: QueueGCManger:markSweep() Get all extents.
2025-09-01T14:44:16.521Z 	 info: QueueGCManager:marksweep() Get 0 extents.
2025-09-01T14:44:16.521Z 	 info: QueueGCManager:markSweep() Get referred extents, then remove from allExtents.
2025-09-01T14:44:16.521Z 	 info: QueueGCManager:markSweep() Got referred extents, unreferenced extents count is 0.
2025-09-01T14:44:16.521Z 	 info: QueueGCManager:markSweepLoop() Mark and sweep finished, take 0ms.
2025-09-01T14:44:16.521Z 	 info: QueueGCManager:markSweepLoop() Sleep for 60000
2025-09-01T14:44:16.521Z 	 info: AccountDataStore:init() Refresh accounts from environment variable AZURITE_ACCOUNTS with value undefined
2025-09-01T14:44:16.521Z 	 info: AccountDataStore:init() Fallback to default emulator account devstoreaccount1.
2025-09-01T14:45:16.460Z 	 info: AccountDataStore:init() Refresh accounts from environment variable AZURITE_ACCOUNTS with value undefined
2025-09-01T14:45:16.460Z 	 info: AccountDataStore:init() Fallback to default emulator account devstoreaccount1.
2025-09-01T14:45:16.460Z 	 info: AccountDataStore:init() Refresh accounts from environment variable AZURITE_ACCOUNTS with value undefined
2025-09-01T14:45:16.460Z 	 info: AccountDataStore:init() Fallback to default emulator account devstoreaccount1.
2025-09-01T14:45:16.524Z 	 info: QueueGCManager:markSweepLoop() Start new mark and sweep.
2025-09-01T14:45:16.524Z 	 info: QueueGCManger:markSweep() Get all extents.
2025-09-01T14:45:16.524Z 	 info: QueueGCManager:marksweep() Get 0 extents.
2025-09-01T14:45:16.524Z 	 info: QueueGCManager:markSweep() Get referred extents, then remove from allExtents.
2025-09-01T14:45:16.524Z 	 info: QueueGCManager:markSweep() Got referred extents, unreferenced extents count is 0.
2025-09-01T14:45:16.524Z 	 info: QueueGCManager:markSweepLoop() Mark and sweep finished, take 0ms.
2025-09-01T14:45:16.524Z 	 info: QueueGCManager:markSweepLoop() Sleep for 60000
2025-09-01T14:45:16.524Z 	 info: AccountDataStore:init() Refresh accounts from environment variable AZURITE_ACCOUNTS with value undefined
2025-09-01T14:45:16.524Z 	 info: AccountDataStore:init() Fallback to default emulator account devstoreaccount1.
2025-09-01T14:46:14.663Z 	 info: BlobGCManager:markSweepLoop() Start next mark and sweep.
2025-09-01T14:46:14.663Z 	 info: BlobGCManager:markSweep() Get all extents.
2025-09-01T14:46:14.664Z 	 info: BlobGCManager:markSweep() Got 1 extents.
2025-09-01T14:46:14.664Z 	 info: BlobGCManager:markSweep() Get referred extents.
2025-09-01T14:46:14.664Z 	 info: BlobGCManager:markSweep() Got referred extents, unreferenced extents count is 0.
2025-09-01T14:46:14.664Z 	 info: BlobGCManager:markSweepLoop() Mark and sweep finished, taken 1ms.
2025-09-01T14:46:14.664Z 	 info: BlobGCManager:markSweepLoop() Sleep for 600000ms.
2025-09-01T14:46:16.472Z 	 info: AccountDataStore:init() Refresh accounts from environment variable AZURITE_ACCOUNTS with value undefined
2025-09-01T14:46:16.472Z 	 info: AccountDataStore:init() Fallback to default emulator account devstoreaccount1.
2025-09-01T14:46:16.472Z 	 info: AccountDataStore:init() Refresh accounts from environment variable AZURITE_ACCOUNTS with value undefined
2025-09-01T14:46:16.472Z 	 info: AccountDataStore:init() Fallback to default emulator account devstoreaccount1.
2025-09-01T14:46:16.535Z 	 info: QueueGCManager:markSweepLoop() Start new mark and sweep.
2025-09-01T14:46:16.535Z 	 info: QueueGCManger:markSweep() Get all extents.
2025-09-01T14:46:16.535Z 	 info: QueueGCManager:marksweep() Get 0 extents.
2025-09-01T14:46:16.535Z 	 info: QueueGCManager:markSweep() Get referred extents, then remove from allExtents.
2025-09-01T14:46:16.535Z 	 info: QueueGCManager:markSweep() Got referred extents, unreferenced extents count is 0.
2025-09-01T14:46:16.535Z 	 info: QueueGCManager:markSweepLoop() Mark and sweep finished, take 0ms.
2025-09-01T14:46:16.535Z 	 info: QueueGCManager:markSweepLoop() Sleep for 60000
2025-09-01T14:46:16.536Z 	 info: AccountDataStore:init() Refresh accounts from environment variable AZURITE_ACCOUNTS with value undefined
2025-09-01T14:46:16.536Z 	 info: AccountDataStore:init() Fallback to default emulator account devstoreaccount1.
2025-09-01T14:47:16.485Z 	 info: AccountDataStore:init() Refresh accounts from environment variable AZURITE_ACCOUNTS with value undefined
2025-09-01T14:47:16.485Z 	 info: AccountDataStore:init() Fallback to default emulator account devstoreaccount1.
2025-09-01T14:47:16.485Z 	 info: AccountDataStore:init() Refresh accounts from environment variable AZURITE_ACCOUNTS with value undefined
2025-09-01T14:47:16.485Z 	 info: AccountDataStore:init() Fallback to default emulator account devstoreaccount1.
2025-09-01T14:47:16.545Z 	 info: QueueGCManager:markSweepLoop() Start new mark and sweep.
2025-09-01T14:47:16.545Z 	 info: QueueGCManger:markSweep() Get all extents.
2025-09-01T14:47:16.545Z 	 info: QueueGCManager:marksweep() Get 0 extents.
2025-09-01T14:47:16.545Z 	 info: QueueGCManager:markSweep() Get referred extents, then remove from allExtents.
2025-09-01T14:47:16.545Z 	 info: QueueGCManager:markSweep() Got referred extents, unreferenced extents count is 0.
2025-09-01T14:47:16.545Z 	 info: QueueGCManager:markSweepLoop() Mark and sweep finished, take 0ms.
2025-09-01T14:47:16.545Z 	 info: QueueGCManager:markSweepLoop() Sleep for 60000
2025-09-01T14:47:16.545Z 	 info: AccountDataStore:init() Refresh accounts from environment variable AZURITE_ACCOUNTS with value undefined
2025-09-01T14:47:16.545Z 	 info: AccountDataStore:init() Fallback to default emulator account devstoreaccount1.
2025-09-01T14:48:16.486Z 	 info: AccountDataStore:init() Refresh accounts from environment variable AZURITE_ACCOUNTS with value undefined
2025-09-01T14:48:16.487Z 	 info: AccountDataStore:init() Fallback to default emulator account devstoreaccount1.
2025-09-01T14:48:16.487Z 	 info: AccountDataStore:init() Refresh accounts from environment variable AZURITE_ACCOUNTS with value undefined
2025-09-01T14:48:16.487Z 	 info: AccountDataStore:init() Fallback to default emulator account devstoreaccount1.
2025-09-01T14:48:16.549Z 	 info: QueueGCManager:markSweepLoop() Start new mark and sweep.
2025-09-01T14:48:16.549Z 	 info: QueueGCManger:markSweep() Get all extents.
2025-09-01T14:48:16.549Z 	 info: QueueGCManager:marksweep() Get 0 extents.
2025-09-01T14:48:16.549Z 	 info: QueueGCManager:markSweep() Get referred extents, then remove from allExtents.
2025-09-01T14:48:16.549Z 	 info: QueueGCManager:markSweep() Got referred extents, unreferenced extents count is 0.
2025-09-01T14:48:16.549Z 	 info: QueueGCManager:markSweepLoop() Mark and sweep finished, take 0ms.
2025-09-01T14:48:16.549Z 	 info: QueueGCManager:markSweepLoop() Sleep for 60000
2025-09-01T14:48:16.549Z 	 info: AccountDataStore:init() Refresh accounts from environment variable AZURITE_ACCOUNTS with value undefined
2025-09-01T14:48:16.549Z 	 info: AccountDataStore:init() Fallback to default emulator account devstoreaccount1.
2025-09-01T14:49:16.502Z 	 info: AccountDataStore:init() Refresh accounts from environment variable AZURITE_ACCOUNTS with value undefined
2025-09-01T14:49:16.502Z 	 info: AccountDataStore:init() Fallback to default emulator account devstoreaccount1.
2025-09-01T14:49:16.502Z 	 info: AccountDataStore:init() Refresh accounts from environment variable AZURITE_ACCOUNTS with value undefined
2025-09-01T14:49:16.502Z 	 info: AccountDataStore:init() Fallback to default emulator account devstoreaccount1.
2025-09-01T14:49:16.563Z 	 info: QueueGCManager:markSweepLoop() Start new mark and sweep.
2025-09-01T14:49:16.563Z 	 info: QueueGCManger:markSweep() Get all extents.
2025-09-01T14:49:16.563Z 	 info: QueueGCManager:marksweep() Get 0 extents.
2025-09-01T14:49:16.563Z 	 info: QueueGCManager:markSweep() Get referred extents, then remove from allExtents.
2025-09-01T14:49:16.563Z 	 info: QueueGCManager:markSweep() Got referred extents, unreferenced extents count is 0.
2025-09-01T14:49:16.563Z 	 info: QueueGCManager:markSweepLoop() Mark and sweep finished, take 0ms.
2025-09-01T14:49:16.563Z 	 info: QueueGCManager:markSweepLoop() Sleep for 60000
2025-09-01T14:49:16.563Z 	 info: AccountDataStore:init() Refresh accounts from environment variable AZURITE_ACCOUNTS with value undefined
2025-09-01T14:49:16.563Z 	 info: AccountDataStore:init() Fallback to default emulator account devstoreaccount1.
2025-09-01T14:50:16.508Z 	 info: AccountDataStore:init() Refresh accounts from environment variable AZURITE_ACCOUNTS with value undefined
2025-09-01T14:50:16.508Z 	 info: AccountDataStore:init() Fallback to default emulator account devstoreaccount1.
2025-09-01T14:50:16.508Z 	 info: AccountDataStore:init() Refresh accounts from environment variable AZURITE_ACCOUNTS with value undefined
2025-09-01T14:50:16.508Z 	 info: AccountDataStore:init() Fallback to default emulator account devstoreaccount1.
2025-09-01T14:50:16.569Z 	 info: QueueGCManager:markSweepLoop() Start new mark and sweep.
2025-09-01T14:50:16.570Z 	 info: QueueGCManger:markSweep() Get all extents.
2025-09-01T14:50:16.570Z 	 info: QueueGCManager:marksweep() Get 0 extents.
2025-09-01T14:50:16.570Z 	 info: QueueGCManager:markSweep() Get referred extents, then remove from allExtents.
2025-09-01T14:50:16.570Z 	 info: QueueGCManager:markSweep() Got referred extents, unreferenced extents count is 0.
2025-09-01T14:50:16.570Z 	 info: QueueGCManager:markSweepLoop() Mark and sweep finished, take 0ms.
2025-09-01T14:50:16.570Z 	 info: QueueGCManager:markSweepLoop() Sleep for 60000
2025-09-01T14:50:16.570Z 	 info: AccountDataStore:init() Refresh accounts from environment variable AZURITE_ACCOUNTS with value undefined
2025-09-01T14:50:16.570Z 	 info: AccountDataStore:init() Fallback to default emulator account devstoreaccount1.
2025-09-01T14:51:16.525Z 	 info: AccountDataStore:init() Refresh accounts from environment variable AZURITE_ACCOUNTS with value undefined
2025-09-01T14:51:16.525Z 	 info: AccountDataStore:init() Fallback to default emulator account devstoreaccount1.
2025-09-01T14:51:16.525Z 	 info: AccountDataStore:init() Refresh accounts from environment variable AZURITE_ACCOUNTS with value undefined
2025-09-01T14:51:16.525Z 	 info: AccountDataStore:init() Fallback to default emulator account devstoreaccount1.
2025-09-01T14:51:16.572Z 	 info: QueueGCManager:markSweepLoop() Start new mark and sweep.
2025-09-01T14:51:16.572Z 	 info: QueueGCManger:markSweep() Get all extents.
2025-09-01T14:51:16.573Z 	 info: QueueGCManager:marksweep() Get 0 extents.
2025-09-01T14:51:16.573Z 	 info: QueueGCManager:markSweep() Get referred extents, then remove from allExtents.
2025-09-01T14:51:16.573Z 	 info: QueueGCManager:markSweep() Got referred extents, unreferenced extents count is 0.
2025-09-01T14:51:16.573Z 	 info: QueueGCManager:markSweepLoop() Mark and sweep finished, take 1ms.
2025-09-01T14:51:16.573Z 	 info: QueueGCManager:markSweepLoop() Sleep for 60000
2025-09-01T14:51:16.573Z 	 info: AccountDataStore:init() Refresh accounts from environment variable AZURITE_ACCOUNTS with value undefined
2025-09-01T14:51:16.573Z 	 info: AccountDataStore:init() Fallback to default emulator account devstoreaccount1.
2025-09-01T14:52:16.530Z 	 info: AccountDataStore:init() Refresh accounts from environment variable AZURITE_ACCOUNTS with value undefined
2025-09-01T14:52:16.530Z 	 info: AccountDataStore:init() Fallback to default emulator account devstoreaccount1.
2025-09-01T14:52:16.530Z 	 info: AccountDataStore:init() Refresh accounts from environment variable AZURITE_ACCOUNTS with value undefined
2025-09-01T14:52:16.530Z 	 info: AccountDataStore:init() Fallback to default emulator account devstoreaccount1.
2025-09-01T14:52:16.576Z 	 info: QueueGCManager:markSweepLoop() Start new mark and sweep.
2025-09-01T14:52:16.576Z 	 info: QueueGCManger:markSweep() Get all extents.
2025-09-01T14:52:16.576Z 	 info: QueueGCManager:marksweep() Get 0 extents.
2025-09-01T14:52:16.576Z 	 info: QueueGCManager:markSweep() Get referred extents, then remove from allExtents.
2025-09-01T14:52:16.576Z 	 info: QueueGCManager:markSweep() Got referred extents, unreferenced extents count is 0.
2025-09-01T14:52:16.576Z 	 info: QueueGCManager:markSweepLoop() Mark and sweep finished, take 0ms.
2025-09-01T14:52:16.576Z 	 info: QueueGCManager:markSweepLoop() Sleep for 60000
2025-09-01T14:52:16.576Z 	 info: AccountDataStore:init() Refresh accounts from environment variable AZURITE_ACCOUNTS with value undefined
2025-09-01T14:52:16.576Z 	 info: AccountDataStore:init() Fallback to default emulator account devstoreaccount1.
2025-09-01T14:53:16.539Z 	 info: AccountDataStore:init() Refresh accounts from environment variable AZURITE_ACCOUNTS with value undefined
2025-09-01T14:53:16.539Z 	 info: AccountDataStore:init() Fallback to default emulator account devstoreaccount1.
2025-09-01T14:53:16.539Z 	 info: AccountDataStore:init() Refresh accounts from environment variable AZURITE_ACCOUNTS with value undefined
2025-09-01T14:53:16.539Z 	 info: AccountDataStore:init() Fallback to default emulator account devstoreaccount1.
2025-09-01T14:53:16.585Z 	 info: QueueGCManager:markSweepLoop() Start new mark and sweep.
2025-09-01T14:53:16.585Z 	 info: QueueGCManger:markSweep() Get all extents.
2025-09-01T14:53:16.585Z 	 info: QueueGCManager:marksweep() Get 0 extents.
2025-09-01T14:53:16.585Z 	 info: QueueGCManager:markSweep() Get referred extents, then remove from allExtents.
2025-09-01T14:53:16.585Z 	 info: QueueGCManager:markSweep() Got referred extents, unreferenced extents count is 0.
2025-09-01T14:53:16.585Z 	 info: QueueGCManager:markSweepLoop() Mark and sweep finished, take 0ms.
2025-09-01T14:53:16.585Z 	 info: QueueGCManager:markSweepLoop() Sleep for 60000
2025-09-01T14:53:16.585Z 	 info: AccountDataStore:init() Refresh accounts from environment variable AZURITE_ACCOUNTS with value undefined
2025-09-01T14:53:16.585Z 	 info: AccountDataStore:init() Fallback to default emulator account devstoreaccount1.
2025-09-01T14:54:16.547Z 	 info: AccountDataStore:init() Refresh accounts from environment variable AZURITE_ACCOUNTS with value undefined
2025-09-01T14:54:16.547Z 	 info: AccountDataStore:init() Fallback to default emulator account devstoreaccount1.
2025-09-01T14:54:16.547Z 	 info: AccountDataStore:init() Refresh accounts from environment variable AZURITE_ACCOUNTS with value undefined
2025-09-01T14:54:16.547Z 	 info: AccountDataStore:init() Fallback to default emulator account devstoreaccount1.
2025-09-01T14:54:16.593Z 	 info: QueueGCManager:markSweepLoop() Start new mark and sweep.
2025-09-01T14:54:16.593Z 	 info: QueueGCManger:markSweep() Get all extents.
2025-09-01T14:54:16.593Z 	 info: QueueGCManager:marksweep() Get 0 extents.
2025-09-01T14:54:16.593Z 	 info: QueueGCManager:markSweep() Get referred extents, then remove from allExtents.
2025-09-01T14:54:16.593Z 	 info: QueueGCManager:markSweep() Got referred extents, unreferenced extents count is 0.
2025-09-01T14:54:16.593Z 	 info: QueueGCManager:markSweepLoop() Mark and sweep finished, take 0ms.
2025-09-01T14:54:16.593Z 	 info: QueueGCManager:markSweepLoop() Sleep for 60000
2025-09-01T14:54:16.593Z 	 info: AccountDataStore:init() Refresh accounts from environment variable AZURITE_ACCOUNTS with value undefined
2025-09-01T14:54:16.593Z 	 info: AccountDataStore:init() Fallback to default emulator account devstoreaccount1.
2025-09-01T14:55:16.553Z 	 info: AccountDataStore:init() Refresh accounts from environment variable AZURITE_ACCOUNTS with value undefined
2025-09-01T14:55:16.553Z 	 info: AccountDataStore:init() Fallback to default emulator account devstoreaccount1.
2025-09-01T14:55:16.553Z 	 info: AccountDataStore:init() Refresh accounts from environment variable AZURITE_ACCOUNTS with value undefined
2025-09-01T14:55:16.553Z 	 info: AccountDataStore:init() Fallback to default emulator account devstoreaccount1.
2025-09-01T14:55:16.599Z 	 info: QueueGCManager:markSweepLoop() Start new mark and sweep.
2025-09-01T14:55:16.599Z 	 info: QueueGCManger:markSweep() Get all extents.
2025-09-01T14:55:16.599Z 	 info: QueueGCManager:marksweep() Get 0 extents.
2025-09-01T14:55:16.599Z 	 info: QueueGCManager:markSweep() Get referred extents, then remove from allExtents.
2025-09-01T14:55:16.599Z 	 info: QueueGCManager:markSweep() Got referred extents, unreferenced extents count is 0.
2025-09-01T14:55:16.599Z 	 info: QueueGCManager:markSweepLoop() Mark and sweep finished, take 0ms.
2025-09-01T14:55:16.599Z 	 info: QueueGCManager:markSweepLoop() Sleep for 60000
2025-09-01T14:55:16.599Z 	 info: AccountDataStore:init() Refresh accounts from environment variable AZURITE_ACCOUNTS with value undefined
2025-09-01T14:55:16.599Z 	 info: AccountDataStore:init() Fallback to default emulator account devstoreaccount1.
2025-09-01T14:56:14.667Z 	 info: BlobGCManager:markSweepLoop() Start next mark and sweep.
2025-09-01T14:56:14.667Z 	 info: BlobGCManager:markSweep() Get all extents.
2025-09-01T14:56:14.668Z 	 info: BlobGCManager:markSweep() Got 1 extents.
2025-09-01T14:56:14.668Z 	 info: BlobGCManager:markSweep() Get referred extents.
2025-09-01T14:56:14.668Z 	 info: BlobGCManager:markSweep() Got referred extents, unreferenced extents count is 0.
2025-09-01T14:56:14.668Z 	 info: BlobGCManager:markSweepLoop() Mark and sweep finished, taken 1ms.
2025-09-01T14:56:14.668Z 	 info: BlobGCManager:markSweepLoop() Sleep for 600000ms.
2025-09-01T14:56:16.559Z 	 info: AccountDataStore:init() Refresh accounts from environment variable AZURITE_ACCOUNTS with value undefined
2025-09-01T14:56:16.560Z 	 info: AccountDataStore:init() Fallback to default emulator account devstoreaccount1.
2025-09-01T14:56:16.560Z 	 info: AccountDataStore:init() Refresh accounts from environment variable AZURITE_ACCOUNTS with value undefined
2025-09-01T14:56:16.560Z 	 info: AccountDataStore:init() Fallback to default emulator account devstoreaccount1.
2025-09-01T14:56:16.607Z 	 info: QueueGCManager:markSweepLoop() Start new mark and sweep.
2025-09-01T14:56:16.607Z 	 info: QueueGCManger:markSweep() Get all extents.
2025-09-01T14:56:16.607Z 	 info: QueueGCManager:marksweep() Get 0 extents.
2025-09-01T14:56:16.607Z 	 info: QueueGCManager:markSweep() Get referred extents, then remove from allExtents.
2025-09-01T14:56:16.607Z 	 info: QueueGCManager:markSweep() Got referred extents, unreferenced extents count is 0.
2025-09-01T14:56:16.607Z 	 info: QueueGCManager:markSweepLoop() Mark and sweep finished, take 0ms.
2025-09-01T14:56:16.607Z 	 info: QueueGCManager:markSweepLoop() Sleep for 60000
2025-09-01T14:56:16.607Z 	 info: AccountDataStore:init() Refresh accounts from environment variable AZURITE_ACCOUNTS with value undefined
2025-09-01T14:56:16.607Z 	 info: AccountDataStore:init() Fallback to default emulator account devstoreaccount1.
2025-09-01T14:57:16.568Z 	 info: AccountDataStore:init() Refresh accounts from environment variable AZURITE_ACCOUNTS with value undefined
2025-09-01T14:57:16.568Z 	 info: AccountDataStore:init() Fallback to default emulator account devstoreaccount1.
2025-09-01T14:57:16.568Z 	 info: AccountDataStore:init() Refresh accounts from environment variable AZURITE_ACCOUNTS with value undefined
2025-09-01T14:57:16.568Z 	 info: AccountDataStore:init() Fallback to default emulator account devstoreaccount1.
2025-09-01T14:57:16.615Z 	 info: QueueGCManager:markSweepLoop() Start new mark and sweep.
2025-09-01T14:57:16.615Z 	 info: QueueGCManger:markSweep() Get all extents.
2025-09-01T14:57:16.615Z 	 info: QueueGCManager:marksweep() Get 0 extents.
2025-09-01T14:57:16.615Z 	 info: QueueGCManager:markSweep() Get referred extents, then remove from allExtents.
2025-09-01T14:57:16.615Z 	 info: QueueGCManager:markSweep() Got referred extents, unreferenced extents count is 0.
2025-09-01T14:57:16.615Z 	 info: QueueGCManager:markSweepLoop() Mark and sweep finished, take 0ms.
2025-09-01T14:57:16.615Z 	 info: QueueGCManager:markSweepLoop() Sleep for 60000
2025-09-01T14:57:16.616Z 	 info: AccountDataStore:init() Refresh accounts from environment variable AZURITE_ACCOUNTS with value undefined
2025-09-01T14:57:16.616Z 	 info: AccountDataStore:init() Fallback to default emulator account devstoreaccount1.
2025-09-01T14:58:16.575Z 	 info: AccountDataStore:init() Refresh accounts from environment variable AZURITE_ACCOUNTS with value undefined
2025-09-01T14:58:16.575Z 	 info: AccountDataStore:init() Fallback to default emulator account devstoreaccount1.
2025-09-01T14:58:16.575Z 	 info: AccountDataStore:init() Refresh accounts from environment variable AZURITE_ACCOUNTS with value undefined
2025-09-01T14:58:16.575Z 	 info: AccountDataStore:init() Fallback to default emulator account devstoreaccount1.
2025-09-01T14:58:16.622Z 	 info: QueueGCManager:markSweepLoop() Start new mark and sweep.
2025-09-01T14:58:16.623Z 	 info: QueueGCManger:markSweep() Get all extents.
2025-09-01T14:58:16.623Z 	 info: QueueGCManager:marksweep() Get 0 extents.
2025-09-01T14:58:16.623Z 	 info: QueueGCManager:markSweep() Get referred extents, then remove from allExtents.
2025-09-01T14:58:16.623Z 	 info: QueueGCManager:markSweep() Got referred extents, unreferenced extents count is 0.
2025-09-01T14:58:16.623Z 	 info: QueueGCManager:markSweepLoop() Mark and sweep finished, take 0ms.
2025-09-01T14:58:16.623Z 	 info: QueueGCManager:markSweepLoop() Sleep for 60000
2025-09-01T14:58:16.623Z 	 info: AccountDataStore:init() Refresh accounts from environment variable AZURITE_ACCOUNTS with value undefined
2025-09-01T14:58:16.623Z 	 info: AccountDataStore:init() Fallback to default emulator account devstoreaccount1.
2025-09-01T14:59:16.587Z 	 info: AccountDataStore:init() Refresh accounts from environment variable AZURITE_ACCOUNTS with value undefined
2025-09-01T14:59:16.587Z 	 info: AccountDataStore:init() Fallback to default emulator account devstoreaccount1.
2025-09-01T14:59:16.587Z 	 info: AccountDataStore:init() Refresh accounts from environment variable AZURITE_ACCOUNTS with value undefined
2025-09-01T14:59:16.587Z 	 info: AccountDataStore:init() Fallback to default emulator account devstoreaccount1.
2025-09-01T14:59:16.633Z 	 info: QueueGCManager:markSweepLoop() Start new mark and sweep.
2025-09-01T14:59:16.633Z 	 info: QueueGCManger:markSweep() Get all extents.
2025-09-01T14:59:16.633Z 	 info: QueueGCManager:marksweep() Get 0 extents.
2025-09-01T14:59:16.633Z 	 info: QueueGCManager:markSweep() Get referred extents, then remove from allExtents.
2025-09-01T14:59:16.633Z 	 info: QueueGCManager:markSweep() Got referred extents, unreferenced extents count is 0.
2025-09-01T14:59:16.633Z 	 info: QueueGCManager:markSweepLoop() Mark and sweep finished, take 0ms.
2025-09-01T14:59:16.633Z 	 info: QueueGCManager:markSweepLoop() Sleep for 60000
2025-09-01T14:59:16.633Z 	 info: AccountDataStore:init() Refresh accounts from environment variable AZURITE_ACCOUNTS with value undefined
2025-09-01T14:59:16.633Z 	 info: AccountDataStore:init() Fallback to default emulator account devstoreaccount1.
2025-09-01T15:00:16.595Z 	 info: AccountDataStore:init() Refresh accounts from environment variable AZURITE_ACCOUNTS with value undefined
2025-09-01T15:00:16.595Z 	 info: AccountDataStore:init() Fallback to default emulator account devstoreaccount1.
2025-09-01T15:00:16.595Z 	 info: AccountDataStore:init() Refresh accounts from environment variable AZURITE_ACCOUNTS with value undefined
2025-09-01T15:00:16.595Z 	 info: AccountDataStore:init() Fallback to default emulator account devstoreaccount1.
2025-09-01T15:00:16.643Z 	 info: QueueGCManager:markSweepLoop() Start new mark and sweep.
2025-09-01T15:00:16.643Z 	 info: QueueGCManger:markSweep() Get all extents.
2025-09-01T15:00:16.643Z 	 info: QueueGCManager:marksweep() Get 0 extents.
2025-09-01T15:00:16.643Z 	 info: QueueGCManager:markSweep() Get referred extents, then remove from allExtents.
2025-09-01T15:00:16.643Z 	 info: QueueGCManager:markSweep() Got referred extents, unreferenced extents count is 0.
2025-09-01T15:00:16.643Z 	 info: QueueGCManager:markSweepLoop() Mark and sweep finished, take 0ms.
2025-09-01T15:00:16.643Z 	 info: QueueGCManager:markSweepLoop() Sleep for 60000
2025-09-01T15:00:16.643Z 	 info: AccountDataStore:init() Refresh accounts from environment variable AZURITE_ACCOUNTS with value undefined
2025-09-01T15:00:16.643Z 	 info: AccountDataStore:init() Fallback to default emulator account devstoreaccount1.
2025-09-01T15:01:16.611Z 	 info: AccountDataStore:init() Refresh accounts from environment variable AZURITE_ACCOUNTS with value undefined
2025-09-01T15:01:16.611Z 	 info: AccountDataStore:init() Fallback to default emulator account devstoreaccount1.
2025-09-01T15:01:16.611Z 	 info: AccountDataStore:init() Refresh accounts from environment variable AZURITE_ACCOUNTS with value undefined
2025-09-01T15:01:16.611Z 	 info: AccountDataStore:init() Fallback to default emulator account devstoreaccount1.
2025-09-01T15:01:16.657Z 	 info: QueueGCManager:markSweepLoop() Start new mark and sweep.
2025-09-01T15:01:16.657Z 	 info: QueueGCManger:markSweep() Get all extents.
2025-09-01T15:01:16.657Z 	 info: QueueGCManager:marksweep() Get 0 extents.
2025-09-01T15:01:16.657Z 	 info: QueueGCManager:markSweep() Get referred extents, then remove from allExtents.
2025-09-01T15:01:16.657Z 	 info: QueueGCManager:markSweep() Got referred extents, unreferenced extents count is 0.
2025-09-01T15:01:16.657Z 	 info: QueueGCManager:markSweepLoop() Mark and sweep finished, take 0ms.
2025-09-01T15:01:16.657Z 	 info: QueueGCManager:markSweepLoop() Sleep for 60000
2025-09-01T15:01:16.657Z 	 info: AccountDataStore:init() Refresh accounts from environment variable AZURITE_ACCOUNTS with value undefined
2025-09-01T15:01:16.657Z 	 info: AccountDataStore:init() Fallback to default emulator account devstoreaccount1.
2025-09-01T15:01:56.257Z fe38fff1-3150-4c52-a6f9-1c69558df82b info: BlobStorageContextMiddleware: RequestMethod=PUT RequestURL=http://127.0.0.1/devstoreaccount1/quality-docs?restype=container RequestHeaders:{"x-ms-version":"2025-07-05","accept":"application/xml","x-ms-blob-public-access":"container","user-agent":"azsdk-js-azure-storage-blob/12.28.0 core-rest-pipeline/1.22.0 Node/22.18.0 OS/(x64-Windows_NT-10.0.26100)","x-ms-client-request-id":"d76a1ed7-a812-4f32-a345-a979ef28151f","x-ms-date":"Mon, 01 Sep 2025 15:01:56 GMT","authorization":"SharedKey devstoreaccount1:5bYHwZqkqbGiajITnZ7U2lL6dUyKYSFDdo6YB9fUgxY=","host":"127.0.0.1:10000","connection":"keep-alive","content-length":"0"} ClientIP=127.0.0.1 Protocol=http HTTPVersion=1.1
2025-09-01T15:01:56.257Z fe38fff1-3150-4c52-a6f9-1c69558df82b info: BlobStorageContextMiddleware: Account=devstoreaccount1 Container=quality-docs Blob=
2025-09-01T15:01:56.257Z fe38fff1-3150-4c52-a6f9-1c69558df82b verbose: DispatchMiddleware: Dispatching request...
2025-09-01T15:01:56.258Z fe38fff1-3150-4c52-a6f9-1c69558df82b info: DispatchMiddleware: Operation=Container_Create
2025-09-01T15:01:56.258Z fe38fff1-3150-4c52-a6f9-1c69558df82b verbose: AuthenticationMiddlewareFactory:createAuthenticationMiddleware() Validating authentications.
2025-09-01T15:01:56.258Z fe38fff1-3150-4c52-a6f9-1c69558df82b info: PublicAccessAuthenticator:validate() Start validation against public access.
2025-09-01T15:01:56.258Z fe38fff1-3150-4c52-a6f9-1c69558df82b debug: PublicAccessAuthenticator:validate() Getting account properties...
2025-09-01T15:01:56.259Z fe38fff1-3150-4c52-a6f9-1c69558df82b debug: PublicAccessAuthenticator:validate() Retrieved account name from context: devstoreaccount1, container: quality-docs, blob: 
2025-09-01T15:01:56.259Z fe38fff1-3150-4c52-a6f9-1c69558df82b debug: PublicAccessAuthenticator:validate() Public access type for container quality-docs is "container"
2025-09-01T15:01:56.259Z fe38fff1-3150-4c52-a6f9-1c69558df82b debug: PublicAccessAuthenticator:validate() Operation Container_Create is not in container neither blob level public access list. Validation failed.
2025-09-01T15:01:56.259Z fe38fff1-3150-4c52-a6f9-1c69558df82b info: BlobSharedKeyAuthenticator:validate() Start validation against account shared key authentication.
2025-09-01T15:01:56.259Z fe38fff1-3150-4c52-a6f9-1c69558df82b info: BlobSharedKeyAuthenticator:validate() [STRING TO SIGN]:"PUT\n\n\n\n\n\n\n\n\n\n\n\nx-ms-blob-public-access:container\nx-ms-client-request-id:d76a1ed7-a812-4f32-a345-a979ef28151f\nx-ms-date:Mon, 01 Sep 2025 15:01:56 GMT\nx-ms-version:2025-07-05\n/devstoreaccount1/devstoreaccount1/quality-docs\nrestype:container"
2025-09-01T15:01:56.259Z fe38fff1-3150-4c52-a6f9-1c69558df82b info: BlobSharedKeyAuthenticator:validate() Calculated authentication header based on key1: SharedKey devstoreaccount1:5bYHwZqkqbGiajITnZ7U2lL6dUyKYSFDdo6YB9fUgxY=
2025-09-01T15:01:56.259Z fe38fff1-3150-4c52-a6f9-1c69558df82b info: BlobSharedKeyAuthenticator:validate() Signature 1 matched.
2025-09-01T15:01:56.259Z fe38fff1-3150-4c52-a6f9-1c69558df82b verbose: DeserializerMiddleware: Start deserializing...
2025-09-01T15:01:56.259Z fe38fff1-3150-4c52-a6f9-1c69558df82b info: HandlerMiddleware: DeserializedParameters={"options":{"metadata":{},"access":"container","requestId":"d76a1ed7-a812-4f32-a345-a979ef28151f","containerCpkScopeInfo":{}},"restype":"container","version":"2025-07-05"}
2025-09-01T15:01:56.260Z fe38fff1-3150-4c52-a6f9-1c69558df82b error: ErrorMiddleware: Received a MiddlewareError, fill error information to HTTP response
2025-09-01T15:01:56.260Z fe38fff1-3150-4c52-a6f9-1c69558df82b error: ErrorMiddleware: ErrorName=StorageError ErrorMessage=The specified container already exists.  ErrorHTTPStatusCode=409 ErrorHTTPStatusMessage=The specified container already exists. ErrorHTTPHeaders={"x-ms-error-code":"ContainerAlreadyExists","x-ms-request-id":"fe38fff1-3150-4c52-a6f9-1c69558df82b"} ErrorHTTPBody="<?xml version=\"1.0\" encoding=\"UTF-8\" standalone=\"yes\"?>\n<Error>\n  <Code>ContainerAlreadyExists</Code>\n  <Message>The specified container already exists.\nRequestId:fe38fff1-3150-4c52-a6f9-1c69558df82b\nTime:2025-09-01T15:01:56.259Z</Message>\n</Error>" ErrorStack="StorageError: The specified container already exists.\n    at StorageErrorFactory.getContainerAlreadyExists (C:\\QR Portal\\node_modules\\azurite\\dist\\src\\blob\\errors\\StorageErrorFactory.js:23:16)\n    at LokiBlobMetadataStore.createContainer (C:\\QR Portal\\node_modules\\azurite\\dist\\src\\blob\\persistence\\LokiBlobMetadataStore.js:299:49)\n    at ContainerHandler.create (C:\\QR Portal\\node_modules\\azurite\\dist\\src\\blob\\handlers\\ContainerHandler.js:44:34)\n    at C:\\QR Portal\\node_modules\\azurite\\dist\\src\\blob\\generated\\middleware\\HandlerMiddlewareFactory.js:58:18\n    at C:\\QR Portal\\node_modules\\azurite\\dist\\src\\blob\\generated\\ExpressMiddlewareFactory.js:78:63\n    at Layer.handle [as handle_request] (C:\\QR Portal\\node_modules\\azurite\\node_modules\\express\\lib\\router\\layer.js:95:5)\n    at trim_prefix (C:\\QR Portal\\node_modules\\azurite\\node_modules\\express\\lib\\router\\index.js:328:13)\n    at C:\\QR Portal\\node_modules\\azurite\\node_modules\\express\\lib\\router\\index.js:286:9\n    at Function.process_params (C:\\QR Portal\\node_modules\\azurite\\node_modules\\express\\lib\\router\\index.js:346:12)\n    at next (C:\\QR Portal\\node_modules\\azurite\\node_modules\\express\\lib\\router\\index.js:280:10)"
2025-09-01T15:01:56.260Z fe38fff1-3150-4c52-a6f9-1c69558df82b error: ErrorMiddleware: Set HTTP code: 409
2025-09-01T15:01:56.260Z fe38fff1-3150-4c52-a6f9-1c69558df82b error: ErrorMiddleware: Set HTTP status message: The specified container already exists.
2025-09-01T15:01:56.260Z fe38fff1-3150-4c52-a6f9-1c69558df82b error: ErrorMiddleware: Set HTTP Header: x-ms-error-code=ContainerAlreadyExists
2025-09-01T15:01:56.260Z fe38fff1-3150-4c52-a6f9-1c69558df82b error: ErrorMiddleware: Set HTTP Header: x-ms-request-id=fe38fff1-3150-4c52-a6f9-1c69558df82b
2025-09-01T15:01:56.260Z fe38fff1-3150-4c52-a6f9-1c69558df82b error: ErrorMiddleware: Set content type: application/xml
2025-09-01T15:01:56.260Z fe38fff1-3150-4c52-a6f9-1c69558df82b error: ErrorMiddleware: Set HTTP body: "<?xml version=\"1.0\" encoding=\"UTF-8\" standalone=\"yes\"?>\n<Error>\n  <Code>ContainerAlreadyExists</Code>\n  <Message>The specified container already exists.\nRequestId:fe38fff1-3150-4c52-a6f9-1c69558df82b\nTime:2025-09-01T15:01:56.259Z</Message>\n</Error>"
2025-09-01T15:01:56.260Z fe38fff1-3150-4c52-a6f9-1c69558df82b verbose: Send Blob telemetry: B_Container_Create
2025-09-01T15:01:56.261Z fe38fff1-3150-4c52-a6f9-1c69558df82b info: EndMiddleware: End response. TotalTimeInMS=4 StatusCode=409 StatusMessage=The specified container already exists. Headers={"server":"Azurite-Blob/3.35.0","x-ms-error-code":"ContainerAlreadyExists","x-ms-request-id":"fe38fff1-3150-4c52-a6f9-1c69558df82b","content-type":"application/xml"}
2025-09-01T15:01:56.275Z 1dab3515-08d3-448b-9f7e-cf104ce8c8d2 info: BlobStorageContextMiddleware: RequestMethod=PUT RequestURL=http://127.0.0.1/devstoreaccount1/quality-docs/abc/Lecture-9---10---Cryptography-and-Forensics.pdf RequestHeaders:{"content-type":"application/octet-stream","x-ms-version":"2025-07-05","content-length":"338232","x-ms-blob-content-type":"application/pdf","accept":"application/xml","x-ms-blob-type":"BlockBlob","user-agent":"azsdk-js-azure-storage-blob/12.28.0 core-rest-pipeline/1.22.0 Node/22.18.0 OS/(x64-Windows_NT-10.0.26100)","x-ms-client-request-id":"a4909cea-5764-4644-a856-6fe5e1bf74aa","x-ms-date":"Mon, 01 Sep 2025 15:01:56 GMT","authorization":"SharedKey devstoreaccount1:ep0GFGoIefrNaB2HDam442UsV+UkzLe/NvYNr2m2fxg=","host":"127.0.0.1:10000","connection":"keep-alive"} ClientIP=127.0.0.1 Protocol=http HTTPVersion=1.1
2025-09-01T15:01:56.275Z 1dab3515-08d3-448b-9f7e-cf104ce8c8d2 info: BlobStorageContextMiddleware: Account=devstoreaccount1 Container=quality-docs Blob=abc/Lecture-9---10---Cryptography-and-Forensics.pdf
2025-09-01T15:01:56.275Z 1dab3515-08d3-448b-9f7e-cf104ce8c8d2 verbose: DispatchMiddleware: Dispatching request...
2025-09-01T15:01:56.276Z 1dab3515-08d3-448b-9f7e-cf104ce8c8d2 info: DispatchMiddleware: Operation=BlockBlob_Upload
2025-09-01T15:01:56.276Z 1dab3515-08d3-448b-9f7e-cf104ce8c8d2 verbose: AuthenticationMiddlewareFactory:createAuthenticationMiddleware() Validating authentications.
2025-09-01T15:01:56.276Z 1dab3515-08d3-448b-9f7e-cf104ce8c8d2 info: PublicAccessAuthenticator:validate() Start validation against public access.
2025-09-01T15:01:56.276Z 1dab3515-08d3-448b-9f7e-cf104ce8c8d2 debug: PublicAccessAuthenticator:validate() Getting account properties...
2025-09-01T15:01:56.276Z 1dab3515-08d3-448b-9f7e-cf104ce8c8d2 debug: PublicAccessAuthenticator:validate() Retrieved account name from context: devstoreaccount1, container: quality-docs, blob: abc/Lecture-9---10---Cryptography-and-Forensics.pdf
2025-09-01T15:01:56.276Z 1dab3515-08d3-448b-9f7e-cf104ce8c8d2 debug: PublicAccessAuthenticator:validate() Public access type for container quality-docs is "container"
2025-09-01T15:01:56.276Z 1dab3515-08d3-448b-9f7e-cf104ce8c8d2 debug: PublicAccessAuthenticator:validate() Operation BlockBlob_Upload is not in container neither blob level public access list. Validation failed.
2025-09-01T15:01:56.276Z 1dab3515-08d3-448b-9f7e-cf104ce8c8d2 info: BlobSharedKeyAuthenticator:validate() Start validation against account shared key authentication.
2025-09-01T15:01:56.276Z 1dab3515-08d3-448b-9f7e-cf104ce8c8d2 info: BlobSharedKeyAuthenticator:validate() [STRING TO SIGN]:"PUT\n\n\n338232\n\napplication/octet-stream\n\n\n\n\n\n\nx-ms-blob-content-type:application/pdf\nx-ms-blob-type:BlockBlob\nx-ms-client-request-id:a4909cea-5764-4644-a856-6fe5e1bf74aa\nx-ms-date:Mon, 01 Sep 2025 15:01:56 GMT\nx-ms-version:2025-07-05\n/devstoreaccount1/devstoreaccount1/quality-docs/abc/Lecture-9---10---Cryptography-and-Forensics.pdf"
2025-09-01T15:01:56.276Z 1dab3515-08d3-448b-9f7e-cf104ce8c8d2 info: BlobSharedKeyAuthenticator:validate() Calculated authentication header based on key1: SharedKey devstoreaccount1:ep0GFGoIefrNaB2HDam442UsV+UkzLe/NvYNr2m2fxg=
2025-09-01T15:01:56.277Z 1dab3515-08d3-448b-9f7e-cf104ce8c8d2 info: BlobSharedKeyAuthenticator:validate() Signature 1 matched.
2025-09-01T15:01:56.277Z 1dab3515-08d3-448b-9f7e-cf104ce8c8d2 verbose: DeserializerMiddleware: Start deserializing...
2025-09-01T15:01:56.277Z 1dab3515-08d3-448b-9f7e-cf104ce8c8d2 info: HandlerMiddleware: DeserializedParameters={"options":{"metadata":{},"requestId":"a4909cea-5764-4644-a856-6fe5e1bf74aa","blobHTTPHeaders":{"blobContentType":"application/pdf"},"leaseAccessConditions":{},"cpkInfo":{},"cpkScopeInfo":{},"modifiedAccessConditions":{}},"contentLength":338232,"version":"2025-07-05","blobType":"BlockBlob","body":"ReadableStream"}
2025-09-01T15:01:56.277Z 1dab3515-08d3-448b-9f7e-cf104ce8c8d2 debug: OperationQueue.operate() Schedule incoming job 5df57bb1-4eec-4b9c-b823-5d8ffca4f0b9
2025-09-01T15:01:56.277Z 1dab3515-08d3-448b-9f7e-cf104ce8c8d2 debug: OperationQueue:execute() Current runningConcurrency:0 maxConcurrency:50 operations.length:1
2025-09-01T15:01:56.277Z 1dab3515-08d3-448b-9f7e-cf104ce8c8d2 info: FSExtentStore:appendExtent() Select extent from idle location for extent append operation. LocationId:1 extentId:4e550bc3-1e62-43e4-9d3d-6ba2361db643 offset:21860725 MAX_EXTENT_SIZE:67108864 
2025-09-01T15:01:56.277Z 1dab3515-08d3-448b-9f7e-cf104ce8c8d2 debug: FSExtentStore:appendExtent() Get fd:4 for extent:4e550bc3-1e62-43e4-9d3d-6ba2361db643 from cache.
2025-09-01T15:01:56.277Z 1dab3515-08d3-448b-9f7e-cf104ce8c8d2 debug: FSExtentStore:appendExtent() Created write stream for fd:4
2025-09-01T15:01:56.277Z 1dab3515-08d3-448b-9f7e-cf104ce8c8d2 debug: FSExtentStore:appendExtent() Start writing to extent 4e550bc3-1e62-43e4-9d3d-6ba2361db643
2025-09-01T15:01:56.277Z 1dab3515-08d3-448b-9f7e-cf104ce8c8d2 debug: FSExtentStore:streamPipe() Start piping data to write stream
2025-09-01T15:01:56.281Z 1dab3515-08d3-448b-9f7e-cf104ce8c8d2 debug: FSExtentStore:streamPipe() Readable stream triggers close event, 338232 bytes piped
2025-09-01T15:01:56.281Z 1dab3515-08d3-448b-9f7e-cf104ce8c8d2 debug: FSExtentStore:streamPipe() Invoke write stream end()
2025-09-01T15:01:56.281Z 1dab3515-08d3-448b-9f7e-cf104ce8c8d2 debug: FSExtentStore:streamPipe() Readable stream triggers close event, 338232 bytes piped
2025-09-01T15:01:56.281Z 1dab3515-08d3-448b-9f7e-cf104ce8c8d2 debug: FSExtentStore:streamPipe() Writable stream triggers finish event, after 338232 bytes piped. Flush data to fd:4.
2025-09-01T15:01:56.282Z 1dab3515-08d3-448b-9f7e-cf104ce8c8d2 debug: FSExtentStore:streamPipe() Flush data to fd:4 successfully. Resolve streamPipe().
2025-09-01T15:01:56.282Z 1dab3515-08d3-448b-9f7e-cf104ce8c8d2 debug: FSExtentStore:appendExtent() Write finish, start updating extent metadata. extent:{"id":"4e550bc3-1e62-43e4-9d3d-6ba2361db643","locationId":"Default","path":"4e550bc3-1e62-43e4-9d3d-6ba2361db643","size":22198957,"lastModifiedInMS":1756738916282}
2025-09-01T15:01:56.282Z 1dab3515-08d3-448b-9f7e-cf104ce8c8d2 debug: FSExtentStore:appendExtent() Update extent metadata done. Resolve()
2025-09-01T15:01:56.282Z 1dab3515-08d3-448b-9f7e-cf104ce8c8d2 debug: OperationQueue.operate() Job 5df57bb1-4eec-4b9c-b823-5d8ffca4f0b9 completes callback, resolve.
2025-09-01T15:01:56.282Z 1dab3515-08d3-448b-9f7e-cf104ce8c8d2 debug: OperationQueue.operate() Schedule incoming job db21b648-b582-49f5-bf2f-0371bf84a00b
2025-09-01T15:01:56.282Z 1dab3515-08d3-448b-9f7e-cf104ce8c8d2 debug: OperationQueue:execute() Current runningConcurrency:0 maxConcurrency:100 operations.length:1
2025-09-01T15:01:56.282Z 1dab3515-08d3-448b-9f7e-cf104ce8c8d2 verbose: FSExtentStore:readExtent() Creating read stream. LocationId:Default extentId:4e550bc3-1e62-43e4-9d3d-6ba2361db643 path:azurite\__blobstorage__\4e550bc3-1e62-43e4-9d3d-6ba2361db643 offset:21860725 count:338232 end:22198956
2025-09-01T15:01:56.282Z 1dab3515-08d3-448b-9f7e-cf104ce8c8d2 debug: OperationQueue.operate() Job db21b648-b582-49f5-bf2f-0371bf84a00b completes callback, resolve.
2025-09-01T15:01:56.282Z 1dab3515-08d3-448b-9f7e-cf104ce8c8d2 debug: OperationQueue:execute() Current runningConcurrency:0 maxConcurrency:50 operations.length:0
2025-09-01T15:01:56.282Z 1dab3515-08d3-448b-9f7e-cf104ce8c8d2 debug: OperationQueue:execute() return. Operation.length === 0
2025-09-01T15:01:56.282Z 1dab3515-08d3-448b-9f7e-cf104ce8c8d2 debug: OperationQueue:execute() Current runningConcurrency:0 maxConcurrency:100 operations.length:0
2025-09-01T15:01:56.282Z 1dab3515-08d3-448b-9f7e-cf104ce8c8d2 debug: OperationQueue:execute() return. Operation.length === 0
2025-09-01T15:01:56.298Z 1dab3515-08d3-448b-9f7e-cf104ce8c8d2 verbose: SerializerMiddleware: Start serializing...
2025-09-01T15:01:56.299Z 1dab3515-08d3-448b-9f7e-cf104ce8c8d2 verbose: Send Blob telemetry: B_BlockBlob_Upload
2025-09-01T15:01:56.299Z 1dab3515-08d3-448b-9f7e-cf104ce8c8d2 info: EndMiddleware: End response. TotalTimeInMS=24 StatusCode=201 StatusMessage=undefined Headers={"server":"Azurite-Blob/3.35.0","etag":"\"0x1D6B11D644BC130\"","last-modified":"Mon, 01 Sep 2025 15:01:56 GMT","content-md5":"trBXuNhw+pto7q5ccgvWMg==","x-ms-client-request-id":"a4909cea-5764-4644-a856-6fe5e1bf74aa","x-ms-request-id":"1dab3515-08d3-448b-9f7e-cf104ce8c8d2","x-ms-version":"2025-11-05","date":"Mon, 01 Sep 2025 15:01:56 GMT","x-ms-request-server-encrypted":"true"}
2025-09-01T15:01:56.299Z 1dab3515-08d3-448b-9f7e-cf104ce8c8d2 verbose: FSExtentStore:readExtent() Read stream closed. LocationId:Default extentId:4e550bc3-1e62-43e4-9d3d-6ba2361db643 path:azurite\__blobstorage__\4e550bc3-1e62-43e4-9d3d-6ba2361db643 offset:21860725 count:338232 end:22198956
2025-09-01T15:02:03.070Z 7689dca1-9ca0-4254-a709-7e0577f9cd86 info: BlobStorageContextMiddleware: RequestMethod=GET RequestURL=http://127.0.0.1/devstoreaccount1/quality-docs/abc/Lecture-9---10---Cryptography-and-Forensics.pdf RequestHeaders:{"host":"127.0.0.1:10000","connection":"keep-alive","upgrade-insecure-requests":"1","user-agent":"Mozilla/5.0 (Windows NT 10.0; Win64; x64) AppleWebKit/537.36 (KHTML, like Gecko) Chrome/139.0.0.0 Safari/537.36","accept":"text/html,application/xhtml+xml,application/xml;q=0.9,image/avif,image/webp,image/apng,*/*;q=0.8,application/signed-exchange;v=b3;q=0.7","sec-fetch-site":"none","sec-fetch-mode":"navigate","sec-fetch-user":"?1","sec-fetch-dest":"document","sec-ch-ua":"\"Not;A=Brand\";v=\"99\", \"Google Chrome\";v=\"139\", \"Chromium\";v=\"139\"","sec-ch-ua-mobile":"?0","sec-ch-ua-platform":"\"Windows\"","accept-encoding":"gzip, deflate, br, zstd","accept-language":"en-US,en;q=0.9"} ClientIP=127.0.0.1 Protocol=http HTTPVersion=1.1
2025-09-01T15:02:03.070Z 7689dca1-9ca0-4254-a709-7e0577f9cd86 info: BlobStorageContextMiddleware: Account=devstoreaccount1 Container=quality-docs Blob=abc/Lecture-9---10---Cryptography-and-Forensics.pdf
2025-09-01T15:02:03.070Z 7689dca1-9ca0-4254-a709-7e0577f9cd86 verbose: DispatchMiddleware: Dispatching request...
2025-09-01T15:02:03.070Z 7689dca1-9ca0-4254-a709-7e0577f9cd86 info: DispatchMiddleware: Operation=Blob_Download
2025-09-01T15:02:03.070Z 7689dca1-9ca0-4254-a709-7e0577f9cd86 verbose: AuthenticationMiddlewareFactory:createAuthenticationMiddleware() Validating authentications.
2025-09-01T15:02:03.070Z 7689dca1-9ca0-4254-a709-7e0577f9cd86 info: PublicAccessAuthenticator:validate() Start validation against public access.
2025-09-01T15:02:03.070Z 7689dca1-9ca0-4254-a709-7e0577f9cd86 debug: PublicAccessAuthenticator:validate() Getting account properties...
2025-09-01T15:02:03.070Z 7689dca1-9ca0-4254-a709-7e0577f9cd86 debug: PublicAccessAuthenticator:validate() Retrieved account name from context: devstoreaccount1, container: quality-docs, blob: abc/Lecture-9---10---Cryptography-and-Forensics.pdf
2025-09-01T15:02:03.070Z 7689dca1-9ca0-4254-a709-7e0577f9cd86 debug: PublicAccessAuthenticator:validate() Public access type for container quality-docs is "container"
2025-09-01T15:02:03.070Z 7689dca1-9ca0-4254-a709-7e0577f9cd86 debug: PublicAccessAuthenticator:validate() Operation Blob_Download is in container level public access list. Validation passed.
2025-09-01T15:02:03.070Z 7689dca1-9ca0-4254-a709-7e0577f9cd86 verbose: DeserializerMiddleware: Start deserializing...
2025-09-01T15:02:03.071Z 7689dca1-9ca0-4254-a709-7e0577f9cd86 info: HandlerMiddleware: DeserializedParameters={"options":{"leaseAccessConditions":{},"cpkInfo":{},"modifiedAccessConditions":{}}}
2025-09-01T15:02:03.071Z 7689dca1-9ca0-4254-a709-7e0577f9cd86 info: BlobHandler:downloadBlockBlobOrAppendBlob() NormalizedDownloadRange=bytes=0-338231 RequiredContentLength=338232
2025-09-01T15:02:03.071Z 7689dca1-9ca0-4254-a709-7e0577f9cd86 debug: OperationQueue.operate() Schedule incoming job effdde1d-80c0-4799-8ce2-e1f3da7b71e2
2025-09-01T15:02:03.071Z 7689dca1-9ca0-4254-a709-7e0577f9cd86 debug: OperationQueue:execute() Current runningConcurrency:0 maxConcurrency:100 operations.length:1
2025-09-01T15:02:03.071Z 7689dca1-9ca0-4254-a709-7e0577f9cd86 verbose: FSExtentStore:readExtent() Creating read stream. LocationId:Default extentId:4e550bc3-1e62-43e4-9d3d-6ba2361db643 path:azurite\__blobstorage__\4e550bc3-1e62-43e4-9d3d-6ba2361db643 offset:21860725 count:338232 end:22198956
2025-09-01T15:02:03.071Z 7689dca1-9ca0-4254-a709-7e0577f9cd86 debug: OperationQueue.operate() Job effdde1d-80c0-4799-8ce2-e1f3da7b71e2 completes callback, resolve.
2025-09-01T15:02:03.071Z 7689dca1-9ca0-4254-a709-7e0577f9cd86 verbose: SerializerMiddleware: Start serializing...
2025-09-01T15:02:03.071Z 7689dca1-9ca0-4254-a709-7e0577f9cd86 info: Serializer: Start returning stream body.
2025-09-01T15:02:03.071Z 7689dca1-9ca0-4254-a709-7e0577f9cd86 debug: OperationQueue:execute() Current runningConcurrency:0 maxConcurrency:100 operations.length:0
2025-09-01T15:02:03.071Z 7689dca1-9ca0-4254-a709-7e0577f9cd86 debug: OperationQueue:execute() return. Operation.length === 0
2025-09-01T15:02:03.074Z 7689dca1-9ca0-4254-a709-7e0577f9cd86 verbose: Send Blob telemetry: B_Blob_Download
2025-09-01T15:02:03.074Z 7689dca1-9ca0-4254-a709-7e0577f9cd86 info: EndMiddleware: End response. TotalTimeInMS=4 StatusCode=200 StatusMessage=OK Headers={"server":"Azurite-Blob/3.35.0","last-modified":"Mon, 01 Sep 2025 15:01:56 GMT","x-ms-creation-time":"Mon, 01 Sep 2025 15:01:56 GMT","content-length":"338232","content-type":"application/pdf","etag":"\"0x1D6B11D644BC130\"","content-md5":"trBXuNhw+pto7q5ccgvWMg==","x-ms-blob-type":"BlockBlob","x-ms-lease-state":"available","x-ms-lease-status":"unlocked","x-ms-request-id":"7689dca1-9ca0-4254-a709-7e0577f9cd86","x-ms-version":"2025-11-05","accept-ranges":"bytes","date":"Mon, 01 Sep 2025 15:02:03 GMT","x-ms-server-encrypted":"true","x-ms-blob-content-md5":"trBXuNhw+pto7q5ccgvWMg=="}
2025-09-01T15:02:03.074Z 7689dca1-9ca0-4254-a709-7e0577f9cd86 verbose: FSExtentStore:readExtent() Read stream closed. LocationId:Default extentId:4e550bc3-1e62-43e4-9d3d-6ba2361db643 path:azurite\__blobstorage__\4e550bc3-1e62-43e4-9d3d-6ba2361db643 offset:21860725 count:338232 end:22198956
2025-09-01T15:02:03.524Z f2c2dad4-6e6c-4818-8ba0-fd19e9d46333 info: BlobStorageContextMiddleware: RequestMethod=GET RequestURL=http://127.0.0.1/favicon.ico RequestHeaders:{"host":"127.0.0.1:10000","connection":"keep-alive","sec-ch-ua-platform":"\"Windows\"","user-agent":"Mozilla/5.0 (Windows NT 10.0; Win64; x64) AppleWebKit/537.36 (KHTML, like Gecko) Chrome/139.0.0.0 Safari/537.36","sec-ch-ua":"\"Not;A=Brand\";v=\"99\", \"Google Chrome\";v=\"139\", \"Chromium\";v=\"139\"","sec-ch-ua-mobile":"?0","accept":"image/avif,image/webp,image/apng,image/svg+xml,image/*,*/*;q=0.8","sec-fetch-site":"same-origin","sec-fetch-mode":"no-cors","sec-fetch-dest":"image","referer":"http://127.0.0.1:10000/devstoreaccount1/quality-docs/abc/Lecture-9---10---Cryptography-and-Forensics.pdf","accept-encoding":"gzip, deflate, br, zstd","accept-language":"en-US,en;q=0.9"} ClientIP=127.0.0.1 Protocol=http HTTPVersion=1.1
2025-09-01T15:02:03.524Z f2c2dad4-6e6c-4818-8ba0-fd19e9d46333 info: BlobStorageContextMiddleware: Account=favicon.ico Container=undefined Blob=
2025-09-01T15:02:03.524Z f2c2dad4-6e6c-4818-8ba0-fd19e9d46333 verbose: DispatchMiddleware: Dispatching request...
2025-09-01T15:02:03.524Z f2c2dad4-6e6c-4818-8ba0-fd19e9d46333 error: DispatchMiddleware: Incoming URL doesn't match any of swagger defined request patterns.
2025-09-01T15:02:03.524Z f2c2dad4-6e6c-4818-8ba0-fd19e9d46333 error: ErrorMiddleware: Received a MiddlewareError, fill error information to HTTP response
2025-09-01T15:02:03.524Z f2c2dad4-6e6c-4818-8ba0-fd19e9d46333 error: ErrorMiddleware: ErrorName=UnsupportedRequestError ErrorMessage=Incoming URL doesn't match any of swagger defined request patterns.  ErrorHTTPStatusCode=400 ErrorHTTPStatusMessage=undefined ErrorHTTPHeaders=undefined ErrorHTTPBody=undefined ErrorStack="UnsupportedRequestError: Incoming URL doesn't match any of swagger defined request patterns.\n    at dispatchMiddleware (C:\\QR Portal\\node_modules\\azurite\\dist\\src\\blob\\generated\\middleware\\dispatch.middleware.js:41:30)\n    at C:\\QR Portal\\node_modules\\azurite\\dist\\src\\blob\\generated\\ExpressMiddlewareFactory.js:50:47\n    at Layer.handle [as handle_request] (C:\\QR Portal\\node_modules\\azurite\\node_modules\\express\\lib\\router\\layer.js:95:5)\n    at trim_prefix (C:\\QR Portal\\node_modules\\azurite\\node_modules\\express\\lib\\router\\index.js:328:13)\n    at C:\\QR Portal\\node_modules\\azurite\\node_modules\\express\\lib\\router\\index.js:286:9\n    at Function.process_params (C:\\QR Portal\\node_modules\\azurite\\node_modules\\express\\lib\\router\\index.js:346:12)\n    at next (C:\\QR Portal\\node_modules\\azurite\\node_modules\\express\\lib\\router\\index.js:280:10)\n    at blobStorageContextMiddleware (C:\\QR Portal\\node_modules\\azurite\\dist\\src\\blob\\middlewares\\blobStorageContext.middleware.js:137:5)\n    at C:\\QR Portal\\node_modules\\azurite\\dist\\src\\blob\\middlewares\\blobStorageContext.middleware.js:15:16\n    at Layer.handle [as handle_request] (C:\\QR Portal\\node_modules\\azurite\\node_modules\\express\\lib\\router\\layer.js:95:5)"
2025-09-01T15:02:03.524Z f2c2dad4-6e6c-4818-8ba0-fd19e9d46333 error: ErrorMiddleware: Set HTTP code: 400
2025-09-01T15:02:03.524Z f2c2dad4-6e6c-4818-8ba0-fd19e9d46333 error: ErrorMiddleware: Set HTTP body: undefined
2025-09-01T15:02:03.524Z f2c2dad4-6e6c-4818-8ba0-fd19e9d46333 verbose: Send Blob telemetry: B_Service_SetProperties
2025-09-01T15:02:03.524Z f2c2dad4-6e6c-4818-8ba0-fd19e9d46333 info: EndMiddleware: End response. TotalTimeInMS=0 StatusCode=400 StatusMessage=undefined Headers={"server":"Azurite-Blob/3.35.0"}
2025-09-01T15:02:16.622Z 	 info: AccountDataStore:init() Refresh accounts from environment variable AZURITE_ACCOUNTS with value undefined
2025-09-01T15:02:16.622Z 	 info: AccountDataStore:init() Fallback to default emulator account devstoreaccount1.
2025-09-01T15:02:16.622Z 	 info: AccountDataStore:init() Refresh accounts from environment variable AZURITE_ACCOUNTS with value undefined
2025-09-01T15:02:16.622Z 	 info: AccountDataStore:init() Fallback to default emulator account devstoreaccount1.
2025-09-01T15:02:16.668Z 	 info: QueueGCManager:markSweepLoop() Start new mark and sweep.
2025-09-01T15:02:16.668Z 	 info: QueueGCManger:markSweep() Get all extents.
2025-09-01T15:02:16.668Z 	 info: QueueGCManager:marksweep() Get 0 extents.
2025-09-01T15:02:16.668Z 	 info: QueueGCManager:markSweep() Get referred extents, then remove from allExtents.
2025-09-01T15:02:16.668Z 	 info: QueueGCManager:markSweep() Got referred extents, unreferenced extents count is 0.
2025-09-01T15:02:16.668Z 	 info: QueueGCManager:markSweepLoop() Mark and sweep finished, take 0ms.
2025-09-01T15:02:16.668Z 	 info: QueueGCManager:markSweepLoop() Sleep for 60000
2025-09-01T15:02:16.668Z 	 info: AccountDataStore:init() Refresh accounts from environment variable AZURITE_ACCOUNTS with value undefined
2025-09-01T15:02:16.668Z 	 info: AccountDataStore:init() Fallback to default emulator account devstoreaccount1.
2025-09-01T15:03:16.631Z 	 info: AccountDataStore:init() Refresh accounts from environment variable AZURITE_ACCOUNTS with value undefined
2025-09-01T15:03:16.631Z 	 info: AccountDataStore:init() Fallback to default emulator account devstoreaccount1.
2025-09-01T15:03:16.631Z 	 info: AccountDataStore:init() Refresh accounts from environment variable AZURITE_ACCOUNTS with value undefined
2025-09-01T15:03:16.631Z 	 info: AccountDataStore:init() Fallback to default emulator account devstoreaccount1.
2025-09-01T15:03:16.677Z 	 info: QueueGCManager:markSweepLoop() Start new mark and sweep.
2025-09-01T15:03:16.677Z 	 info: QueueGCManger:markSweep() Get all extents.
2025-09-01T15:03:16.677Z 	 info: QueueGCManager:marksweep() Get 0 extents.
2025-09-01T15:03:16.677Z 	 info: QueueGCManager:markSweep() Get referred extents, then remove from allExtents.
2025-09-01T15:03:16.677Z 	 info: QueueGCManager:markSweep() Got referred extents, unreferenced extents count is 0.
2025-09-01T15:03:16.677Z 	 info: QueueGCManager:markSweepLoop() Mark and sweep finished, take 0ms.
2025-09-01T15:03:16.677Z 	 info: QueueGCManager:markSweepLoop() Sleep for 60000
2025-09-01T15:03:16.677Z 	 info: AccountDataStore:init() Refresh accounts from environment variable AZURITE_ACCOUNTS with value undefined
2025-09-01T15:03:16.677Z 	 info: AccountDataStore:init() Fallback to default emulator account devstoreaccount1.
2025-09-01T15:04:16.646Z 	 info: AccountDataStore:init() Refresh accounts from environment variable AZURITE_ACCOUNTS with value undefined
2025-09-01T15:04:16.646Z 	 info: AccountDataStore:init() Fallback to default emulator account devstoreaccount1.
2025-09-01T15:04:16.646Z 	 info: AccountDataStore:init() Refresh accounts from environment variable AZURITE_ACCOUNTS with value undefined
2025-09-01T15:04:16.646Z 	 info: AccountDataStore:init() Fallback to default emulator account devstoreaccount1.
2025-09-01T15:04:16.677Z 	 info: QueueGCManager:markSweepLoop() Start new mark and sweep.
2025-09-01T15:04:16.678Z 	 info: QueueGCManger:markSweep() Get all extents.
2025-09-01T15:04:16.678Z 	 info: QueueGCManager:marksweep() Get 0 extents.
2025-09-01T15:04:16.678Z 	 info: QueueGCManager:markSweep() Get referred extents, then remove from allExtents.
2025-09-01T15:04:16.678Z 	 info: QueueGCManager:markSweep() Got referred extents, unreferenced extents count is 0.
2025-09-01T15:04:16.678Z 	 info: QueueGCManager:markSweepLoop() Mark and sweep finished, take 0ms.
2025-09-01T15:04:16.678Z 	 info: QueueGCManager:markSweepLoop() Sleep for 60000
2025-09-01T15:04:16.678Z 	 info: AccountDataStore:init() Refresh accounts from environment variable AZURITE_ACCOUNTS with value undefined
2025-09-01T15:04:16.678Z 	 info: AccountDataStore:init() Fallback to default emulator account devstoreaccount1.
2025-09-01T15:05:16.652Z 	 info: AccountDataStore:init() Refresh accounts from environment variable AZURITE_ACCOUNTS with value undefined
2025-09-01T15:05:16.653Z 	 info: AccountDataStore:init() Fallback to default emulator account devstoreaccount1.
2025-09-01T15:05:16.653Z 	 info: AccountDataStore:init() Refresh accounts from environment variable AZURITE_ACCOUNTS with value undefined
2025-09-01T15:05:16.653Z 	 info: AccountDataStore:init() Fallback to default emulator account devstoreaccount1.
2025-09-01T15:05:16.684Z 	 info: QueueGCManager:markSweepLoop() Start new mark and sweep.
2025-09-01T15:05:16.684Z 	 info: QueueGCManger:markSweep() Get all extents.
2025-09-01T15:05:16.684Z 	 info: QueueGCManager:marksweep() Get 0 extents.
2025-09-01T15:05:16.684Z 	 info: QueueGCManager:markSweep() Get referred extents, then remove from allExtents.
2025-09-01T15:05:16.684Z 	 info: QueueGCManager:markSweep() Got referred extents, unreferenced extents count is 0.
2025-09-01T15:05:16.684Z 	 info: QueueGCManager:markSweepLoop() Mark and sweep finished, take 0ms.
2025-09-01T15:05:16.684Z 	 info: QueueGCManager:markSweepLoop() Sleep for 60000
2025-09-01T15:05:16.684Z 	 info: AccountDataStore:init() Refresh accounts from environment variable AZURITE_ACCOUNTS with value undefined
2025-09-01T15:05:16.684Z 	 info: AccountDataStore:init() Fallback to default emulator account devstoreaccount1.
2025-09-01T15:06:14.685Z 	 info: BlobGCManager:markSweepLoop() Start next mark and sweep.
2025-09-01T15:06:14.685Z 	 info: BlobGCManager:markSweep() Get all extents.
2025-09-01T15:06:14.685Z 	 info: BlobGCManager:markSweep() Got 0 extents.
2025-09-01T15:06:14.685Z 	 info: BlobGCManager:markSweep() Get referred extents.
2025-09-01T15:06:14.685Z 	 info: BlobGCManager:markSweep() Got referred extents, unreferenced extents count is 0.
2025-09-01T15:06:14.685Z 	 info: BlobGCManager:markSweepLoop() Mark and sweep finished, taken 0ms.
2025-09-01T15:06:14.685Z 	 info: BlobGCManager:markSweepLoop() Sleep for 600000ms.
2025-09-01T15:06:16.667Z 	 info: AccountDataStore:init() Refresh accounts from environment variable AZURITE_ACCOUNTS with value undefined
2025-09-01T15:06:16.667Z 	 info: AccountDataStore:init() Fallback to default emulator account devstoreaccount1.
2025-09-01T15:06:16.667Z 	 info: AccountDataStore:init() Refresh accounts from environment variable AZURITE_ACCOUNTS with value undefined
2025-09-01T15:06:16.667Z 	 info: AccountDataStore:init() Fallback to default emulator account devstoreaccount1.
2025-09-01T15:06:16.699Z 	 info: QueueGCManager:markSweepLoop() Start new mark and sweep.
2025-09-01T15:06:16.699Z 	 info: QueueGCManger:markSweep() Get all extents.
2025-09-01T15:06:16.699Z 	 info: QueueGCManager:marksweep() Get 0 extents.
2025-09-01T15:06:16.699Z 	 info: QueueGCManager:markSweep() Get referred extents, then remove from allExtents.
2025-09-01T15:06:16.699Z 	 info: QueueGCManager:markSweep() Got referred extents, unreferenced extents count is 0.
2025-09-01T15:06:16.699Z 	 info: QueueGCManager:markSweepLoop() Mark and sweep finished, take 0ms.
2025-09-01T15:06:16.699Z 	 info: QueueGCManager:markSweepLoop() Sleep for 60000
2025-09-01T15:06:16.699Z 	 info: AccountDataStore:init() Refresh accounts from environment variable AZURITE_ACCOUNTS with value undefined
2025-09-01T15:06:16.699Z 	 info: AccountDataStore:init() Fallback to default emulator account devstoreaccount1.
2025-09-01T15:07:16.681Z 	 info: AccountDataStore:init() Refresh accounts from environment variable AZURITE_ACCOUNTS with value undefined
2025-09-01T15:07:16.682Z 	 info: AccountDataStore:init() Fallback to default emulator account devstoreaccount1.
2025-09-01T15:07:16.682Z 	 info: AccountDataStore:init() Refresh accounts from environment variable AZURITE_ACCOUNTS with value undefined
2025-09-01T15:07:16.682Z 	 info: AccountDataStore:init() Fallback to default emulator account devstoreaccount1.
2025-09-01T15:07:16.712Z 	 info: QueueGCManager:markSweepLoop() Start new mark and sweep.
2025-09-01T15:07:16.712Z 	 info: QueueGCManger:markSweep() Get all extents.
2025-09-01T15:07:16.712Z 	 info: QueueGCManager:marksweep() Get 0 extents.
2025-09-01T15:07:16.712Z 	 info: QueueGCManager:markSweep() Get referred extents, then remove from allExtents.
2025-09-01T15:07:16.712Z 	 info: QueueGCManager:markSweep() Got referred extents, unreferenced extents count is 0.
2025-09-01T15:07:16.712Z 	 info: QueueGCManager:markSweepLoop() Mark and sweep finished, take 0ms.
2025-09-01T15:07:16.712Z 	 info: QueueGCManager:markSweepLoop() Sleep for 60000
2025-09-01T15:07:16.712Z 	 info: AccountDataStore:init() Refresh accounts from environment variable AZURITE_ACCOUNTS with value undefined
2025-09-01T15:07:16.712Z 	 info: AccountDataStore:init() Fallback to default emulator account devstoreaccount1.
2025-09-01T15:08:16.691Z 	 info: AccountDataStore:init() Refresh accounts from environment variable AZURITE_ACCOUNTS with value undefined
2025-09-01T15:08:16.691Z 	 info: AccountDataStore:init() Fallback to default emulator account devstoreaccount1.
2025-09-01T15:08:16.691Z 	 info: AccountDataStore:init() Refresh accounts from environment variable AZURITE_ACCOUNTS with value undefined
2025-09-01T15:08:16.691Z 	 info: AccountDataStore:init() Fallback to default emulator account devstoreaccount1.
2025-09-01T15:08:16.721Z 	 info: QueueGCManager:markSweepLoop() Start new mark and sweep.
2025-09-01T15:08:16.722Z 	 info: QueueGCManger:markSweep() Get all extents.
2025-09-01T15:08:16.722Z 	 info: QueueGCManager:marksweep() Get 0 extents.
2025-09-01T15:08:16.722Z 	 info: QueueGCManager:markSweep() Get referred extents, then remove from allExtents.
2025-09-01T15:08:16.722Z 	 info: QueueGCManager:markSweep() Got referred extents, unreferenced extents count is 0.
2025-09-01T15:08:16.722Z 	 info: QueueGCManager:markSweepLoop() Mark and sweep finished, take 0ms.
2025-09-01T15:08:16.722Z 	 info: QueueGCManager:markSweepLoop() Sleep for 60000
2025-09-01T15:08:16.722Z 	 info: AccountDataStore:init() Refresh accounts from environment variable AZURITE_ACCOUNTS with value undefined
2025-09-01T15:08:16.722Z 	 info: AccountDataStore:init() Fallback to default emulator account devstoreaccount1.
2025-09-01T15:09:16.700Z 	 info: AccountDataStore:init() Refresh accounts from environment variable AZURITE_ACCOUNTS with value undefined
2025-09-01T15:09:16.701Z 	 info: AccountDataStore:init() Fallback to default emulator account devstoreaccount1.
2025-09-01T15:09:16.701Z 	 info: AccountDataStore:init() Refresh accounts from environment variable AZURITE_ACCOUNTS with value undefined
2025-09-01T15:09:16.701Z 	 info: AccountDataStore:init() Fallback to default emulator account devstoreaccount1.
2025-09-01T15:09:16.733Z 	 info: QueueGCManager:markSweepLoop() Start new mark and sweep.
2025-09-01T15:09:16.733Z 	 info: QueueGCManger:markSweep() Get all extents.
2025-09-01T15:09:16.733Z 	 info: QueueGCManager:marksweep() Get 0 extents.
2025-09-01T15:09:16.733Z 	 info: QueueGCManager:markSweep() Get referred extents, then remove from allExtents.
2025-09-01T15:09:16.733Z 	 info: QueueGCManager:markSweep() Got referred extents, unreferenced extents count is 0.
2025-09-01T15:09:16.733Z 	 info: QueueGCManager:markSweepLoop() Mark and sweep finished, take 0ms.
2025-09-01T15:09:16.733Z 	 info: QueueGCManager:markSweepLoop() Sleep for 60000
2025-09-01T15:09:16.733Z 	 info: AccountDataStore:init() Refresh accounts from environment variable AZURITE_ACCOUNTS with value undefined
2025-09-01T15:09:16.733Z 	 info: AccountDataStore:init() Fallback to default emulator account devstoreaccount1.
2025-09-01T15:10:16.709Z 	 info: AccountDataStore:init() Refresh accounts from environment variable AZURITE_ACCOUNTS with value undefined
2025-09-01T15:10:16.709Z 	 info: AccountDataStore:init() Fallback to default emulator account devstoreaccount1.
2025-09-01T15:10:16.709Z 	 info: AccountDataStore:init() Refresh accounts from environment variable AZURITE_ACCOUNTS with value undefined
2025-09-01T15:10:16.709Z 	 info: AccountDataStore:init() Fallback to default emulator account devstoreaccount1.
2025-09-01T15:10:16.739Z 	 info: QueueGCManager:markSweepLoop() Start new mark and sweep.
2025-09-01T15:10:16.739Z 	 info: QueueGCManger:markSweep() Get all extents.
2025-09-01T15:10:16.739Z 	 info: QueueGCManager:marksweep() Get 0 extents.
2025-09-01T15:10:16.739Z 	 info: QueueGCManager:markSweep() Get referred extents, then remove from allExtents.
2025-09-01T15:10:16.739Z 	 info: QueueGCManager:markSweep() Got referred extents, unreferenced extents count is 0.
2025-09-01T15:10:16.739Z 	 info: QueueGCManager:markSweepLoop() Mark and sweep finished, take 0ms.
2025-09-01T15:10:16.739Z 	 info: QueueGCManager:markSweepLoop() Sleep for 60000
2025-09-01T15:10:16.739Z 	 info: AccountDataStore:init() Refresh accounts from environment variable AZURITE_ACCOUNTS with value undefined
2025-09-01T15:10:16.739Z 	 info: AccountDataStore:init() Fallback to default emulator account devstoreaccount1.
2025-09-01T15:11:16.716Z 	 info: AccountDataStore:init() Refresh accounts from environment variable AZURITE_ACCOUNTS with value undefined
2025-09-01T15:11:16.716Z 	 info: AccountDataStore:init() Fallback to default emulator account devstoreaccount1.
2025-09-01T15:11:16.716Z 	 info: AccountDataStore:init() Refresh accounts from environment variable AZURITE_ACCOUNTS with value undefined
2025-09-01T15:11:16.716Z 	 info: AccountDataStore:init() Fallback to default emulator account devstoreaccount1.
2025-09-01T15:11:16.746Z 	 info: QueueGCManager:markSweepLoop() Start new mark and sweep.
2025-09-01T15:11:16.746Z 	 info: QueueGCManger:markSweep() Get all extents.
2025-09-01T15:11:16.746Z 	 info: QueueGCManager:marksweep() Get 0 extents.
2025-09-01T15:11:16.746Z 	 info: QueueGCManager:markSweep() Get referred extents, then remove from allExtents.
2025-09-01T15:11:16.746Z 	 info: QueueGCManager:markSweep() Got referred extents, unreferenced extents count is 0.
2025-09-01T15:11:16.746Z 	 info: QueueGCManager:markSweepLoop() Mark and sweep finished, take 0ms.
2025-09-01T15:11:16.746Z 	 info: QueueGCManager:markSweepLoop() Sleep for 60000
2025-09-01T15:11:16.746Z 	 info: AccountDataStore:init() Refresh accounts from environment variable AZURITE_ACCOUNTS with value undefined
2025-09-01T15:11:16.746Z 	 info: AccountDataStore:init() Fallback to default emulator account devstoreaccount1.
2025-09-01T15:12:16.730Z 	 info: AccountDataStore:init() Refresh accounts from environment variable AZURITE_ACCOUNTS with value undefined
2025-09-01T15:12:16.730Z 	 info: AccountDataStore:init() Fallback to default emulator account devstoreaccount1.
2025-09-01T15:12:16.730Z 	 info: AccountDataStore:init() Refresh accounts from environment variable AZURITE_ACCOUNTS with value undefined
2025-09-01T15:12:16.730Z 	 info: AccountDataStore:init() Fallback to default emulator account devstoreaccount1.
2025-09-01T15:12:16.762Z 	 info: QueueGCManager:markSweepLoop() Start new mark and sweep.
2025-09-01T15:12:16.762Z 	 info: QueueGCManger:markSweep() Get all extents.
2025-09-01T15:12:16.762Z 	 info: QueueGCManager:marksweep() Get 0 extents.
2025-09-01T15:12:16.762Z 	 info: QueueGCManager:markSweep() Get referred extents, then remove from allExtents.
2025-09-01T15:12:16.762Z 	 info: QueueGCManager:markSweep() Got referred extents, unreferenced extents count is 0.
2025-09-01T15:12:16.762Z 	 info: QueueGCManager:markSweepLoop() Mark and sweep finished, take 0ms.
2025-09-01T15:12:16.762Z 	 info: QueueGCManager:markSweepLoop() Sleep for 60000
2025-09-01T15:12:16.762Z 	 info: AccountDataStore:init() Refresh accounts from environment variable AZURITE_ACCOUNTS with value undefined
2025-09-01T15:12:16.762Z 	 info: AccountDataStore:init() Fallback to default emulator account devstoreaccount1.
2025-09-01T15:13:16.741Z 	 info: AccountDataStore:init() Refresh accounts from environment variable AZURITE_ACCOUNTS with value undefined
2025-09-01T15:13:16.741Z 	 info: AccountDataStore:init() Fallback to default emulator account devstoreaccount1.
2025-09-01T15:13:16.741Z 	 info: AccountDataStore:init() Refresh accounts from environment variable AZURITE_ACCOUNTS with value undefined
2025-09-01T15:13:16.741Z 	 info: AccountDataStore:init() Fallback to default emulator account devstoreaccount1.
2025-09-01T15:13:16.771Z 	 info: QueueGCManager:markSweepLoop() Start new mark and sweep.
2025-09-01T15:13:16.772Z 	 info: QueueGCManger:markSweep() Get all extents.
2025-09-01T15:13:16.772Z 	 info: QueueGCManager:marksweep() Get 0 extents.
2025-09-01T15:13:16.772Z 	 info: QueueGCManager:markSweep() Get referred extents, then remove from allExtents.
2025-09-01T15:13:16.772Z 	 info: QueueGCManager:markSweep() Got referred extents, unreferenced extents count is 0.
2025-09-01T15:13:16.772Z 	 info: QueueGCManager:markSweepLoop() Mark and sweep finished, take 0ms.
2025-09-01T15:13:16.772Z 	 info: QueueGCManager:markSweepLoop() Sleep for 60000
2025-09-01T15:13:16.772Z 	 info: AccountDataStore:init() Refresh accounts from environment variable AZURITE_ACCOUNTS with value undefined
2025-09-01T15:13:16.772Z 	 info: AccountDataStore:init() Fallback to default emulator account devstoreaccount1.
2025-09-01T15:14:16.753Z 	 info: AccountDataStore:init() Refresh accounts from environment variable AZURITE_ACCOUNTS with value undefined
2025-09-01T15:14:16.754Z 	 info: AccountDataStore:init() Fallback to default emulator account devstoreaccount1.
2025-09-01T15:14:16.754Z 	 info: AccountDataStore:init() Refresh accounts from environment variable AZURITE_ACCOUNTS with value undefined
2025-09-01T15:14:16.754Z 	 info: AccountDataStore:init() Fallback to default emulator account devstoreaccount1.
2025-09-01T15:14:16.785Z 	 info: QueueGCManager:markSweepLoop() Start new mark and sweep.
2025-09-01T15:14:16.785Z 	 info: QueueGCManger:markSweep() Get all extents.
2025-09-01T15:14:16.785Z 	 info: QueueGCManager:marksweep() Get 0 extents.
2025-09-01T15:14:16.785Z 	 info: QueueGCManager:markSweep() Get referred extents, then remove from allExtents.
2025-09-01T15:14:16.785Z 	 info: QueueGCManager:markSweep() Got referred extents, unreferenced extents count is 0.
2025-09-01T15:14:16.785Z 	 info: QueueGCManager:markSweepLoop() Mark and sweep finished, take 0ms.
2025-09-01T15:14:16.785Z 	 info: QueueGCManager:markSweepLoop() Sleep for 60000
2025-09-01T15:14:16.786Z 	 info: AccountDataStore:init() Refresh accounts from environment variable AZURITE_ACCOUNTS with value undefined
2025-09-01T15:14:16.786Z 	 info: AccountDataStore:init() Fallback to default emulator account devstoreaccount1.
2025-09-01T15:15:16.756Z 	 info: AccountDataStore:init() Refresh accounts from environment variable AZURITE_ACCOUNTS with value undefined
2025-09-01T15:15:16.756Z 	 info: AccountDataStore:init() Fallback to default emulator account devstoreaccount1.
2025-09-01T15:15:16.756Z 	 info: AccountDataStore:init() Refresh accounts from environment variable AZURITE_ACCOUNTS with value undefined
2025-09-01T15:15:16.756Z 	 info: AccountDataStore:init() Fallback to default emulator account devstoreaccount1.
2025-09-01T15:15:16.802Z 	 info: QueueGCManager:markSweepLoop() Start new mark and sweep.
2025-09-01T15:15:16.802Z 	 info: QueueGCManger:markSweep() Get all extents.
2025-09-01T15:15:16.802Z 	 info: QueueGCManager:marksweep() Get 0 extents.
2025-09-01T15:15:16.802Z 	 info: QueueGCManager:markSweep() Get referred extents, then remove from allExtents.
2025-09-01T15:15:16.802Z 	 info: QueueGCManager:markSweep() Got referred extents, unreferenced extents count is 0.
2025-09-01T15:15:16.802Z 	 info: QueueGCManager:markSweepLoop() Mark and sweep finished, take 0ms.
2025-09-01T15:15:16.802Z 	 info: QueueGCManager:markSweepLoop() Sleep for 60000
2025-09-01T15:15:16.802Z 	 info: AccountDataStore:init() Refresh accounts from environment variable AZURITE_ACCOUNTS with value undefined
2025-09-01T15:15:16.802Z 	 info: AccountDataStore:init() Fallback to default emulator account devstoreaccount1.
2025-09-01T15:16:14.699Z 	 info: BlobGCManager:markSweepLoop() Start next mark and sweep.
2025-09-01T15:16:14.699Z 	 info: BlobGCManager:markSweep() Get all extents.
2025-09-01T15:16:14.700Z 	 info: BlobGCManager:markSweep() Got 1 extents.
2025-09-01T15:16:14.700Z 	 info: BlobGCManager:markSweep() Get referred extents.
2025-09-01T15:16:14.700Z 	 info: BlobGCManager:markSweep() Got referred extents, unreferenced extents count is 0.
2025-09-01T15:16:14.700Z 	 info: BlobGCManager:markSweepLoop() Mark and sweep finished, taken 1ms.
2025-09-01T15:16:14.700Z 	 info: BlobGCManager:markSweepLoop() Sleep for 600000ms.
2025-09-01T15:16:16.762Z 	 info: AccountDataStore:init() Refresh accounts from environment variable AZURITE_ACCOUNTS with value undefined
2025-09-01T15:16:16.762Z 	 info: AccountDataStore:init() Fallback to default emulator account devstoreaccount1.
2025-09-01T15:16:16.762Z 	 info: AccountDataStore:init() Refresh accounts from environment variable AZURITE_ACCOUNTS with value undefined
2025-09-01T15:16:16.762Z 	 info: AccountDataStore:init() Fallback to default emulator account devstoreaccount1.
2025-09-01T15:16:16.807Z 	 info: QueueGCManager:markSweepLoop() Start new mark and sweep.
2025-09-01T15:16:16.807Z 	 info: QueueGCManger:markSweep() Get all extents.
2025-09-01T15:16:16.807Z 	 info: QueueGCManager:marksweep() Get 0 extents.
2025-09-01T15:16:16.807Z 	 info: QueueGCManager:markSweep() Get referred extents, then remove from allExtents.
2025-09-01T15:16:16.807Z 	 info: QueueGCManager:markSweep() Got referred extents, unreferenced extents count is 0.
2025-09-01T15:16:16.807Z 	 info: QueueGCManager:markSweepLoop() Mark and sweep finished, take 0ms.
2025-09-01T15:16:16.807Z 	 info: QueueGCManager:markSweepLoop() Sleep for 60000
2025-09-01T15:16:16.808Z 	 info: AccountDataStore:init() Refresh accounts from environment variable AZURITE_ACCOUNTS with value undefined
2025-09-01T15:16:16.808Z 	 info: AccountDataStore:init() Fallback to default emulator account devstoreaccount1.
2025-09-01T15:17:16.776Z 	 info: AccountDataStore:init() Refresh accounts from environment variable AZURITE_ACCOUNTS with value undefined
2025-09-01T15:17:16.776Z 	 info: AccountDataStore:init() Fallback to default emulator account devstoreaccount1.
2025-09-01T15:17:16.776Z 	 info: AccountDataStore:init() Refresh accounts from environment variable AZURITE_ACCOUNTS with value undefined
2025-09-01T15:17:16.776Z 	 info: AccountDataStore:init() Fallback to default emulator account devstoreaccount1.
2025-09-01T15:17:16.821Z 	 info: QueueGCManager:markSweepLoop() Start new mark and sweep.
2025-09-01T15:17:16.822Z 	 info: QueueGCManger:markSweep() Get all extents.
2025-09-01T15:17:16.822Z 	 info: QueueGCManager:marksweep() Get 0 extents.
2025-09-01T15:17:16.822Z 	 info: QueueGCManager:markSweep() Get referred extents, then remove from allExtents.
2025-09-01T15:17:16.822Z 	 info: QueueGCManager:markSweep() Got referred extents, unreferenced extents count is 0.
2025-09-01T15:17:16.822Z 	 info: QueueGCManager:markSweepLoop() Mark and sweep finished, take 0ms.
2025-09-01T15:17:16.822Z 	 info: QueueGCManager:markSweepLoop() Sleep for 60000
2025-09-01T15:17:16.822Z 	 info: AccountDataStore:init() Refresh accounts from environment variable AZURITE_ACCOUNTS with value undefined
2025-09-01T15:17:16.822Z 	 info: AccountDataStore:init() Fallback to default emulator account devstoreaccount1.
2025-09-01T15:18:16.791Z 	 info: AccountDataStore:init() Refresh accounts from environment variable AZURITE_ACCOUNTS with value undefined
2025-09-01T15:18:16.791Z 	 info: AccountDataStore:init() Fallback to default emulator account devstoreaccount1.
2025-09-01T15:18:16.791Z 	 info: AccountDataStore:init() Refresh accounts from environment variable AZURITE_ACCOUNTS with value undefined
2025-09-01T15:18:16.791Z 	 info: AccountDataStore:init() Fallback to default emulator account devstoreaccount1.
2025-09-01T15:18:16.823Z 	 info: QueueGCManager:markSweepLoop() Start new mark and sweep.
2025-09-01T15:18:16.823Z 	 info: QueueGCManger:markSweep() Get all extents.
2025-09-01T15:18:16.823Z 	 info: QueueGCManager:marksweep() Get 0 extents.
2025-09-01T15:18:16.823Z 	 info: QueueGCManager:markSweep() Get referred extents, then remove from allExtents.
2025-09-01T15:18:16.823Z 	 info: QueueGCManager:markSweep() Got referred extents, unreferenced extents count is 0.
2025-09-01T15:18:16.823Z 	 info: QueueGCManager:markSweepLoop() Mark and sweep finished, take 0ms.
2025-09-01T15:18:16.824Z 	 info: QueueGCManager:markSweepLoop() Sleep for 60000
2025-09-01T15:18:16.824Z 	 info: AccountDataStore:init() Refresh accounts from environment variable AZURITE_ACCOUNTS with value undefined
2025-09-01T15:18:16.824Z 	 info: AccountDataStore:init() Fallback to default emulator account devstoreaccount1.
2025-09-01T15:19:16.804Z 	 info: AccountDataStore:init() Refresh accounts from environment variable AZURITE_ACCOUNTS with value undefined
2025-09-01T15:19:16.805Z 	 info: AccountDataStore:init() Fallback to default emulator account devstoreaccount1.
2025-09-01T15:19:16.805Z 	 info: AccountDataStore:init() Refresh accounts from environment variable AZURITE_ACCOUNTS with value undefined
2025-09-01T15:19:16.805Z 	 info: AccountDataStore:init() Fallback to default emulator account devstoreaccount1.
2025-09-01T15:19:16.836Z 	 info: QueueGCManager:markSweepLoop() Start new mark and sweep.
2025-09-01T15:19:16.836Z 	 info: QueueGCManger:markSweep() Get all extents.
2025-09-01T15:19:16.836Z 	 info: QueueGCManager:marksweep() Get 0 extents.
2025-09-01T15:19:16.836Z 	 info: QueueGCManager:markSweep() Get referred extents, then remove from allExtents.
2025-09-01T15:19:16.836Z 	 info: QueueGCManager:markSweep() Got referred extents, unreferenced extents count is 0.
2025-09-01T15:19:16.836Z 	 info: QueueGCManager:markSweepLoop() Mark and sweep finished, take 0ms.
2025-09-01T15:19:16.836Z 	 info: QueueGCManager:markSweepLoop() Sleep for 60000
2025-09-01T15:19:16.836Z 	 info: AccountDataStore:init() Refresh accounts from environment variable AZURITE_ACCOUNTS with value undefined
2025-09-01T15:19:16.836Z 	 info: AccountDataStore:init() Fallback to default emulator account devstoreaccount1.
2025-09-01T15:19:52.045Z 3aa0a1c3-bae4-4ca0-9221-a7ffb5b430a2 info: BlobStorageContextMiddleware: RequestMethod=PUT RequestURL=http://127.0.0.1/devstoreaccount1/quality-docs?restype=container RequestHeaders:{"x-ms-version":"2025-07-05","accept":"application/xml","x-ms-blob-public-access":"container","user-agent":"azsdk-js-azure-storage-blob/12.28.0 core-rest-pipeline/1.22.0 Node/22.18.0 OS/(x64-Windows_NT-10.0.26100)","x-ms-client-request-id":"ddb3aa50-a0bf-48d2-96d8-32fe507f53bf","x-ms-date":"Mon, 01 Sep 2025 15:19:52 GMT","authorization":"SharedKey devstoreaccount1:o1kikSn81iQgx7QHXv5JQuzCV2o/SJPcgExdqYJ+WbM=","host":"127.0.0.1:10000","connection":"keep-alive","content-length":"0"} ClientIP=127.0.0.1 Protocol=http HTTPVersion=1.1
2025-09-01T15:19:52.045Z 3aa0a1c3-bae4-4ca0-9221-a7ffb5b430a2 info: BlobStorageContextMiddleware: Account=devstoreaccount1 Container=quality-docs Blob=
2025-09-01T15:19:52.046Z 3aa0a1c3-bae4-4ca0-9221-a7ffb5b430a2 verbose: DispatchMiddleware: Dispatching request...
2025-09-01T15:19:52.047Z 3aa0a1c3-bae4-4ca0-9221-a7ffb5b430a2 info: DispatchMiddleware: Operation=Container_Create
2025-09-01T15:19:52.047Z 3aa0a1c3-bae4-4ca0-9221-a7ffb5b430a2 verbose: AuthenticationMiddlewareFactory:createAuthenticationMiddleware() Validating authentications.
2025-09-01T15:19:52.047Z 3aa0a1c3-bae4-4ca0-9221-a7ffb5b430a2 info: PublicAccessAuthenticator:validate() Start validation against public access.
2025-09-01T15:19:52.047Z 3aa0a1c3-bae4-4ca0-9221-a7ffb5b430a2 debug: PublicAccessAuthenticator:validate() Getting account properties...
2025-09-01T15:19:52.047Z 3aa0a1c3-bae4-4ca0-9221-a7ffb5b430a2 debug: PublicAccessAuthenticator:validate() Retrieved account name from context: devstoreaccount1, container: quality-docs, blob: 
2025-09-01T15:19:52.047Z 3aa0a1c3-bae4-4ca0-9221-a7ffb5b430a2 debug: PublicAccessAuthenticator:validate() Public access type for container quality-docs is "container"
2025-09-01T15:19:52.047Z 3aa0a1c3-bae4-4ca0-9221-a7ffb5b430a2 debug: PublicAccessAuthenticator:validate() Operation Container_Create is not in container neither blob level public access list. Validation failed.
2025-09-01T15:19:52.047Z 3aa0a1c3-bae4-4ca0-9221-a7ffb5b430a2 info: BlobSharedKeyAuthenticator:validate() Start validation against account shared key authentication.
2025-09-01T15:19:52.047Z 3aa0a1c3-bae4-4ca0-9221-a7ffb5b430a2 info: BlobSharedKeyAuthenticator:validate() [STRING TO SIGN]:"PUT\n\n\n\n\n\n\n\n\n\n\n\nx-ms-blob-public-access:container\nx-ms-client-request-id:ddb3aa50-a0bf-48d2-96d8-32fe507f53bf\nx-ms-date:Mon, 01 Sep 2025 15:19:52 GMT\nx-ms-version:2025-07-05\n/devstoreaccount1/devstoreaccount1/quality-docs\nrestype:container"
2025-09-01T15:19:52.047Z 3aa0a1c3-bae4-4ca0-9221-a7ffb5b430a2 info: BlobSharedKeyAuthenticator:validate() Calculated authentication header based on key1: SharedKey devstoreaccount1:o1kikSn81iQgx7QHXv5JQuzCV2o/SJPcgExdqYJ+WbM=
2025-09-01T15:19:52.047Z 3aa0a1c3-bae4-4ca0-9221-a7ffb5b430a2 info: BlobSharedKeyAuthenticator:validate() Signature 1 matched.
2025-09-01T15:19:52.048Z 3aa0a1c3-bae4-4ca0-9221-a7ffb5b430a2 verbose: DeserializerMiddleware: Start deserializing...
2025-09-01T15:19:52.048Z 3aa0a1c3-bae4-4ca0-9221-a7ffb5b430a2 info: HandlerMiddleware: DeserializedParameters={"options":{"metadata":{},"access":"container","requestId":"ddb3aa50-a0bf-48d2-96d8-32fe507f53bf","containerCpkScopeInfo":{}},"restype":"container","version":"2025-07-05"}
2025-09-01T15:19:52.048Z 3aa0a1c3-bae4-4ca0-9221-a7ffb5b430a2 error: ErrorMiddleware: Received a MiddlewareError, fill error information to HTTP response
2025-09-01T15:19:52.048Z 3aa0a1c3-bae4-4ca0-9221-a7ffb5b430a2 error: ErrorMiddleware: ErrorName=StorageError ErrorMessage=The specified container already exists.  ErrorHTTPStatusCode=409 ErrorHTTPStatusMessage=The specified container already exists. ErrorHTTPHeaders={"x-ms-error-code":"ContainerAlreadyExists","x-ms-request-id":"3aa0a1c3-bae4-4ca0-9221-a7ffb5b430a2"} ErrorHTTPBody="<?xml version=\"1.0\" encoding=\"UTF-8\" standalone=\"yes\"?>\n<Error>\n  <Code>ContainerAlreadyExists</Code>\n  <Message>The specified container already exists.\nRequestId:3aa0a1c3-bae4-4ca0-9221-a7ffb5b430a2\nTime:2025-09-01T15:19:52.048Z</Message>\n</Error>" ErrorStack="StorageError: The specified container already exists.\n    at StorageErrorFactory.getContainerAlreadyExists (C:\\QR Portal\\node_modules\\azurite\\dist\\src\\blob\\errors\\StorageErrorFactory.js:23:16)\n    at LokiBlobMetadataStore.createContainer (C:\\QR Portal\\node_modules\\azurite\\dist\\src\\blob\\persistence\\LokiBlobMetadataStore.js:299:49)\n    at ContainerHandler.create (C:\\QR Portal\\node_modules\\azurite\\dist\\src\\blob\\handlers\\ContainerHandler.js:44:34)\n    at C:\\QR Portal\\node_modules\\azurite\\dist\\src\\blob\\generated\\middleware\\HandlerMiddlewareFactory.js:58:18\n    at C:\\QR Portal\\node_modules\\azurite\\dist\\src\\blob\\generated\\ExpressMiddlewareFactory.js:78:63\n    at Layer.handle [as handle_request] (C:\\QR Portal\\node_modules\\azurite\\node_modules\\express\\lib\\router\\layer.js:95:5)\n    at trim_prefix (C:\\QR Portal\\node_modules\\azurite\\node_modules\\express\\lib\\router\\index.js:328:13)\n    at C:\\QR Portal\\node_modules\\azurite\\node_modules\\express\\lib\\router\\index.js:286:9\n    at Function.process_params (C:\\QR Portal\\node_modules\\azurite\\node_modules\\express\\lib\\router\\index.js:346:12)\n    at next (C:\\QR Portal\\node_modules\\azurite\\node_modules\\express\\lib\\router\\index.js:280:10)"
2025-09-01T15:19:52.048Z 3aa0a1c3-bae4-4ca0-9221-a7ffb5b430a2 error: ErrorMiddleware: Set HTTP code: 409
2025-09-01T15:19:52.048Z 3aa0a1c3-bae4-4ca0-9221-a7ffb5b430a2 error: ErrorMiddleware: Set HTTP status message: The specified container already exists.
2025-09-01T15:19:52.048Z 3aa0a1c3-bae4-4ca0-9221-a7ffb5b430a2 error: ErrorMiddleware: Set HTTP Header: x-ms-error-code=ContainerAlreadyExists
2025-09-01T15:19:52.048Z 3aa0a1c3-bae4-4ca0-9221-a7ffb5b430a2 error: ErrorMiddleware: Set HTTP Header: x-ms-request-id=3aa0a1c3-bae4-4ca0-9221-a7ffb5b430a2
2025-09-01T15:19:52.048Z 3aa0a1c3-bae4-4ca0-9221-a7ffb5b430a2 error: ErrorMiddleware: Set content type: application/xml
2025-09-01T15:19:52.048Z 3aa0a1c3-bae4-4ca0-9221-a7ffb5b430a2 error: ErrorMiddleware: Set HTTP body: "<?xml version=\"1.0\" encoding=\"UTF-8\" standalone=\"yes\"?>\n<Error>\n  <Code>ContainerAlreadyExists</Code>\n  <Message>The specified container already exists.\nRequestId:3aa0a1c3-bae4-4ca0-9221-a7ffb5b430a2\nTime:2025-09-01T15:19:52.048Z</Message>\n</Error>"
2025-09-01T15:19:52.049Z 3aa0a1c3-bae4-4ca0-9221-a7ffb5b430a2 verbose: Send Blob telemetry: B_Container_Create
2025-09-01T15:19:52.049Z 3aa0a1c3-bae4-4ca0-9221-a7ffb5b430a2 info: EndMiddleware: End response. TotalTimeInMS=4 StatusCode=409 StatusMessage=The specified container already exists. Headers={"server":"Azurite-Blob/3.35.0","x-ms-error-code":"ContainerAlreadyExists","x-ms-request-id":"3aa0a1c3-bae4-4ca0-9221-a7ffb5b430a2","content-type":"application/xml"}
2025-09-01T15:19:52.066Z 17cf5234-b05c-4116-be13-eba717e4d786 info: BlobStorageContextMiddleware: RequestMethod=PUT RequestURL=http://127.0.0.1/devstoreaccount1/quality-docs/abc/Lecture-9---10---Cryptography-and-Forensics.pdf RequestHeaders:{"content-type":"application/octet-stream","x-ms-version":"2025-07-05","content-length":"338232","x-ms-blob-content-type":"application/pdf","accept":"application/xml","x-ms-blob-type":"BlockBlob","user-agent":"azsdk-js-azure-storage-blob/12.28.0 core-rest-pipeline/1.22.0 Node/22.18.0 OS/(x64-Windows_NT-10.0.26100)","x-ms-client-request-id":"387bc5c5-1c91-4bb9-aad1-169584d3b29e","x-ms-date":"Mon, 01 Sep 2025 15:19:52 GMT","authorization":"SharedKey devstoreaccount1:nkMKgNJ0s4VhpqQIeHJ0aT/x5V9NT9xfAkDHP9i7Hv8=","host":"127.0.0.1:10000","connection":"keep-alive"} ClientIP=127.0.0.1 Protocol=http HTTPVersion=1.1
2025-09-01T15:19:52.066Z 17cf5234-b05c-4116-be13-eba717e4d786 info: BlobStorageContextMiddleware: Account=devstoreaccount1 Container=quality-docs Blob=abc/Lecture-9---10---Cryptography-and-Forensics.pdf
2025-09-01T15:19:52.066Z 17cf5234-b05c-4116-be13-eba717e4d786 verbose: DispatchMiddleware: Dispatching request...
2025-09-01T15:19:52.067Z 17cf5234-b05c-4116-be13-eba717e4d786 info: DispatchMiddleware: Operation=BlockBlob_Upload
2025-09-01T15:19:52.067Z 17cf5234-b05c-4116-be13-eba717e4d786 verbose: AuthenticationMiddlewareFactory:createAuthenticationMiddleware() Validating authentications.
2025-09-01T15:19:52.067Z 17cf5234-b05c-4116-be13-eba717e4d786 info: PublicAccessAuthenticator:validate() Start validation against public access.
2025-09-01T15:19:52.067Z 17cf5234-b05c-4116-be13-eba717e4d786 debug: PublicAccessAuthenticator:validate() Getting account properties...
2025-09-01T15:19:52.067Z 17cf5234-b05c-4116-be13-eba717e4d786 debug: PublicAccessAuthenticator:validate() Retrieved account name from context: devstoreaccount1, container: quality-docs, blob: abc/Lecture-9---10---Cryptography-and-Forensics.pdf
2025-09-01T15:19:52.067Z 17cf5234-b05c-4116-be13-eba717e4d786 debug: PublicAccessAuthenticator:validate() Public access type for container quality-docs is "container"
2025-09-01T15:19:52.067Z 17cf5234-b05c-4116-be13-eba717e4d786 debug: PublicAccessAuthenticator:validate() Operation BlockBlob_Upload is not in container neither blob level public access list. Validation failed.
2025-09-01T15:19:52.067Z 17cf5234-b05c-4116-be13-eba717e4d786 info: BlobSharedKeyAuthenticator:validate() Start validation against account shared key authentication.
2025-09-01T15:19:52.067Z 17cf5234-b05c-4116-be13-eba717e4d786 info: BlobSharedKeyAuthenticator:validate() [STRING TO SIGN]:"PUT\n\n\n338232\n\napplication/octet-stream\n\n\n\n\n\n\nx-ms-blob-content-type:application/pdf\nx-ms-blob-type:BlockBlob\nx-ms-client-request-id:387bc5c5-1c91-4bb9-aad1-169584d3b29e\nx-ms-date:Mon, 01 Sep 2025 15:19:52 GMT\nx-ms-version:2025-07-05\n/devstoreaccount1/devstoreaccount1/quality-docs/abc/Lecture-9---10---Cryptography-and-Forensics.pdf"
2025-09-01T15:19:52.067Z 17cf5234-b05c-4116-be13-eba717e4d786 info: BlobSharedKeyAuthenticator:validate() Calculated authentication header based on key1: SharedKey devstoreaccount1:nkMKgNJ0s4VhpqQIeHJ0aT/x5V9NT9xfAkDHP9i7Hv8=
2025-09-01T15:19:52.067Z 17cf5234-b05c-4116-be13-eba717e4d786 info: BlobSharedKeyAuthenticator:validate() Signature 1 matched.
2025-09-01T15:19:52.067Z 17cf5234-b05c-4116-be13-eba717e4d786 verbose: DeserializerMiddleware: Start deserializing...
2025-09-01T15:19:52.067Z 17cf5234-b05c-4116-be13-eba717e4d786 info: HandlerMiddleware: DeserializedParameters={"options":{"metadata":{},"requestId":"387bc5c5-1c91-4bb9-aad1-169584d3b29e","blobHTTPHeaders":{"blobContentType":"application/pdf"},"leaseAccessConditions":{},"cpkInfo":{},"cpkScopeInfo":{},"modifiedAccessConditions":{}},"contentLength":338232,"version":"2025-07-05","blobType":"BlockBlob","body":"ReadableStream"}
2025-09-01T15:19:52.068Z 17cf5234-b05c-4116-be13-eba717e4d786 debug: OperationQueue.operate() Schedule incoming job e9031507-0748-4e65-9fa6-16079c062736
2025-09-01T15:19:52.068Z 17cf5234-b05c-4116-be13-eba717e4d786 debug: OperationQueue:execute() Current runningConcurrency:0 maxConcurrency:50 operations.length:1
2025-09-01T15:19:52.068Z 17cf5234-b05c-4116-be13-eba717e4d786 info: FSExtentStore:appendExtent() Select extent from idle location for extent append operation. LocationId:1 extentId:4e550bc3-1e62-43e4-9d3d-6ba2361db643 offset:22198957 MAX_EXTENT_SIZE:67108864 
2025-09-01T15:19:52.068Z 17cf5234-b05c-4116-be13-eba717e4d786 debug: FSExtentStore:appendExtent() Get fd:4 for extent:4e550bc3-1e62-43e4-9d3d-6ba2361db643 from cache.
2025-09-01T15:19:52.068Z 17cf5234-b05c-4116-be13-eba717e4d786 debug: FSExtentStore:appendExtent() Created write stream for fd:4
2025-09-01T15:19:52.068Z 17cf5234-b05c-4116-be13-eba717e4d786 debug: FSExtentStore:appendExtent() Start writing to extent 4e550bc3-1e62-43e4-9d3d-6ba2361db643
2025-09-01T15:19:52.068Z 17cf5234-b05c-4116-be13-eba717e4d786 debug: FSExtentStore:streamPipe() Start piping data to write stream
2025-09-01T15:19:52.092Z 17cf5234-b05c-4116-be13-eba717e4d786 debug: FSExtentStore:streamPipe() Readable stream triggers close event, 338232 bytes piped
2025-09-01T15:19:52.092Z 17cf5234-b05c-4116-be13-eba717e4d786 debug: FSExtentStore:streamPipe() Invoke write stream end()
2025-09-01T15:19:52.092Z 17cf5234-b05c-4116-be13-eba717e4d786 debug: FSExtentStore:streamPipe() Readable stream triggers close event, 338232 bytes piped
2025-09-01T15:19:52.092Z 17cf5234-b05c-4116-be13-eba717e4d786 debug: FSExtentStore:streamPipe() Writable stream triggers finish event, after 338232 bytes piped. Flush data to fd:4.
2025-09-01T15:19:52.095Z 17cf5234-b05c-4116-be13-eba717e4d786 debug: FSExtentStore:streamPipe() Flush data to fd:4 successfully. Resolve streamPipe().
2025-09-01T15:19:52.095Z 17cf5234-b05c-4116-be13-eba717e4d786 debug: FSExtentStore:appendExtent() Write finish, start updating extent metadata. extent:{"id":"4e550bc3-1e62-43e4-9d3d-6ba2361db643","locationId":"Default","path":"4e550bc3-1e62-43e4-9d3d-6ba2361db643","size":22537189,"lastModifiedInMS":1756739992095}
2025-09-01T15:19:52.095Z 17cf5234-b05c-4116-be13-eba717e4d786 debug: FSExtentStore:appendExtent() Update extent metadata done. Resolve()
2025-09-01T15:19:52.095Z 17cf5234-b05c-4116-be13-eba717e4d786 debug: OperationQueue.operate() Job e9031507-0748-4e65-9fa6-16079c062736 completes callback, resolve.
2025-09-01T15:19:52.095Z 17cf5234-b05c-4116-be13-eba717e4d786 debug: OperationQueue.operate() Schedule incoming job e4b89e6f-8993-404f-b88f-8f9601411b46
2025-09-01T15:19:52.095Z 17cf5234-b05c-4116-be13-eba717e4d786 debug: OperationQueue:execute() Current runningConcurrency:0 maxConcurrency:100 operations.length:1
2025-09-01T15:19:52.095Z 17cf5234-b05c-4116-be13-eba717e4d786 verbose: FSExtentStore:readExtent() Creating read stream. LocationId:Default extentId:4e550bc3-1e62-43e4-9d3d-6ba2361db643 path:azurite\__blobstorage__\4e550bc3-1e62-43e4-9d3d-6ba2361db643 offset:22198957 count:338232 end:22537188
2025-09-01T15:19:52.095Z 17cf5234-b05c-4116-be13-eba717e4d786 debug: OperationQueue.operate() Job e4b89e6f-8993-404f-b88f-8f9601411b46 completes callback, resolve.
2025-09-01T15:19:52.095Z 17cf5234-b05c-4116-be13-eba717e4d786 debug: OperationQueue:execute() Current runningConcurrency:0 maxConcurrency:50 operations.length:0
2025-09-01T15:19:52.095Z 17cf5234-b05c-4116-be13-eba717e4d786 debug: OperationQueue:execute() return. Operation.length === 0
2025-09-01T15:19:52.095Z 17cf5234-b05c-4116-be13-eba717e4d786 debug: OperationQueue:execute() Current runningConcurrency:0 maxConcurrency:100 operations.length:0
2025-09-01T15:19:52.095Z 17cf5234-b05c-4116-be13-eba717e4d786 debug: OperationQueue:execute() return. Operation.length === 0
2025-09-01T15:19:52.123Z 17cf5234-b05c-4116-be13-eba717e4d786 verbose: SerializerMiddleware: Start serializing...
2025-09-01T15:19:52.123Z 17cf5234-b05c-4116-be13-eba717e4d786 verbose: Send Blob telemetry: B_BlockBlob_Upload
2025-09-01T15:19:52.123Z 17cf5234-b05c-4116-be13-eba717e4d786 info: EndMiddleware: End response. TotalTimeInMS=57 StatusCode=201 StatusMessage=undefined Headers={"server":"Azurite-Blob/3.35.0","etag":"\"0x2112C10E248FAC0\"","last-modified":"Mon, 01 Sep 2025 15:19:52 GMT","content-md5":"trBXuNhw+pto7q5ccgvWMg==","x-ms-client-request-id":"387bc5c5-1c91-4bb9-aad1-169584d3b29e","x-ms-request-id":"17cf5234-b05c-4116-be13-eba717e4d786","x-ms-version":"2025-11-05","date":"Mon, 01 Sep 2025 15:19:52 GMT","x-ms-request-server-encrypted":"true"}
2025-09-01T15:19:52.124Z 17cf5234-b05c-4116-be13-eba717e4d786 verbose: FSExtentStore:readExtent() Read stream closed. LocationId:Default extentId:4e550bc3-1e62-43e4-9d3d-6ba2361db643 path:azurite\__blobstorage__\4e550bc3-1e62-43e4-9d3d-6ba2361db643 offset:22198957 count:338232 end:22537188
2025-09-01T15:20:16.820Z 	 info: AccountDataStore:init() Refresh accounts from environment variable AZURITE_ACCOUNTS with value undefined
2025-09-01T15:20:16.820Z 	 info: AccountDataStore:init() Fallback to default emulator account devstoreaccount1.
2025-09-01T15:20:16.820Z 	 info: AccountDataStore:init() Refresh accounts from environment variable AZURITE_ACCOUNTS with value undefined
2025-09-01T15:20:16.820Z 	 info: AccountDataStore:init() Fallback to default emulator account devstoreaccount1.
2025-09-01T15:20:16.850Z 	 info: QueueGCManager:markSweepLoop() Start new mark and sweep.
2025-09-01T15:20:16.851Z 	 info: QueueGCManger:markSweep() Get all extents.
2025-09-01T15:20:16.851Z 	 info: QueueGCManager:marksweep() Get 0 extents.
2025-09-01T15:20:16.851Z 	 info: QueueGCManager:markSweep() Get referred extents, then remove from allExtents.
2025-09-01T15:20:16.851Z 	 info: QueueGCManager:markSweep() Got referred extents, unreferenced extents count is 0.
2025-09-01T15:20:16.851Z 	 info: QueueGCManager:markSweepLoop() Mark and sweep finished, take 0ms.
2025-09-01T15:20:16.851Z 	 info: QueueGCManager:markSweepLoop() Sleep for 60000
2025-09-01T15:20:16.851Z 	 info: AccountDataStore:init() Refresh accounts from environment variable AZURITE_ACCOUNTS with value undefined
2025-09-01T15:20:16.851Z 	 info: AccountDataStore:init() Fallback to default emulator account devstoreaccount1.
2025-09-01T15:21:16.826Z 	 info: AccountDataStore:init() Refresh accounts from environment variable AZURITE_ACCOUNTS with value undefined
2025-09-01T15:21:16.826Z 	 info: AccountDataStore:init() Fallback to default emulator account devstoreaccount1.
2025-09-01T15:21:16.826Z 	 info: AccountDataStore:init() Refresh accounts from environment variable AZURITE_ACCOUNTS with value undefined
2025-09-01T15:21:16.826Z 	 info: AccountDataStore:init() Fallback to default emulator account devstoreaccount1.
2025-09-01T15:21:16.857Z 	 info: QueueGCManager:markSweepLoop() Start new mark and sweep.
2025-09-01T15:21:16.857Z 	 info: QueueGCManger:markSweep() Get all extents.
2025-09-01T15:21:16.857Z 	 info: QueueGCManager:marksweep() Get 0 extents.
2025-09-01T15:21:16.857Z 	 info: QueueGCManager:markSweep() Get referred extents, then remove from allExtents.
2025-09-01T15:21:16.858Z 	 info: QueueGCManager:markSweep() Got referred extents, unreferenced extents count is 0.
2025-09-01T15:21:16.858Z 	 info: QueueGCManager:markSweepLoop() Mark and sweep finished, take 1ms.
2025-09-01T15:21:16.858Z 	 info: QueueGCManager:markSweepLoop() Sleep for 60000
2025-09-01T15:21:16.858Z 	 info: AccountDataStore:init() Refresh accounts from environment variable AZURITE_ACCOUNTS with value undefined
2025-09-01T15:21:16.858Z 	 info: AccountDataStore:init() Fallback to default emulator account devstoreaccount1.
2025-09-01T15:22:16.841Z 	 info: AccountDataStore:init() Refresh accounts from environment variable AZURITE_ACCOUNTS with value undefined
2025-09-01T15:22:16.841Z 	 info: AccountDataStore:init() Fallback to default emulator account devstoreaccount1.
2025-09-01T15:22:16.841Z 	 info: AccountDataStore:init() Refresh accounts from environment variable AZURITE_ACCOUNTS with value undefined
2025-09-01T15:22:16.841Z 	 info: AccountDataStore:init() Fallback to default emulator account devstoreaccount1.
2025-09-01T15:22:16.872Z 	 info: QueueGCManager:markSweepLoop() Start new mark and sweep.
2025-09-01T15:22:16.873Z 	 info: QueueGCManger:markSweep() Get all extents.
2025-09-01T15:22:16.873Z 	 info: QueueGCManager:marksweep() Get 0 extents.
2025-09-01T15:22:16.873Z 	 info: QueueGCManager:markSweep() Get referred extents, then remove from allExtents.
2025-09-01T15:22:16.873Z 	 info: QueueGCManager:markSweep() Got referred extents, unreferenced extents count is 0.
2025-09-01T15:22:16.873Z 	 info: QueueGCManager:markSweepLoop() Mark and sweep finished, take 0ms.
2025-09-01T15:22:16.873Z 	 info: QueueGCManager:markSweepLoop() Sleep for 60000
2025-09-01T15:22:16.873Z 	 info: AccountDataStore:init() Refresh accounts from environment variable AZURITE_ACCOUNTS with value undefined
2025-09-01T15:22:16.873Z 	 info: AccountDataStore:init() Fallback to default emulator account devstoreaccount1.
2025-09-01T15:23:16.846Z 	 info: AccountDataStore:init() Refresh accounts from environment variable AZURITE_ACCOUNTS with value undefined
2025-09-01T15:23:16.846Z 	 info: AccountDataStore:init() Fallback to default emulator account devstoreaccount1.
2025-09-01T15:23:16.846Z 	 info: AccountDataStore:init() Refresh accounts from environment variable AZURITE_ACCOUNTS with value undefined
2025-09-01T15:23:16.846Z 	 info: AccountDataStore:init() Fallback to default emulator account devstoreaccount1.
2025-09-01T15:23:16.876Z 	 info: QueueGCManager:markSweepLoop() Start new mark and sweep.
2025-09-01T15:23:16.876Z 	 info: QueueGCManger:markSweep() Get all extents.
2025-09-01T15:23:16.876Z 	 info: QueueGCManager:marksweep() Get 0 extents.
2025-09-01T15:23:16.876Z 	 info: QueueGCManager:markSweep() Get referred extents, then remove from allExtents.
2025-09-01T15:23:16.877Z 	 info: QueueGCManager:markSweep() Got referred extents, unreferenced extents count is 0.
2025-09-01T15:23:16.877Z 	 info: QueueGCManager:markSweepLoop() Mark and sweep finished, take 1ms.
2025-09-01T15:23:16.877Z 	 info: QueueGCManager:markSweepLoop() Sleep for 60000
2025-09-01T15:23:16.877Z 	 info: AccountDataStore:init() Refresh accounts from environment variable AZURITE_ACCOUNTS with value undefined
2025-09-01T15:23:16.877Z 	 info: AccountDataStore:init() Fallback to default emulator account devstoreaccount1.
2025-09-01T15:24:16.849Z 	 info: AccountDataStore:init() Refresh accounts from environment variable AZURITE_ACCOUNTS with value undefined
2025-09-01T15:24:16.849Z 	 info: AccountDataStore:init() Fallback to default emulator account devstoreaccount1.
2025-09-01T15:24:16.849Z 	 info: AccountDataStore:init() Refresh accounts from environment variable AZURITE_ACCOUNTS with value undefined
2025-09-01T15:24:16.849Z 	 info: AccountDataStore:init() Fallback to default emulator account devstoreaccount1.
2025-09-01T15:24:16.880Z 	 info: QueueGCManager:markSweepLoop() Start new mark and sweep.
2025-09-01T15:24:16.880Z 	 info: QueueGCManger:markSweep() Get all extents.
2025-09-01T15:24:16.880Z 	 info: QueueGCManager:marksweep() Get 0 extents.
2025-09-01T15:24:16.880Z 	 info: QueueGCManager:markSweep() Get referred extents, then remove from allExtents.
2025-09-01T15:24:16.880Z 	 info: QueueGCManager:markSweep() Got referred extents, unreferenced extents count is 0.
2025-09-01T15:24:16.880Z 	 info: QueueGCManager:markSweepLoop() Mark and sweep finished, take 0ms.
2025-09-01T15:24:16.880Z 	 info: QueueGCManager:markSweepLoop() Sleep for 60000
2025-09-01T15:24:16.880Z 	 info: AccountDataStore:init() Refresh accounts from environment variable AZURITE_ACCOUNTS with value undefined
2025-09-01T15:24:16.880Z 	 info: AccountDataStore:init() Fallback to default emulator account devstoreaccount1.
2025-09-01T15:25:16.861Z 	 info: AccountDataStore:init() Refresh accounts from environment variable AZURITE_ACCOUNTS with value undefined
2025-09-01T15:25:16.861Z 	 info: AccountDataStore:init() Fallback to default emulator account devstoreaccount1.
2025-09-01T15:25:16.861Z 	 info: AccountDataStore:init() Refresh accounts from environment variable AZURITE_ACCOUNTS with value undefined
2025-09-01T15:25:16.861Z 	 info: AccountDataStore:init() Fallback to default emulator account devstoreaccount1.
2025-09-01T15:25:16.892Z 	 info: QueueGCManager:markSweepLoop() Start new mark and sweep.
2025-09-01T15:25:16.892Z 	 info: QueueGCManger:markSweep() Get all extents.
2025-09-01T15:25:16.892Z 	 info: QueueGCManager:marksweep() Get 0 extents.
2025-09-01T15:25:16.892Z 	 info: QueueGCManager:markSweep() Get referred extents, then remove from allExtents.
2025-09-01T15:25:16.892Z 	 info: QueueGCManager:markSweep() Got referred extents, unreferenced extents count is 0.
2025-09-01T15:25:16.892Z 	 info: QueueGCManager:markSweepLoop() Mark and sweep finished, take 0ms.
2025-09-01T15:25:16.892Z 	 info: QueueGCManager:markSweepLoop() Sleep for 60000
2025-09-01T15:25:16.892Z 	 info: AccountDataStore:init() Refresh accounts from environment variable AZURITE_ACCOUNTS with value undefined
2025-09-01T15:25:16.892Z 	 info: AccountDataStore:init() Fallback to default emulator account devstoreaccount1.
2025-09-01T15:26:14.716Z 	 info: BlobGCManager:markSweepLoop() Start next mark and sweep.
2025-09-01T15:26:14.716Z 	 info: BlobGCManager:markSweep() Get all extents.
2025-09-01T15:26:14.716Z 	 info: BlobGCManager:markSweep() Got 0 extents.
2025-09-01T15:26:14.716Z 	 info: BlobGCManager:markSweep() Get referred extents.
2025-09-01T15:26:14.716Z 	 info: BlobGCManager:markSweep() Got referred extents, unreferenced extents count is 0.
2025-09-01T15:26:14.716Z 	 info: BlobGCManager:markSweepLoop() Mark and sweep finished, taken 0ms.
2025-09-01T15:26:14.716Z 	 info: BlobGCManager:markSweepLoop() Sleep for 600000ms.
2025-09-01T15:26:16.869Z 	 info: AccountDataStore:init() Refresh accounts from environment variable AZURITE_ACCOUNTS with value undefined
2025-09-01T15:26:16.869Z 	 info: AccountDataStore:init() Fallback to default emulator account devstoreaccount1.
2025-09-01T15:26:16.869Z 	 info: AccountDataStore:init() Refresh accounts from environment variable AZURITE_ACCOUNTS with value undefined
2025-09-01T15:26:16.869Z 	 info: AccountDataStore:init() Fallback to default emulator account devstoreaccount1.
2025-09-01T15:26:16.900Z 	 info: QueueGCManager:markSweepLoop() Start new mark and sweep.
2025-09-01T15:26:16.900Z 	 info: QueueGCManger:markSweep() Get all extents.
2025-09-01T15:26:16.901Z 	 info: QueueGCManager:marksweep() Get 0 extents.
2025-09-01T15:26:16.901Z 	 info: QueueGCManager:markSweep() Get referred extents, then remove from allExtents.
2025-09-01T15:26:16.901Z 	 info: QueueGCManager:markSweep() Got referred extents, unreferenced extents count is 0.
2025-09-01T15:26:16.901Z 	 info: QueueGCManager:markSweepLoop() Mark and sweep finished, take 1ms.
2025-09-01T15:26:16.901Z 	 info: QueueGCManager:markSweepLoop() Sleep for 60000
2025-09-01T15:26:16.901Z 	 info: AccountDataStore:init() Refresh accounts from environment variable AZURITE_ACCOUNTS with value undefined
2025-09-01T15:26:16.901Z 	 info: AccountDataStore:init() Fallback to default emulator account devstoreaccount1.
2025-09-01T15:27:16.878Z 	 info: AccountDataStore:init() Refresh accounts from environment variable AZURITE_ACCOUNTS with value undefined
2025-09-01T15:27:16.879Z 	 info: AccountDataStore:init() Fallback to default emulator account devstoreaccount1.
2025-09-01T15:27:16.879Z 	 info: AccountDataStore:init() Refresh accounts from environment variable AZURITE_ACCOUNTS with value undefined
2025-09-01T15:27:16.879Z 	 info: AccountDataStore:init() Fallback to default emulator account devstoreaccount1.
2025-09-01T15:27:16.910Z 	 info: QueueGCManager:markSweepLoop() Start new mark and sweep.
2025-09-01T15:27:16.910Z 	 info: QueueGCManger:markSweep() Get all extents.
2025-09-01T15:27:16.910Z 	 info: QueueGCManager:marksweep() Get 0 extents.
2025-09-01T15:27:16.910Z 	 info: QueueGCManager:markSweep() Get referred extents, then remove from allExtents.
2025-09-01T15:27:16.910Z 	 info: QueueGCManager:markSweep() Got referred extents, unreferenced extents count is 0.
2025-09-01T15:27:16.910Z 	 info: QueueGCManager:markSweepLoop() Mark and sweep finished, take 0ms.
2025-09-01T15:27:16.910Z 	 info: QueueGCManager:markSweepLoop() Sleep for 60000
2025-09-01T15:27:16.911Z 	 info: AccountDataStore:init() Refresh accounts from environment variable AZURITE_ACCOUNTS with value undefined
2025-09-01T15:27:16.911Z 	 info: AccountDataStore:init() Fallback to default emulator account devstoreaccount1.
2025-09-01T15:28:16.883Z 	 info: AccountDataStore:init() Refresh accounts from environment variable AZURITE_ACCOUNTS with value undefined
2025-09-01T15:28:16.883Z 	 info: AccountDataStore:init() Fallback to default emulator account devstoreaccount1.
2025-09-01T15:28:16.883Z 	 info: AccountDataStore:init() Refresh accounts from environment variable AZURITE_ACCOUNTS with value undefined
2025-09-01T15:28:16.883Z 	 info: AccountDataStore:init() Fallback to default emulator account devstoreaccount1.
2025-09-01T15:28:16.914Z 	 info: QueueGCManager:markSweepLoop() Start new mark and sweep.
2025-09-01T15:28:16.914Z 	 info: QueueGCManger:markSweep() Get all extents.
2025-09-01T15:28:16.914Z 	 info: QueueGCManager:marksweep() Get 0 extents.
2025-09-01T15:28:16.914Z 	 info: QueueGCManager:markSweep() Get referred extents, then remove from allExtents.
2025-09-01T15:28:16.914Z 	 info: QueueGCManager:markSweep() Got referred extents, unreferenced extents count is 0.
2025-09-01T15:28:16.914Z 	 info: QueueGCManager:markSweepLoop() Mark and sweep finished, take 0ms.
2025-09-01T15:28:16.914Z 	 info: QueueGCManager:markSweepLoop() Sleep for 60000
2025-09-01T15:28:16.914Z 	 info: AccountDataStore:init() Refresh accounts from environment variable AZURITE_ACCOUNTS with value undefined
2025-09-01T15:28:16.914Z 	 info: AccountDataStore:init() Fallback to default emulator account devstoreaccount1.
2025-09-01T15:29:16.890Z 	 info: AccountDataStore:init() Refresh accounts from environment variable AZURITE_ACCOUNTS with value undefined
2025-09-01T15:29:16.890Z 	 info: AccountDataStore:init() Fallback to default emulator account devstoreaccount1.
2025-09-01T15:29:16.890Z 	 info: AccountDataStore:init() Refresh accounts from environment variable AZURITE_ACCOUNTS with value undefined
2025-09-01T15:29:16.890Z 	 info: AccountDataStore:init() Fallback to default emulator account devstoreaccount1.
2025-09-01T15:29:16.922Z 	 info: QueueGCManager:markSweepLoop() Start new mark and sweep.
2025-09-01T15:29:16.922Z 	 info: QueueGCManger:markSweep() Get all extents.
2025-09-01T15:29:16.922Z 	 info: QueueGCManager:marksweep() Get 0 extents.
2025-09-01T15:29:16.922Z 	 info: QueueGCManager:markSweep() Get referred extents, then remove from allExtents.
2025-09-01T15:29:16.922Z 	 info: QueueGCManager:markSweep() Got referred extents, unreferenced extents count is 0.
2025-09-01T15:29:16.922Z 	 info: QueueGCManager:markSweepLoop() Mark and sweep finished, take 0ms.
2025-09-01T15:29:16.922Z 	 info: QueueGCManager:markSweepLoop() Sleep for 60000
2025-09-01T15:29:16.922Z 	 info: AccountDataStore:init() Refresh accounts from environment variable AZURITE_ACCOUNTS with value undefined
2025-09-01T15:29:16.922Z 	 info: AccountDataStore:init() Fallback to default emulator account devstoreaccount1.
2025-09-01T15:30:16.893Z 	 info: AccountDataStore:init() Refresh accounts from environment variable AZURITE_ACCOUNTS with value undefined
2025-09-01T15:30:16.893Z 	 info: AccountDataStore:init() Fallback to default emulator account devstoreaccount1.
2025-09-01T15:30:16.893Z 	 info: AccountDataStore:init() Refresh accounts from environment variable AZURITE_ACCOUNTS with value undefined
2025-09-01T15:30:16.893Z 	 info: AccountDataStore:init() Fallback to default emulator account devstoreaccount1.
2025-09-01T15:30:16.924Z 	 info: QueueGCManager:markSweepLoop() Start new mark and sweep.
2025-09-01T15:30:16.925Z 	 info: QueueGCManger:markSweep() Get all extents.
2025-09-01T15:30:16.925Z 	 info: QueueGCManager:marksweep() Get 0 extents.
2025-09-01T15:30:16.925Z 	 info: QueueGCManager:markSweep() Get referred extents, then remove from allExtents.
2025-09-01T15:30:16.925Z 	 info: QueueGCManager:markSweep() Got referred extents, unreferenced extents count is 0.
2025-09-01T15:30:16.925Z 	 info: QueueGCManager:markSweepLoop() Mark and sweep finished, take 0ms.
2025-09-01T15:30:16.925Z 	 info: QueueGCManager:markSweepLoop() Sleep for 60000
2025-09-01T15:30:16.925Z 	 info: AccountDataStore:init() Refresh accounts from environment variable AZURITE_ACCOUNTS with value undefined
2025-09-01T15:30:16.926Z 	 info: AccountDataStore:init() Fallback to default emulator account devstoreaccount1.
2025-09-01T15:31:16.909Z 	 info: AccountDataStore:init() Refresh accounts from environment variable AZURITE_ACCOUNTS with value undefined
2025-09-01T15:31:16.909Z 	 info: AccountDataStore:init() Fallback to default emulator account devstoreaccount1.
2025-09-01T15:31:16.910Z 	 info: AccountDataStore:init() Refresh accounts from environment variable AZURITE_ACCOUNTS with value undefined
2025-09-01T15:31:16.910Z 	 info: AccountDataStore:init() Fallback to default emulator account devstoreaccount1.
2025-09-01T15:31:16.938Z 	 info: QueueGCManager:markSweepLoop() Start new mark and sweep.
2025-09-01T15:31:16.939Z 	 info: QueueGCManger:markSweep() Get all extents.
2025-09-01T15:31:16.939Z 	 info: QueueGCManager:marksweep() Get 0 extents.
2025-09-01T15:31:16.939Z 	 info: QueueGCManager:markSweep() Get referred extents, then remove from allExtents.
2025-09-01T15:31:16.939Z 	 info: QueueGCManager:markSweep() Got referred extents, unreferenced extents count is 0.
2025-09-01T15:31:16.939Z 	 info: QueueGCManager:markSweepLoop() Mark and sweep finished, take 0ms.
2025-09-01T15:31:16.939Z 	 info: QueueGCManager:markSweepLoop() Sleep for 60000
2025-09-01T15:31:16.939Z 	 info: AccountDataStore:init() Refresh accounts from environment variable AZURITE_ACCOUNTS with value undefined
2025-09-01T15:31:16.939Z 	 info: AccountDataStore:init() Fallback to default emulator account devstoreaccount1.
2025-09-01T15:32:16.912Z 	 info: AccountDataStore:init() Refresh accounts from environment variable AZURITE_ACCOUNTS with value undefined
2025-09-01T15:32:16.912Z 	 info: AccountDataStore:init() Fallback to default emulator account devstoreaccount1.
2025-09-01T15:32:16.912Z 	 info: AccountDataStore:init() Refresh accounts from environment variable AZURITE_ACCOUNTS with value undefined
2025-09-01T15:32:16.912Z 	 info: AccountDataStore:init() Fallback to default emulator account devstoreaccount1.
2025-09-01T15:32:16.943Z 	 info: QueueGCManager:markSweepLoop() Start new mark and sweep.
2025-09-01T15:32:16.943Z 	 info: QueueGCManger:markSweep() Get all extents.
2025-09-01T15:32:16.943Z 	 info: QueueGCManager:marksweep() Get 0 extents.
2025-09-01T15:32:16.943Z 	 info: QueueGCManager:markSweep() Get referred extents, then remove from allExtents.
2025-09-01T15:32:16.943Z 	 info: QueueGCManager:markSweep() Got referred extents, unreferenced extents count is 0.
2025-09-01T15:32:16.943Z 	 info: QueueGCManager:markSweepLoop() Mark and sweep finished, take 0ms.
2025-09-01T15:32:16.943Z 	 info: QueueGCManager:markSweepLoop() Sleep for 60000
2025-09-01T15:32:16.943Z 	 info: AccountDataStore:init() Refresh accounts from environment variable AZURITE_ACCOUNTS with value undefined
2025-09-01T15:32:16.943Z 	 info: AccountDataStore:init() Fallback to default emulator account devstoreaccount1.
2025-09-01T15:33:16.916Z 	 info: AccountDataStore:init() Refresh accounts from environment variable AZURITE_ACCOUNTS with value undefined
2025-09-01T15:33:16.916Z 	 info: AccountDataStore:init() Fallback to default emulator account devstoreaccount1.
2025-09-01T15:33:16.917Z 	 info: AccountDataStore:init() Refresh accounts from environment variable AZURITE_ACCOUNTS with value undefined
2025-09-01T15:33:16.917Z 	 info: AccountDataStore:init() Fallback to default emulator account devstoreaccount1.
2025-09-01T15:33:16.948Z 	 info: QueueGCManager:markSweepLoop() Start new mark and sweep.
2025-09-01T15:33:16.948Z 	 info: QueueGCManger:markSweep() Get all extents.
2025-09-01T15:33:16.948Z 	 info: QueueGCManager:marksweep() Get 0 extents.
2025-09-01T15:33:16.948Z 	 info: QueueGCManager:markSweep() Get referred extents, then remove from allExtents.
2025-09-01T15:33:16.948Z 	 info: QueueGCManager:markSweep() Got referred extents, unreferenced extents count is 0.
2025-09-01T15:33:16.948Z 	 info: QueueGCManager:markSweepLoop() Mark and sweep finished, take 0ms.
2025-09-01T15:33:16.948Z 	 info: QueueGCManager:markSweepLoop() Sleep for 60000
2025-09-01T15:33:16.948Z 	 info: AccountDataStore:init() Refresh accounts from environment variable AZURITE_ACCOUNTS with value undefined
2025-09-01T15:33:16.948Z 	 info: AccountDataStore:init() Fallback to default emulator account devstoreaccount1.
2025-09-01T15:34:16.918Z 	 info: AccountDataStore:init() Refresh accounts from environment variable AZURITE_ACCOUNTS with value undefined
2025-09-01T15:34:16.918Z 	 info: AccountDataStore:init() Fallback to default emulator account devstoreaccount1.
2025-09-01T15:34:16.918Z 	 info: AccountDataStore:init() Refresh accounts from environment variable AZURITE_ACCOUNTS with value undefined
2025-09-01T15:34:16.918Z 	 info: AccountDataStore:init() Fallback to default emulator account devstoreaccount1.
2025-09-01T15:34:16.950Z 	 info: QueueGCManager:markSweepLoop() Start new mark and sweep.
2025-09-01T15:34:16.950Z 	 info: QueueGCManger:markSweep() Get all extents.
2025-09-01T15:34:16.950Z 	 info: QueueGCManager:marksweep() Get 0 extents.
2025-09-01T15:34:16.950Z 	 info: QueueGCManager:markSweep() Get referred extents, then remove from allExtents.
2025-09-01T15:34:16.950Z 	 info: QueueGCManager:markSweep() Got referred extents, unreferenced extents count is 0.
2025-09-01T15:34:16.950Z 	 info: QueueGCManager:markSweepLoop() Mark and sweep finished, take 0ms.
2025-09-01T15:34:16.950Z 	 info: QueueGCManager:markSweepLoop() Sleep for 60000
2025-09-01T15:34:16.951Z 	 info: AccountDataStore:init() Refresh accounts from environment variable AZURITE_ACCOUNTS with value undefined
2025-09-01T15:34:16.951Z 	 info: AccountDataStore:init() Fallback to default emulator account devstoreaccount1.
2025-09-01T15:34:18.248Z 79582f3c-1b43-4c4c-9130-3db6cae45700 info: BlobStorageContextMiddleware: RequestMethod=PUT RequestURL=http://127.0.0.1/devstoreaccount1/quality-docs?restype=container RequestHeaders:{"x-ms-version":"2025-07-05","accept":"application/xml","x-ms-blob-public-access":"container","user-agent":"azsdk-js-azure-storage-blob/12.28.0 core-rest-pipeline/1.22.0 Node/22.18.0 OS/(x64-Windows_NT-10.0.26100)","x-ms-client-request-id":"4f2efdac-f9c7-4d59-9d3f-5f1f0fdc43d3","x-ms-date":"Mon, 01 Sep 2025 15:34:18 GMT","authorization":"SharedKey devstoreaccount1:OgDM7vB/BosEYnTLFzhbuI0RzMBc+iLCsRLMN7UI+T4=","host":"127.0.0.1:10000","connection":"keep-alive","content-length":"0"} ClientIP=127.0.0.1 Protocol=http HTTPVersion=1.1
2025-09-01T15:34:18.248Z 79582f3c-1b43-4c4c-9130-3db6cae45700 info: BlobStorageContextMiddleware: Account=devstoreaccount1 Container=quality-docs Blob=
2025-09-01T15:34:18.248Z 79582f3c-1b43-4c4c-9130-3db6cae45700 verbose: DispatchMiddleware: Dispatching request...
2025-09-01T15:34:18.249Z 79582f3c-1b43-4c4c-9130-3db6cae45700 info: DispatchMiddleware: Operation=Container_Create
2025-09-01T15:34:18.249Z 79582f3c-1b43-4c4c-9130-3db6cae45700 verbose: AuthenticationMiddlewareFactory:createAuthenticationMiddleware() Validating authentications.
2025-09-01T15:34:18.249Z 79582f3c-1b43-4c4c-9130-3db6cae45700 info: PublicAccessAuthenticator:validate() Start validation against public access.
2025-09-01T15:34:18.249Z 79582f3c-1b43-4c4c-9130-3db6cae45700 debug: PublicAccessAuthenticator:validate() Getting account properties...
2025-09-01T15:34:18.249Z 79582f3c-1b43-4c4c-9130-3db6cae45700 debug: PublicAccessAuthenticator:validate() Retrieved account name from context: devstoreaccount1, container: quality-docs, blob: 
2025-09-01T15:34:18.250Z 79582f3c-1b43-4c4c-9130-3db6cae45700 debug: PublicAccessAuthenticator:validate() Public access type for container quality-docs is "container"
2025-09-01T15:34:18.250Z 79582f3c-1b43-4c4c-9130-3db6cae45700 debug: PublicAccessAuthenticator:validate() Operation Container_Create is not in container neither blob level public access list. Validation failed.
2025-09-01T15:34:18.250Z 79582f3c-1b43-4c4c-9130-3db6cae45700 info: BlobSharedKeyAuthenticator:validate() Start validation against account shared key authentication.
2025-09-01T15:34:18.250Z 79582f3c-1b43-4c4c-9130-3db6cae45700 info: BlobSharedKeyAuthenticator:validate() [STRING TO SIGN]:"PUT\n\n\n\n\n\n\n\n\n\n\n\nx-ms-blob-public-access:container\nx-ms-client-request-id:4f2efdac-f9c7-4d59-9d3f-5f1f0fdc43d3\nx-ms-date:Mon, 01 Sep 2025 15:34:18 GMT\nx-ms-version:2025-07-05\n/devstoreaccount1/devstoreaccount1/quality-docs\nrestype:container"
2025-09-01T15:34:18.250Z 79582f3c-1b43-4c4c-9130-3db6cae45700 info: BlobSharedKeyAuthenticator:validate() Calculated authentication header based on key1: SharedKey devstoreaccount1:OgDM7vB/BosEYnTLFzhbuI0RzMBc+iLCsRLMN7UI+T4=
2025-09-01T15:34:18.250Z 79582f3c-1b43-4c4c-9130-3db6cae45700 info: BlobSharedKeyAuthenticator:validate() Signature 1 matched.
2025-09-01T15:34:18.250Z 79582f3c-1b43-4c4c-9130-3db6cae45700 verbose: DeserializerMiddleware: Start deserializing...
2025-09-01T15:34:18.250Z 79582f3c-1b43-4c4c-9130-3db6cae45700 info: HandlerMiddleware: DeserializedParameters={"options":{"metadata":{},"access":"container","requestId":"4f2efdac-f9c7-4d59-9d3f-5f1f0fdc43d3","containerCpkScopeInfo":{}},"restype":"container","version":"2025-07-05"}
2025-09-01T15:34:18.251Z 79582f3c-1b43-4c4c-9130-3db6cae45700 error: ErrorMiddleware: Received a MiddlewareError, fill error information to HTTP response
2025-09-01T15:34:18.251Z 79582f3c-1b43-4c4c-9130-3db6cae45700 error: ErrorMiddleware: ErrorName=StorageError ErrorMessage=The specified container already exists.  ErrorHTTPStatusCode=409 ErrorHTTPStatusMessage=The specified container already exists. ErrorHTTPHeaders={"x-ms-error-code":"ContainerAlreadyExists","x-ms-request-id":"79582f3c-1b43-4c4c-9130-3db6cae45700"} ErrorHTTPBody="<?xml version=\"1.0\" encoding=\"UTF-8\" standalone=\"yes\"?>\n<Error>\n  <Code>ContainerAlreadyExists</Code>\n  <Message>The specified container already exists.\nRequestId:79582f3c-1b43-4c4c-9130-3db6cae45700\nTime:2025-09-01T15:34:18.251Z</Message>\n</Error>" ErrorStack="StorageError: The specified container already exists.\n    at StorageErrorFactory.getContainerAlreadyExists (C:\\QR Portal\\node_modules\\azurite\\dist\\src\\blob\\errors\\StorageErrorFactory.js:23:16)\n    at LokiBlobMetadataStore.createContainer (C:\\QR Portal\\node_modules\\azurite\\dist\\src\\blob\\persistence\\LokiBlobMetadataStore.js:299:49)\n    at ContainerHandler.create (C:\\QR Portal\\node_modules\\azurite\\dist\\src\\blob\\handlers\\ContainerHandler.js:44:34)\n    at C:\\QR Portal\\node_modules\\azurite\\dist\\src\\blob\\generated\\middleware\\HandlerMiddlewareFactory.js:58:18\n    at C:\\QR Portal\\node_modules\\azurite\\dist\\src\\blob\\generated\\ExpressMiddlewareFactory.js:78:63\n    at Layer.handle [as handle_request] (C:\\QR Portal\\node_modules\\azurite\\node_modules\\express\\lib\\router\\layer.js:95:5)\n    at trim_prefix (C:\\QR Portal\\node_modules\\azurite\\node_modules\\express\\lib\\router\\index.js:328:13)\n    at C:\\QR Portal\\node_modules\\azurite\\node_modules\\express\\lib\\router\\index.js:286:9\n    at Function.process_params (C:\\QR Portal\\node_modules\\azurite\\node_modules\\express\\lib\\router\\index.js:346:12)\n    at next (C:\\QR Portal\\node_modules\\azurite\\node_modules\\express\\lib\\router\\index.js:280:10)"
2025-09-01T15:34:18.251Z 79582f3c-1b43-4c4c-9130-3db6cae45700 error: ErrorMiddleware: Set HTTP code: 409
2025-09-01T15:34:18.251Z 79582f3c-1b43-4c4c-9130-3db6cae45700 error: ErrorMiddleware: Set HTTP status message: The specified container already exists.
2025-09-01T15:34:18.251Z 79582f3c-1b43-4c4c-9130-3db6cae45700 error: ErrorMiddleware: Set HTTP Header: x-ms-error-code=ContainerAlreadyExists
2025-09-01T15:34:18.251Z 79582f3c-1b43-4c4c-9130-3db6cae45700 error: ErrorMiddleware: Set HTTP Header: x-ms-request-id=79582f3c-1b43-4c4c-9130-3db6cae45700
2025-09-01T15:34:18.251Z 79582f3c-1b43-4c4c-9130-3db6cae45700 error: ErrorMiddleware: Set content type: application/xml
2025-09-01T15:34:18.251Z 79582f3c-1b43-4c4c-9130-3db6cae45700 error: ErrorMiddleware: Set HTTP body: "<?xml version=\"1.0\" encoding=\"UTF-8\" standalone=\"yes\"?>\n<Error>\n  <Code>ContainerAlreadyExists</Code>\n  <Message>The specified container already exists.\nRequestId:79582f3c-1b43-4c4c-9130-3db6cae45700\nTime:2025-09-01T15:34:18.251Z</Message>\n</Error>"
2025-09-01T15:34:18.251Z 79582f3c-1b43-4c4c-9130-3db6cae45700 verbose: Send Blob telemetry: B_Container_Create
2025-09-01T15:34:18.251Z 79582f3c-1b43-4c4c-9130-3db6cae45700 info: EndMiddleware: End response. TotalTimeInMS=3 StatusCode=409 StatusMessage=The specified container already exists. Headers={"server":"Azurite-Blob/3.35.0","x-ms-error-code":"ContainerAlreadyExists","x-ms-request-id":"79582f3c-1b43-4c4c-9130-3db6cae45700","content-type":"application/xml"}
2025-09-01T15:34:18.260Z 3d51996a-bc7a-4956-a950-b4bd3666bea9 info: BlobStorageContextMiddleware: RequestMethod=DELETE RequestURL=http://127.0.0.1/devstoreaccount1/quality-docs/testing/Continuous-Assessment---1---Cryptography.pdf RequestHeaders:{"x-ms-version":"2025-07-05","accept":"application/xml","user-agent":"azsdk-js-azure-storage-blob/12.28.0 core-rest-pipeline/1.22.0 Node/22.18.0 OS/(x64-Windows_NT-10.0.26100)","x-ms-client-request-id":"b3ff33a4-7934-4f6f-8980-d40620f9e658","x-ms-date":"Mon, 01 Sep 2025 15:34:18 GMT","authorization":"SharedKey devstoreaccount1:2SB0+TwkWJESFOpzrGnXSRblhVU++vs7EULqyIYM7EE=","host":"127.0.0.1:10000","connection":"keep-alive"} ClientIP=127.0.0.1 Protocol=http HTTPVersion=1.1
2025-09-01T15:34:18.260Z 3d51996a-bc7a-4956-a950-b4bd3666bea9 info: BlobStorageContextMiddleware: Account=devstoreaccount1 Container=quality-docs Blob=testing/Continuous-Assessment---1---Cryptography.pdf
2025-09-01T15:34:18.260Z 3d51996a-bc7a-4956-a950-b4bd3666bea9 verbose: DispatchMiddleware: Dispatching request...
2025-09-01T15:34:18.260Z 3d51996a-bc7a-4956-a950-b4bd3666bea9 info: DispatchMiddleware: Operation=Blob_Delete
2025-09-01T15:34:18.261Z 3d51996a-bc7a-4956-a950-b4bd3666bea9 verbose: AuthenticationMiddlewareFactory:createAuthenticationMiddleware() Validating authentications.
2025-09-01T15:34:18.261Z 3d51996a-bc7a-4956-a950-b4bd3666bea9 info: PublicAccessAuthenticator:validate() Start validation against public access.
2025-09-01T15:34:18.261Z 3d51996a-bc7a-4956-a950-b4bd3666bea9 debug: PublicAccessAuthenticator:validate() Getting account properties...
2025-09-01T15:34:18.261Z 3d51996a-bc7a-4956-a950-b4bd3666bea9 debug: PublicAccessAuthenticator:validate() Retrieved account name from context: devstoreaccount1, container: quality-docs, blob: testing/Continuous-Assessment---1---Cryptography.pdf
2025-09-01T15:34:18.261Z 3d51996a-bc7a-4956-a950-b4bd3666bea9 debug: PublicAccessAuthenticator:validate() Public access type for container quality-docs is "container"
2025-09-01T15:34:18.261Z 3d51996a-bc7a-4956-a950-b4bd3666bea9 debug: PublicAccessAuthenticator:validate() Operation Blob_Delete is not in container neither blob level public access list. Validation failed.
2025-09-01T15:34:18.261Z 3d51996a-bc7a-4956-a950-b4bd3666bea9 info: BlobSharedKeyAuthenticator:validate() Start validation against account shared key authentication.
2025-09-01T15:34:18.261Z 3d51996a-bc7a-4956-a950-b4bd3666bea9 info: BlobSharedKeyAuthenticator:validate() [STRING TO SIGN]:"DELETE\n\n\n\n\n\n\n\n\n\n\n\nx-ms-client-request-id:b3ff33a4-7934-4f6f-8980-d40620f9e658\nx-ms-date:Mon, 01 Sep 2025 15:34:18 GMT\nx-ms-version:2025-07-05\n/devstoreaccount1/devstoreaccount1/quality-docs/testing/Continuous-Assessment---1---Cryptography.pdf"
2025-09-01T15:34:18.261Z 3d51996a-bc7a-4956-a950-b4bd3666bea9 info: BlobSharedKeyAuthenticator:validate() Calculated authentication header based on key1: SharedKey devstoreaccount1:2SB0+TwkWJESFOpzrGnXSRblhVU++vs7EULqyIYM7EE=
2025-09-01T15:34:18.261Z 3d51996a-bc7a-4956-a950-b4bd3666bea9 info: BlobSharedKeyAuthenticator:validate() Signature 1 matched.
2025-09-01T15:34:18.261Z 3d51996a-bc7a-4956-a950-b4bd3666bea9 verbose: DeserializerMiddleware: Start deserializing...
2025-09-01T15:34:18.261Z 3d51996a-bc7a-4956-a950-b4bd3666bea9 info: HandlerMiddleware: DeserializedParameters={"options":{"requestId":"b3ff33a4-7934-4f6f-8980-d40620f9e658","leaseAccessConditions":{},"modifiedAccessConditions":{}},"version":"2025-07-05"}
2025-09-01T15:34:18.261Z 3d51996a-bc7a-4956-a950-b4bd3666bea9 verbose: SerializerMiddleware: Start serializing...
2025-09-01T15:34:18.262Z 3d51996a-bc7a-4956-a950-b4bd3666bea9 verbose: Send Blob telemetry: B_Blob_Delete
2025-09-01T15:34:18.262Z 3d51996a-bc7a-4956-a950-b4bd3666bea9 info: EndMiddleware: End response. TotalTimeInMS=2 StatusCode=202 StatusMessage=undefined Headers={"server":"Azurite-Blob/3.35.0","x-ms-client-request-id":"b3ff33a4-7934-4f6f-8980-d40620f9e658","x-ms-request-id":"3d51996a-bc7a-4956-a950-b4bd3666bea9","x-ms-version":"2025-11-05","date":"Mon, 01 Sep 2025 15:34:18 GMT","x-ms-delete-type-permanent":"true"}
2025-09-01T15:35:16.923Z 	 info: AccountDataStore:init() Refresh accounts from environment variable AZURITE_ACCOUNTS with value undefined
2025-09-01T15:35:16.923Z 	 info: AccountDataStore:init() Fallback to default emulator account devstoreaccount1.
2025-09-01T15:35:16.923Z 	 info: AccountDataStore:init() Refresh accounts from environment variable AZURITE_ACCOUNTS with value undefined
2025-09-01T15:35:16.923Z 	 info: AccountDataStore:init() Fallback to default emulator account devstoreaccount1.
2025-09-01T15:35:16.954Z 	 info: QueueGCManager:markSweepLoop() Start new mark and sweep.
2025-09-01T15:35:16.954Z 	 info: QueueGCManger:markSweep() Get all extents.
2025-09-01T15:35:16.954Z 	 info: QueueGCManager:marksweep() Get 0 extents.
2025-09-01T15:35:16.954Z 	 info: QueueGCManager:markSweep() Get referred extents, then remove from allExtents.
2025-09-01T15:35:16.954Z 	 info: QueueGCManager:markSweep() Got referred extents, unreferenced extents count is 0.
2025-09-01T15:35:16.954Z 	 info: QueueGCManager:markSweepLoop() Mark and sweep finished, take 0ms.
2025-09-01T15:35:16.954Z 	 info: QueueGCManager:markSweepLoop() Sleep for 60000
2025-09-01T15:35:16.954Z 	 info: AccountDataStore:init() Refresh accounts from environment variable AZURITE_ACCOUNTS with value undefined
2025-09-01T15:35:16.954Z 	 info: AccountDataStore:init() Fallback to default emulator account devstoreaccount1.
2025-09-01T15:36:14.723Z 	 info: BlobGCManager:markSweepLoop() Start next mark and sweep.
2025-09-01T15:36:14.724Z 	 info: BlobGCManager:markSweep() Get all extents.
2025-09-01T15:36:14.724Z 	 info: BlobGCManager:markSweep() Got 1 extents.
2025-09-01T15:36:14.724Z 	 info: BlobGCManager:markSweep() Get referred extents.
2025-09-01T15:36:14.724Z 	 info: BlobGCManager:markSweep() Got referred extents, unreferenced extents count is 0.
2025-09-01T15:36:14.724Z 	 info: BlobGCManager:markSweepLoop() Mark and sweep finished, taken 0ms.
2025-09-01T15:36:14.724Z 	 info: BlobGCManager:markSweepLoop() Sleep for 600000ms.
2025-09-01T15:36:16.936Z 	 info: AccountDataStore:init() Refresh accounts from environment variable AZURITE_ACCOUNTS with value undefined
2025-09-01T15:36:16.936Z 	 info: AccountDataStore:init() Fallback to default emulator account devstoreaccount1.
2025-09-01T15:36:16.936Z 	 info: AccountDataStore:init() Refresh accounts from environment variable AZURITE_ACCOUNTS with value undefined
2025-09-01T15:36:16.936Z 	 info: AccountDataStore:init() Fallback to default emulator account devstoreaccount1.
2025-09-01T15:36:16.966Z 	 info: QueueGCManager:markSweepLoop() Start new mark and sweep.
2025-09-01T15:36:16.966Z 	 info: QueueGCManger:markSweep() Get all extents.
2025-09-01T15:36:16.966Z 	 info: QueueGCManager:marksweep() Get 0 extents.
2025-09-01T15:36:16.966Z 	 info: QueueGCManager:markSweep() Get referred extents, then remove from allExtents.
2025-09-01T15:36:16.966Z 	 info: QueueGCManager:markSweep() Got referred extents, unreferenced extents count is 0.
2025-09-01T15:36:16.966Z 	 info: QueueGCManager:markSweepLoop() Mark and sweep finished, take 0ms.
2025-09-01T15:36:16.966Z 	 info: QueueGCManager:markSweepLoop() Sleep for 60000
2025-09-01T15:36:16.966Z 	 info: AccountDataStore:init() Refresh accounts from environment variable AZURITE_ACCOUNTS with value undefined
2025-09-01T15:36:16.966Z 	 info: AccountDataStore:init() Fallback to default emulator account devstoreaccount1.
2025-09-01T15:37:16.940Z 	 info: AccountDataStore:init() Refresh accounts from environment variable AZURITE_ACCOUNTS with value undefined
2025-09-01T15:37:16.941Z 	 info: AccountDataStore:init() Fallback to default emulator account devstoreaccount1.
2025-09-01T15:37:16.941Z 	 info: AccountDataStore:init() Refresh accounts from environment variable AZURITE_ACCOUNTS with value undefined
2025-09-01T15:37:16.941Z 	 info: AccountDataStore:init() Fallback to default emulator account devstoreaccount1.
2025-09-01T15:37:16.971Z 	 info: QueueGCManager:markSweepLoop() Start new mark and sweep.
2025-09-01T15:37:16.971Z 	 info: QueueGCManger:markSweep() Get all extents.
2025-09-01T15:37:16.971Z 	 info: QueueGCManager:marksweep() Get 0 extents.
2025-09-01T15:37:16.971Z 	 info: QueueGCManager:markSweep() Get referred extents, then remove from allExtents.
2025-09-01T15:37:16.971Z 	 info: QueueGCManager:markSweep() Got referred extents, unreferenced extents count is 0.
2025-09-01T15:37:16.971Z 	 info: QueueGCManager:markSweepLoop() Mark and sweep finished, take 0ms.
2025-09-01T15:37:16.971Z 	 info: QueueGCManager:markSweepLoop() Sleep for 60000
2025-09-01T15:37:16.971Z 	 info: AccountDataStore:init() Refresh accounts from environment variable AZURITE_ACCOUNTS with value undefined
2025-09-01T15:37:16.971Z 	 info: AccountDataStore:init() Fallback to default emulator account devstoreaccount1.
2025-09-01T15:38:16.950Z 	 info: AccountDataStore:init() Refresh accounts from environment variable AZURITE_ACCOUNTS with value undefined
2025-09-01T15:38:16.950Z 	 info: AccountDataStore:init() Fallback to default emulator account devstoreaccount1.
2025-09-01T15:38:16.950Z 	 info: AccountDataStore:init() Refresh accounts from environment variable AZURITE_ACCOUNTS with value undefined
2025-09-01T15:38:16.950Z 	 info: AccountDataStore:init() Fallback to default emulator account devstoreaccount1.
2025-09-01T15:38:16.980Z 	 info: QueueGCManager:markSweepLoop() Start new mark and sweep.
2025-09-01T15:38:16.980Z 	 info: QueueGCManger:markSweep() Get all extents.
2025-09-01T15:38:16.980Z 	 info: QueueGCManager:marksweep() Get 0 extents.
2025-09-01T15:38:16.980Z 	 info: QueueGCManager:markSweep() Get referred extents, then remove from allExtents.
2025-09-01T15:38:16.980Z 	 info: QueueGCManager:markSweep() Got referred extents, unreferenced extents count is 0.
2025-09-01T15:38:16.980Z 	 info: QueueGCManager:markSweepLoop() Mark and sweep finished, take 0ms.
2025-09-01T15:38:16.980Z 	 info: QueueGCManager:markSweepLoop() Sleep for 60000
2025-09-01T15:38:16.980Z 	 info: AccountDataStore:init() Refresh accounts from environment variable AZURITE_ACCOUNTS with value undefined
2025-09-01T15:38:16.980Z 	 info: AccountDataStore:init() Fallback to default emulator account devstoreaccount1.
2025-09-01T15:39:16.957Z 	 info: AccountDataStore:init() Refresh accounts from environment variable AZURITE_ACCOUNTS with value undefined
2025-09-01T15:39:16.957Z 	 info: AccountDataStore:init() Fallback to default emulator account devstoreaccount1.
2025-09-01T15:39:16.957Z 	 info: AccountDataStore:init() Refresh accounts from environment variable AZURITE_ACCOUNTS with value undefined
2025-09-01T15:39:16.957Z 	 info: AccountDataStore:init() Fallback to default emulator account devstoreaccount1.
2025-09-01T15:39:16.988Z 	 info: QueueGCManager:markSweepLoop() Start new mark and sweep.
2025-09-01T15:39:16.988Z 	 info: QueueGCManger:markSweep() Get all extents.
2025-09-01T15:39:16.988Z 	 info: QueueGCManager:marksweep() Get 0 extents.
2025-09-01T15:39:16.988Z 	 info: QueueGCManager:markSweep() Get referred extents, then remove from allExtents.
2025-09-01T15:39:16.988Z 	 info: QueueGCManager:markSweep() Got referred extents, unreferenced extents count is 0.
2025-09-01T15:39:16.988Z 	 info: QueueGCManager:markSweepLoop() Mark and sweep finished, take 0ms.
2025-09-01T15:39:16.988Z 	 info: QueueGCManager:markSweepLoop() Sleep for 60000
2025-09-01T15:39:16.988Z 	 info: AccountDataStore:init() Refresh accounts from environment variable AZURITE_ACCOUNTS with value undefined
2025-09-01T15:39:16.988Z 	 info: AccountDataStore:init() Fallback to default emulator account devstoreaccount1.
2025-09-01T15:40:16.965Z 	 info: AccountDataStore:init() Refresh accounts from environment variable AZURITE_ACCOUNTS with value undefined
2025-09-01T15:40:16.965Z 	 info: AccountDataStore:init() Fallback to default emulator account devstoreaccount1.
2025-09-01T15:40:16.965Z 	 info: AccountDataStore:init() Refresh accounts from environment variable AZURITE_ACCOUNTS with value undefined
2025-09-01T15:40:16.965Z 	 info: AccountDataStore:init() Fallback to default emulator account devstoreaccount1.
2025-09-01T15:40:16.996Z 	 info: QueueGCManager:markSweepLoop() Start new mark and sweep.
2025-09-01T15:40:16.996Z 	 info: QueueGCManger:markSweep() Get all extents.
2025-09-01T15:40:16.996Z 	 info: QueueGCManager:marksweep() Get 0 extents.
2025-09-01T15:40:16.996Z 	 info: QueueGCManager:markSweep() Get referred extents, then remove from allExtents.
2025-09-01T15:40:16.996Z 	 info: QueueGCManager:markSweep() Got referred extents, unreferenced extents count is 0.
2025-09-01T15:40:16.996Z 	 info: QueueGCManager:markSweepLoop() Mark and sweep finished, take 0ms.
2025-09-01T15:40:16.996Z 	 info: QueueGCManager:markSweepLoop() Sleep for 60000
2025-09-01T15:40:16.997Z 	 info: AccountDataStore:init() Refresh accounts from environment variable AZURITE_ACCOUNTS with value undefined
2025-09-01T15:40:16.997Z 	 info: AccountDataStore:init() Fallback to default emulator account devstoreaccount1.
2025-09-01T15:41:16.976Z 	 info: AccountDataStore:init() Refresh accounts from environment variable AZURITE_ACCOUNTS with value undefined
2025-09-01T15:41:16.976Z 	 info: AccountDataStore:init() Fallback to default emulator account devstoreaccount1.
2025-09-01T15:41:16.976Z 	 info: AccountDataStore:init() Refresh accounts from environment variable AZURITE_ACCOUNTS with value undefined
2025-09-01T15:41:16.976Z 	 info: AccountDataStore:init() Fallback to default emulator account devstoreaccount1.
2025-09-01T15:41:17.007Z 	 info: QueueGCManager:markSweepLoop() Start new mark and sweep.
2025-09-01T15:41:17.007Z 	 info: QueueGCManger:markSweep() Get all extents.
2025-09-01T15:41:17.007Z 	 info: QueueGCManager:marksweep() Get 0 extents.
2025-09-01T15:41:17.007Z 	 info: QueueGCManager:markSweep() Get referred extents, then remove from allExtents.
2025-09-01T15:41:17.007Z 	 info: QueueGCManager:markSweep() Got referred extents, unreferenced extents count is 0.
2025-09-01T15:41:17.007Z 	 info: QueueGCManager:markSweepLoop() Mark and sweep finished, take 0ms.
2025-09-01T15:41:17.007Z 	 info: QueueGCManager:markSweepLoop() Sleep for 60000
2025-09-01T15:41:17.007Z 	 info: AccountDataStore:init() Refresh accounts from environment variable AZURITE_ACCOUNTS with value undefined
2025-09-01T15:41:17.007Z 	 info: AccountDataStore:init() Fallback to default emulator account devstoreaccount1.
2025-09-01T15:42:16.979Z 	 info: AccountDataStore:init() Refresh accounts from environment variable AZURITE_ACCOUNTS with value undefined
2025-09-01T15:42:16.979Z 	 info: AccountDataStore:init() Fallback to default emulator account devstoreaccount1.
2025-09-01T15:42:16.979Z 	 info: AccountDataStore:init() Refresh accounts from environment variable AZURITE_ACCOUNTS with value undefined
2025-09-01T15:42:16.979Z 	 info: AccountDataStore:init() Fallback to default emulator account devstoreaccount1.
2025-09-01T15:42:17.010Z 	 info: QueueGCManager:markSweepLoop() Start new mark and sweep.
2025-09-01T15:42:17.010Z 	 info: QueueGCManger:markSweep() Get all extents.
2025-09-01T15:42:17.010Z 	 info: QueueGCManager:marksweep() Get 0 extents.
2025-09-01T15:42:17.010Z 	 info: QueueGCManager:markSweep() Get referred extents, then remove from allExtents.
2025-09-01T15:42:17.010Z 	 info: QueueGCManager:markSweep() Got referred extents, unreferenced extents count is 0.
2025-09-01T15:42:17.010Z 	 info: QueueGCManager:markSweepLoop() Mark and sweep finished, take 0ms.
2025-09-01T15:42:17.010Z 	 info: QueueGCManager:markSweepLoop() Sleep for 60000
2025-09-01T15:42:17.010Z 	 info: AccountDataStore:init() Refresh accounts from environment variable AZURITE_ACCOUNTS with value undefined
2025-09-01T15:42:17.010Z 	 info: AccountDataStore:init() Fallback to default emulator account devstoreaccount1.
2025-09-01T15:43:16.981Z 	 info: AccountDataStore:init() Refresh accounts from environment variable AZURITE_ACCOUNTS with value undefined
2025-09-01T15:43:16.981Z 	 info: AccountDataStore:init() Fallback to default emulator account devstoreaccount1.
2025-09-01T15:43:16.981Z 	 info: AccountDataStore:init() Refresh accounts from environment variable AZURITE_ACCOUNTS with value undefined
2025-09-01T15:43:16.981Z 	 info: AccountDataStore:init() Fallback to default emulator account devstoreaccount1.
2025-09-01T15:43:17.012Z 	 info: QueueGCManager:markSweepLoop() Start new mark and sweep.
2025-09-01T15:43:17.013Z 	 info: QueueGCManger:markSweep() Get all extents.
2025-09-01T15:43:17.013Z 	 info: QueueGCManager:marksweep() Get 0 extents.
2025-09-01T15:43:17.013Z 	 info: QueueGCManager:markSweep() Get referred extents, then remove from allExtents.
2025-09-01T15:43:17.013Z 	 info: QueueGCManager:markSweep() Got referred extents, unreferenced extents count is 0.
2025-09-01T15:43:17.013Z 	 info: QueueGCManager:markSweepLoop() Mark and sweep finished, take 0ms.
2025-09-01T15:43:17.013Z 	 info: QueueGCManager:markSweepLoop() Sleep for 60000
2025-09-01T15:43:17.013Z 	 info: AccountDataStore:init() Refresh accounts from environment variable AZURITE_ACCOUNTS with value undefined
2025-09-01T15:43:17.013Z 	 info: AccountDataStore:init() Fallback to default emulator account devstoreaccount1.
2025-09-01T15:44:16.986Z 	 info: AccountDataStore:init() Refresh accounts from environment variable AZURITE_ACCOUNTS with value undefined
2025-09-01T15:44:16.987Z 	 info: AccountDataStore:init() Fallback to default emulator account devstoreaccount1.
2025-09-01T15:44:16.987Z 	 info: AccountDataStore:init() Refresh accounts from environment variable AZURITE_ACCOUNTS with value undefined
2025-09-01T15:44:16.987Z 	 info: AccountDataStore:init() Fallback to default emulator account devstoreaccount1.
2025-09-01T15:44:17.018Z 	 info: QueueGCManager:markSweepLoop() Start new mark and sweep.
2025-09-01T15:44:17.018Z 	 info: QueueGCManger:markSweep() Get all extents.
2025-09-01T15:44:17.018Z 	 info: QueueGCManager:marksweep() Get 0 extents.
2025-09-01T15:44:17.018Z 	 info: QueueGCManager:markSweep() Get referred extents, then remove from allExtents.
2025-09-01T15:44:17.018Z 	 info: QueueGCManager:markSweep() Got referred extents, unreferenced extents count is 0.
2025-09-01T15:44:17.018Z 	 info: QueueGCManager:markSweepLoop() Mark and sweep finished, take 0ms.
2025-09-01T15:44:17.018Z 	 info: QueueGCManager:markSweepLoop() Sleep for 60000
2025-09-01T15:44:17.018Z 	 info: AccountDataStore:init() Refresh accounts from environment variable AZURITE_ACCOUNTS with value undefined
2025-09-01T15:44:17.018Z 	 info: AccountDataStore:init() Fallback to default emulator account devstoreaccount1.
2025-09-01T15:45:16.999Z 	 info: AccountDataStore:init() Refresh accounts from environment variable AZURITE_ACCOUNTS with value undefined
2025-09-01T15:45:16.999Z 	 info: AccountDataStore:init() Fallback to default emulator account devstoreaccount1.
2025-09-01T15:45:17.000Z 	 info: AccountDataStore:init() Refresh accounts from environment variable AZURITE_ACCOUNTS with value undefined
2025-09-01T15:45:17.000Z 	 info: AccountDataStore:init() Fallback to default emulator account devstoreaccount1.
2025-09-01T15:45:17.030Z 	 info: QueueGCManager:markSweepLoop() Start new mark and sweep.
2025-09-01T15:45:17.030Z 	 info: QueueGCManger:markSweep() Get all extents.
2025-09-01T15:45:17.030Z 	 info: QueueGCManager:marksweep() Get 0 extents.
2025-09-01T15:45:17.030Z 	 info: QueueGCManager:markSweep() Get referred extents, then remove from allExtents.
2025-09-01T15:45:17.030Z 	 info: QueueGCManager:markSweep() Got referred extents, unreferenced extents count is 0.
2025-09-01T15:45:17.030Z 	 info: QueueGCManager:markSweepLoop() Mark and sweep finished, take 0ms.
2025-09-01T15:45:17.030Z 	 info: QueueGCManager:markSweepLoop() Sleep for 60000
2025-09-01T15:45:17.030Z 	 info: AccountDataStore:init() Refresh accounts from environment variable AZURITE_ACCOUNTS with value undefined
2025-09-01T15:45:17.030Z 	 info: AccountDataStore:init() Fallback to default emulator account devstoreaccount1.
2025-09-01T15:46:14.729Z 	 info: BlobGCManager:markSweepLoop() Start next mark and sweep.
2025-09-01T15:46:14.729Z 	 info: BlobGCManager:markSweep() Get all extents.
2025-09-01T15:46:14.729Z 	 info: BlobGCManager:markSweep() Got 1 extents.
2025-09-01T15:46:14.729Z 	 info: BlobGCManager:markSweep() Get referred extents.
2025-09-01T15:46:14.729Z 	 info: BlobGCManager:markSweep() Got referred extents, unreferenced extents count is 0.
2025-09-01T15:46:14.729Z 	 info: BlobGCManager:markSweepLoop() Mark and sweep finished, taken 0ms.
2025-09-01T15:46:14.729Z 	 info: BlobGCManager:markSweepLoop() Sleep for 600000ms.
2025-09-01T15:46:17.006Z 	 info: AccountDataStore:init() Refresh accounts from environment variable AZURITE_ACCOUNTS with value undefined
2025-09-01T15:46:17.006Z 	 info: AccountDataStore:init() Fallback to default emulator account devstoreaccount1.
2025-09-01T15:46:17.006Z 	 info: AccountDataStore:init() Refresh accounts from environment variable AZURITE_ACCOUNTS with value undefined
2025-09-01T15:46:17.006Z 	 info: AccountDataStore:init() Fallback to default emulator account devstoreaccount1.
2025-09-01T15:46:17.036Z 	 info: QueueGCManager:markSweepLoop() Start new mark and sweep.
2025-09-01T15:46:17.036Z 	 info: QueueGCManger:markSweep() Get all extents.
2025-09-01T15:46:17.036Z 	 info: QueueGCManager:marksweep() Get 0 extents.
2025-09-01T15:46:17.036Z 	 info: QueueGCManager:markSweep() Get referred extents, then remove from allExtents.
2025-09-01T15:46:17.036Z 	 info: QueueGCManager:markSweep() Got referred extents, unreferenced extents count is 0.
2025-09-01T15:46:17.036Z 	 info: QueueGCManager:markSweepLoop() Mark and sweep finished, take 0ms.
2025-09-01T15:46:17.036Z 	 info: QueueGCManager:markSweepLoop() Sleep for 60000
2025-09-01T15:46:17.037Z 	 info: AccountDataStore:init() Refresh accounts from environment variable AZURITE_ACCOUNTS with value undefined
2025-09-01T15:46:17.037Z 	 info: AccountDataStore:init() Fallback to default emulator account devstoreaccount1.
2025-09-01T15:47:17.012Z 	 info: AccountDataStore:init() Refresh accounts from environment variable AZURITE_ACCOUNTS with value undefined
2025-09-01T15:47:17.012Z 	 info: AccountDataStore:init() Fallback to default emulator account devstoreaccount1.
2025-09-01T15:47:17.012Z 	 info: AccountDataStore:init() Refresh accounts from environment variable AZURITE_ACCOUNTS with value undefined
2025-09-01T15:47:17.012Z 	 info: AccountDataStore:init() Fallback to default emulator account devstoreaccount1.
2025-09-01T15:47:17.043Z 	 info: QueueGCManager:markSweepLoop() Start new mark and sweep.
2025-09-01T15:47:17.043Z 	 info: QueueGCManger:markSweep() Get all extents.
2025-09-01T15:47:17.043Z 	 info: QueueGCManager:marksweep() Get 0 extents.
2025-09-01T15:47:17.043Z 	 info: QueueGCManager:markSweep() Get referred extents, then remove from allExtents.
2025-09-01T15:47:17.043Z 	 info: QueueGCManager:markSweep() Got referred extents, unreferenced extents count is 0.
2025-09-01T15:47:17.043Z 	 info: QueueGCManager:markSweepLoop() Mark and sweep finished, take 0ms.
2025-09-01T15:47:17.043Z 	 info: QueueGCManager:markSweepLoop() Sleep for 60000
2025-09-01T15:47:17.043Z 	 info: AccountDataStore:init() Refresh accounts from environment variable AZURITE_ACCOUNTS with value undefined
2025-09-01T15:47:17.043Z 	 info: AccountDataStore:init() Fallback to default emulator account devstoreaccount1.
2025-09-01T15:48:17.027Z 	 info: AccountDataStore:init() Refresh accounts from environment variable AZURITE_ACCOUNTS with value undefined
2025-09-01T15:48:17.027Z 	 info: AccountDataStore:init() Fallback to default emulator account devstoreaccount1.
2025-09-01T15:48:17.027Z 	 info: AccountDataStore:init() Refresh accounts from environment variable AZURITE_ACCOUNTS with value undefined
2025-09-01T15:48:17.027Z 	 info: AccountDataStore:init() Fallback to default emulator account devstoreaccount1.
2025-09-01T15:48:17.057Z 	 info: QueueGCManager:markSweepLoop() Start new mark and sweep.
2025-09-01T15:48:17.057Z 	 info: QueueGCManger:markSweep() Get all extents.
2025-09-01T15:48:17.057Z 	 info: QueueGCManager:marksweep() Get 0 extents.
2025-09-01T15:48:17.057Z 	 info: QueueGCManager:markSweep() Get referred extents, then remove from allExtents.
2025-09-01T15:48:17.057Z 	 info: QueueGCManager:markSweep() Got referred extents, unreferenced extents count is 0.
2025-09-01T15:48:17.057Z 	 info: QueueGCManager:markSweepLoop() Mark and sweep finished, take 0ms.
2025-09-01T15:48:17.057Z 	 info: QueueGCManager:markSweepLoop() Sleep for 60000
2025-09-01T15:48:17.057Z 	 info: AccountDataStore:init() Refresh accounts from environment variable AZURITE_ACCOUNTS with value undefined
2025-09-01T15:48:17.057Z 	 info: AccountDataStore:init() Fallback to default emulator account devstoreaccount1.
2025-09-01T15:49:17.032Z 	 info: AccountDataStore:init() Refresh accounts from environment variable AZURITE_ACCOUNTS with value undefined
2025-09-01T15:49:17.032Z 	 info: AccountDataStore:init() Fallback to default emulator account devstoreaccount1.
2025-09-01T15:49:17.032Z 	 info: AccountDataStore:init() Refresh accounts from environment variable AZURITE_ACCOUNTS with value undefined
2025-09-01T15:49:17.032Z 	 info: AccountDataStore:init() Fallback to default emulator account devstoreaccount1.
2025-09-01T15:49:17.062Z 	 info: QueueGCManager:markSweepLoop() Start new mark and sweep.
2025-09-01T15:49:17.062Z 	 info: QueueGCManger:markSweep() Get all extents.
2025-09-01T15:49:17.062Z 	 info: QueueGCManager:marksweep() Get 0 extents.
2025-09-01T15:49:17.062Z 	 info: QueueGCManager:markSweep() Get referred extents, then remove from allExtents.
2025-09-01T15:49:17.062Z 	 info: QueueGCManager:markSweep() Got referred extents, unreferenced extents count is 0.
2025-09-01T15:49:17.062Z 	 info: QueueGCManager:markSweepLoop() Mark and sweep finished, take 0ms.
2025-09-01T15:49:17.062Z 	 info: QueueGCManager:markSweepLoop() Sleep for 60000
2025-09-01T15:49:17.063Z 	 info: AccountDataStore:init() Refresh accounts from environment variable AZURITE_ACCOUNTS with value undefined
2025-09-01T15:49:17.063Z 	 info: AccountDataStore:init() Fallback to default emulator account devstoreaccount1.
2025-09-01T15:50:03.926Z 	 verbose: Send stop telemetry
2025-09-01T15:50:03.927Z 	 info: Azurite Blob service is closing...
2025-09-01T15:50:03.928Z 	 info: Azurite Queue service is closing...
2025-09-01T15:50:03.928Z 	 info: Azurite Table service is closing...
2025-09-01T15:50:03.928Z 	 info: BlobGCManager:close() Start closing BlobGCManager. Set status to Closing.
2025-09-01T15:50:03.929Z 	 info: QueueGCManager:close() Start closing QueueGCManager, set status to Closing.
2025-09-01T15:50:03.929Z 	 info: BlobGCManager:start() Mark and sweep loop is closed.
2025-09-01T15:50:03.929Z 	 info: BlobGCManager:close() BlobGCManager successfully closed. Set status to Closed.
2025-09-01T15:50:03.929Z 	 info: QueueGCManager:start() Mark and sweep loop is closed.
2025-09-01T15:50:03.929Z 	 info: QueueGCManager:close() QueueGCManager successfully closed, set status to Closed.
2025-09-01T15:50:03.929Z 	 info: Azurite Table service successfully closed
2025-09-01T15:50:03.930Z 	 info: Azurite Blob service successfully closed
2025-09-01T15:50:03.930Z 	 info: Azurite Queue service successfully closed
